{
    "type":  "FeatureCollection",
    "features":  [
                     {
                         "type":  "Feature",
                         "properties":  {
                                            "name":  "F1 KH to ZONE E Harmon Crossings"
                                        },
                         "geometry":  {
                                          "coordinates":  [
                                                              [
                                                                  -115.239941,
                                                                  36.0777171
                                                              ],
                                                              [
                                                                  -115.239921,
                                                                  36.0778291
                                                              ],
                                                              [
                                                                  -115.239604,
                                                                  36.0778421
                                                              ],
                                                              [
                                                                  -115.239221,
                                                                  36.0778551
                                                              ],
                                                              [
                                                                  -115.238737,
                                                                  36.0779071
                                                              ],
                                                              [
                                                                  -115.238174,
                                                                  36.0779141
                                                              ],
                                                              [
                                                                  -115.237553,
                                                                  36.0779251
                                                              ],
                                                              [
                                                                  -115.236739,
                                                                  36.0779471
                                                              ],
                                                              [
                                                                  -115.236342,
                                                                  36.0779561
                                                              ],
                                                              [
                                                                  -115.235941,
                                                                  36.0779671
                                                              ],
                                                              [
                                                                  -115.235171,
                                                                  36.0779671
                                                              ],
                                                              [
                                                                  -115.234505,
                                                                  36.0779731
                                                              ],
                                                              [
                                                                  -115.2339771,
                                                                  36.0779863
                                                              ],
                                                              [
                                                                  -115.2337694,
                                                                  36.0779874
                                                              ],
                                                              [
                                                                  -115.2336878,
                                                                  36.0780298
                                                              ],
                                                              [
                                                                  -115.23373,
                                                                  36.0785441
                                                              ],
                                                              [
                                                                  -115.233738,
                                                                  36.0787211
                                                              ],
                                                              [
                                                                  -115.233763,
                                                                  36.0792571
                                                              ],
                                                              [
                                                                  -115.233774,
                                                                  36.0795291
                                                              ],
                                                              [
                                                                  -115.233778,
                                                                  36.0797901
                                                              ],
                                                              [
                                                                  -115.233783,
                                                                  36.0798271
                                                              ],
                                                              [
                                                                  -115.233803,
                                                                  36.0800851
                                                              ],
                                                              [
                                                                  -115.233813,
                                                                  36.0803441
                                                              ],
                                                              [
                                                                  -115.233824,
                                                                  36.0806051
                                                              ],
                                                              [
                                                                  -115.233832,
                                                                  36.0807841
                                                              ],
                                                              [
                                                                  -115.233836,
                                                                  36.0809381
                                                              ],
                                                              [
                                                                  -115.233852,
                                                                  36.0812871
                                                              ],
                                                              [
                                                                  -115.233874,
                                                                  36.0816331
                                                              ],
                                                              [
                                                                  -115.233917,
                                                                  36.0825421
                                                              ],
                                                              [
                                                                  -115.233937,
                                                                  36.0829941
                                                              ],
                                                              [
                                                                  -115.233947,
                                                                  36.0832211
                                                              ],
                                                              [
                                                                  -115.233959,
                                                                  36.0834451
                                                              ],
                                                              [
                                                                  -115.233985,
                                                                  36.0840551
                                                              ],
                                                              [
                                                                  -115.233999,
                                                                  36.0843601
                                                              ],
                                                              [
                                                                  -115.2340046,
                                                                  36.084534
                                                              ],
                                                              [
                                                                  -115.233978,
                                                                  36.0846971
                                                              ],
                                                              [
                                                                  -115.233977,
                                                                  36.0847321
                                                              ],
                                                              [
                                                                  -115.233967,
                                                                  36.0847951
                                                              ],
                                                              [
                                                                  -115.233971,
                                                                  36.0848691
                                                              ],
                                                              [
                                                                  -115.233973,
                                                                  36.0848931
                                                              ],
                                                              [
                                                                  -115.233975,
                                                                  36.0849151
                                                              ],
                                                              [
                                                                  -115.233969,
                                                                  36.0849631
                                                              ],
                                                              [
                                                                  -115.233971,
                                                                  36.0850171
                                                              ],
                                                              [
                                                                  -115.233961,
                                                                  36.0850911
                                                              ],
                                                              [
                                                                  -115.233912,
                                                                  36.0851551
                                                              ],
                                                              [
                                                                  -115.2337852,
                                                                  36.0851895
                                                              ],
                                                              [
                                                                  -115.233645,
                                                                  36.0851936
                                                              ],
                                                              [
                                                                  -115.233387,
                                                                  36.0852111
                                                              ],
                                                              [
                                                                  -115.233296,
                                                                  36.0852181
                                                              ],
                                                              [
                                                                  -115.232922,
                                                                  36.0852381
                                                              ],
                                                              [
                                                                  -115.232545,
                                                                  36.0852461
                                                              ],
                                                              [
                                                                  -115.232205,
                                                                  36.0852471
                                                              ],
                                                              [
                                                                  -115.231855,
                                                                  36.0852561
                                                              ],
                                                              [
                                                                  -115.231288,
                                                                  36.0852621
                                                              ],
                                                              [
                                                                  -115.230592,
                                                                  36.0852731
                                                              ],
                                                              [
                                                                  -115.230154,
                                                                  36.0852821
                                                              ],
                                                              [
                                                                  -115.229682,
                                                                  36.0852911
                                                              ],
                                                              [
                                                                  -115.229053,
                                                                  36.0853001
                                                              ],
                                                              [
                                                                  -115.228653,
                                                                  36.0853081
                                                              ],
                                                              [
                                                                  -115.228064,
                                                                  36.0853151
                                                              ],
                                                              [
                                                                  -115.227777,
                                                                  36.0853171
                                                              ],
                                                              [
                                                                  -115.227629,
                                                                  36.0853178
                                                              ],
                                                              [
                                                                  -115.227481,
                                                                  36.0853381
                                                              ],
                                                              [
                                                                  -115.227216,
                                                                  36.0853431
                                                              ],
                                                              [
                                                                  -115.2270755,
                                                                  36.0853434
                                                              ],
                                                              [
                                                                  -115.2270132,
                                                                  36.085349
                                                              ],
                                                              [
                                                                  -115.226951,
                                                                  36.0853611
                                                              ],
                                                              [
                                                                  -115.226743,
                                                                  36.0853331
                                                              ],
                                                              [
                                                                  -115.226584,
                                                                  36.0853381
                                                              ],
                                                              [
                                                                  -115.2264365,
                                                                  36.0853463
                                                              ],
                                                              [
                                                                  -115.226289,
                                                                  36.0853371
                                                              ],
                                                              [
                                                                  -115.2262409,
                                                                  36.085325
                                                              ],
                                                              [
                                                                  -115.2261875,
                                                                  36.0853258
                                                              ],
                                                              [
                                                                  -115.2260036,
                                                                  36.0853325
                                                              ],
                                                              [
                                                                  -115.2255962,
                                                                  36.0853463
                                                              ],
                                                              [
                                                                  -115.225202,
                                                                  36.0853571
                                                              ],
                                                              [
                                                                  -115.2245003,
                                                                  36.0853868
                                                              ],
                                                              [
                                                                  -115.224283,
                                                                  36.0854011
                                                              ],
                                                              [
                                                                  -115.224216,
                                                                  36.0854061
                                                              ],
                                                              [
                                                                  -115.224169,
                                                                  36.0854161
                                                              ],
                                                              [
                                                                  -115.224084,
                                                                  36.0854231
                                                              ],
                                                              [
                                                                  -115.2238,
                                                                  36.0854427
                                                              ],
                                                              [
                                                                  -115.223133,
                                                                  36.0854811
                                                              ],
                                                              [
                                                                  -115.222563,
                                                                  36.0855061
                                                              ],
                                                              [
                                                                  -115.221989,
                                                                  36.0855431
                                                              ],
                                                              [
                                                                  -115.221812,
                                                                  36.0855531
                                                              ],
                                                              [
                                                                  -115.221373,
                                                                  36.0855716
                                                              ],
                                                              [
                                                                  -115.220934,
                                                                  36.0855971
                                                              ],
                                                              [
                                                                  -115.220511,
                                                                  36.0856171
                                                              ],
                                                              [
                                                                  -115.220052,
                                                                  36.0856421
                                                              ],
                                                              [
                                                                  -115.219404,
                                                                  36.0856821
                                                              ],
                                                              [
                                                                  -115.218733,
                                                                  36.0857191
                                                              ],
                                                              [
                                                                  -115.218496,
                                                                  36.0857331
                                                              ],
                                                              [
                                                                  -115.218222,
                                                                  36.0857531
                                                              ],
                                                              [
                                                                  -115.217863,
                                                                  36.0857681
                                                              ],
                                                              [
                                                                  -115.217354,
                                                                  36.0857941
                                                              ],
                                                              [
                                                                  -115.216596,
                                                                  36.0858391
                                                              ],
                                                              [
                                                                  -115.215616,
                                                                  36.0858991
                                                              ],
                                                              [
                                                                  -115.215164,
                                                                  36.0859221
                                                              ],
                                                              [
                                                                  -115.214504,
                                                                  36.0859561
                                                              ],
                                                              [
                                                                  -115.213993,
                                                                  36.0859861
                                                              ],
                                                              [
                                                                  -115.213761,
                                                                  36.0860001
                                                              ],
                                                              [
                                                                  -115.213535,
                                                                  36.0860111
                                                              ],
                                                              [
                                                                  -115.213114,
                                                                  36.0860381
                                                              ],
                                                              [
                                                                  -115.212888,
                                                                  36.0860481
                                                              ],
                                                              [
                                                                  -115.21256,
                                                                  36.0860571
                                                              ],
                                                              [
                                                                  -115.212235,
                                                                  36.0860867
                                                              ],
                                                              [
                                                                  -115.2119082,
                                                                  36.0861052
                                                              ],
                                                              [
                                                                  -115.211584,
                                                                  36.0861151
                                                              ],
                                                              [
                                                                  -115.210938,
                                                                  36.0861531
                                                              ],
                                                              [
                                                                  -115.210124,
                                                                  36.0861941
                                                              ],
                                                              [
                                                                  -115.209563,
                                                                  36.0862241
                                                              ],
                                                              [
                                                                  -115.2091017,
                                                                  36.0862671
                                                              ],
                                                              [
                                                                  -115.2088464,
                                                                  36.0862595
                                                              ],
                                                              [
                                                                  -115.2080437,
                                                                  36.0862998
                                                              ],
                                                              [
                                                                  -115.2074489,
                                                                  36.0863047
                                                              ],
                                                              [
                                                                  -115.2066443,
                                                                  36.0863049
                                                              ],
                                                              [
                                                                  -115.206363,
                                                                  36.0863206
                                                              ],
                                                              [
                                                                  -115.206114,
                                                                  36.0863211
                                                              ],
                                                              [
                                                                  -115.20571,
                                                                  36.0863191
                                                              ],
                                                              [
                                                                  -115.205294,
                                                                  36.0863131
                                                              ],
                                                              [
                                                                  -115.204881,
                                                                  36.0863141
                                                              ],
                                                              [
                                                                  -115.204747,
                                                                  36.0863201
                                                              ],
                                                              [
                                                                  -115.204598,
                                                                  36.0863361
                                                              ],
                                                              [
                                                                  -115.2044303,
                                                                  36.0863327
                                                              ],
                                                              [
                                                                  -115.2042612,
                                                                  36.0863054
                                                              ],
                                                              [
                                                                  -115.203838,
                                                                  36.0863111
                                                              ],
                                                              [
                                                                  -115.2035526,
                                                                  36.0863142
                                                              ],
                                                              [
                                                                  -115.2031633,
                                                                  36.0863073
                                                              ],
                                                              [
                                                                  -115.202513,
                                                                  36.0863111
                                                              ],
                                                              [
                                                                  -115.201907,
                                                                  36.0863071
                                                              ],
                                                              [
                                                                  -115.2014693,
                                                                  36.0863095
                                                              ],
                                                              [
                                                                  -115.201028,
                                                                  36.0863051
                                                              ],
                                                              [
                                                                  -115.2002897,
                                                                  36.0863047
                                                              ],
                                                              [
                                                                  -115.1998926,
                                                                  36.0863008
                                                              ],
                                                              [
                                                                  -115.199174,
                                                                  36.0863007
                                                              ],
                                                              [
                                                                  -115.198806,
                                                                  36.0862951
                                                              ],
                                                              [
                                                                  -115.19842,
                                                                  36.0862951
                                                              ],
                                                              [
                                                                  -115.197725,
                                                                  36.0862961
                                                              ],
                                                              [
                                                                  -115.196884,
                                                                  36.0863011
                                                              ],
                                                              [
                                                                  -115.1958267,
                                                                  36.0863076
                                                              ],
                                                              [
                                                                  -115.195322,
                                                                  36.0863011
                                                              ],
                                                              [
                                                                  -115.1951943,
                                                                  36.0862702
                                                              ],
                                                              [
                                                                  -115.195031,
                                                                  36.0862928
                                                              ],
                                                              [
                                                                  -115.194857,
                                                                  36.0862981
                                                              ],
                                                              [
                                                                  -115.194512,
                                                                  36.0862961
                                                              ],
                                                              [
                                                                  -115.1942156,
                                                                  36.0862925
                                                              ],
                                                              [
                                                                  -115.193622,
                                                                  36.0863011
                                                              ],
                                                              [
                                                                  -115.192998,
                                                                  36.0863086
                                                              ],
                                                              [
                                                                  -115.1927043,
                                                                  36.0863044
                                                              ],
                                                              [
                                                                  -115.192231,
                                                                  36.0862871
                                                              ],
                                                              [
                                                                  -115.191803,
                                                                  36.0862801
                                                              ],
                                                              [
                                                                  -115.19121,
                                                                  36.0862831
                                                              ],
                                                              [
                                                                  -115.191091,
                                                                  36.0862811
                                                              ],
                                                              [
                                                                  -115.190691,
                                                                  36.0862811
                                                              ],
                                                              [
                                                                  -115.189971,
                                                                  36.0862787
                                                              ],
                                                              [
                                                                  -115.189591,
                                                                  36.0862751
                                                              ],
                                                              [
                                                                  -115.189382,
                                                                  36.0862681
                                                              ],
                                                              [
                                                                  -115.188782,
                                                                  36.0862476
                                                              ],
                                                              [
                                                                  -115.188652,
                                                                  36.0862511
                                                              ],
                                                              [
                                                                  -115.188522,
                                                                  36.0862531
                                                              ],
                                                              [
                                                                  -115.188238,
                                                                  36.0862491
                                                              ],
                                                              [
                                                                  -115.1879749,
                                                                  36.0862436
                                                              ],
                                                              [
                                                                  -115.187803,
                                                                  36.0862411
                                                              ],
                                                              [
                                                                  -115.187714,
                                                                  36.0862411
                                                              ],
                                                              [
                                                                  -115.187192,
                                                                  36.0862291
                                                              ],
                                                              [
                                                                  -115.186909,
                                                                  36.0862241
                                                              ],
                                                              [
                                                                  -115.186583,
                                                                  36.0862136
                                                              ],
                                                              [
                                                                  -115.1864234,
                                                                  36.0861997
                                                              ],
                                                              [
                                                                  -115.1862072,
                                                                  36.0861793
                                                              ],
                                                              [
                                                                  -115.185945,
                                                                  36.0861571
                                                              ],
                                                              [
                                                                  -115.185614,
                                                                  36.0861231
                                                              ],
                                                              [
                                                                  -115.185521,
                                                                  36.0861161
                                                              ],
                                                              [
                                                                  -115.1853019,
                                                                  36.0860791
                                                              ],
                                                              [
                                                                  -115.185087,
                                                                  36.0860571
                                                              ],
                                                              [
                                                                  -115.184745,
                                                                  36.0860241
                                                              ],
                                                              [
                                                                  -115.1842476,
                                                                  36.0860116
                                                              ],
                                                              [
                                                                  -115.1838949,
                                                                  36.0860124
                                                              ],
                                                              [
                                                                  -115.18314,
                                                                  36.0859988
                                                              ],
                                                              [
                                                                  -115.182713,
                                                                  36.0859869
                                                              ],
                                                              [
                                                                  -115.1823707,
                                                                  36.0859767
                                                              ],
                                                              [
                                                                  -115.1820307,
                                                                  36.0859575
                                                              ],
                                                              [
                                                                  -115.181555,
                                                                  36.0859519
                                                              ],
                                                              [
                                                                  -115.1811869,
                                                                  36.0859477
                                                              ],
                                                              [
                                                                  -115.1807617,
                                                                  36.0859436
                                                              ],
                                                              [
                                                                  -115.180388,
                                                                  36.0859415
                                                              ],
                                                              [
                                                                  -115.180039,
                                                                  36.0859318
                                                              ],
                                                              [
                                                                  -115.179602,
                                                                  36.0859194
                                                              ],
                                                              [
                                                                  -115.179067,
                                                                  36.0859094
                                                              ],
                                                              [
                                                                  -115.1787305,
                                                                  36.0859066
                                                              ],
                                                              [
                                                                  -115.1784499,
                                                                  36.085904
                                                              ],
                                                              [
                                                                  -115.1779847,
                                                                  36.0858961
                                                              ],
                                                              [
                                                                  -115.1775057,
                                                                  36.0858851
                                                              ],
                                                              [
                                                                  -115.1772363,
                                                                  36.0858934
                                                              ],
                                                              [
                                                                  -115.1767696,
                                                                  36.0859202
                                                              ],
                                                              [
                                                                  -115.176163,
                                                                  36.0859771
                                                              ],
                                                              [
                                                                  -115.175785,
                                                                  36.0860051
                                                              ],
                                                              [
                                                                  -115.1753737,
                                                                  36.0860453
                                                              ],
                                                              [
                                                                  -115.1750233,
                                                                  36.0860826
                                                              ],
                                                              [
                                                                  -115.1746797,
                                                                  36.0861166
                                                              ],
                                                              [
                                                                  -115.174536,
                                                                  36.0861229
                                                              ],
                                                              [
                                                                  -115.174207,
                                                                  36.0861165
                                                              ],
                                                              [
                                                                  -115.173898,
                                                                  36.0861116
                                                              ],
                                                              [
                                                                  -115.1736531,
                                                                  36.0861069
                                                              ],
                                                              [
                                                                  -115.173425,
                                                                  36.0861031
                                                              ],
                                                              [
                                                                  -115.173219,
                                                                  36.086101
                                                              ],
                                                              [
                                                                  -115.173021,
                                                                  36.0861141
                                                              ],
                                                              [
                                                                  -115.172981,
                                                                  36.0861511
                                                              ],
                                                              [
                                                                  -115.172961,
                                                                  36.0861811
                                                              ],
                                                              [
                                                                  -115.172921,
                                                                  36.0862411
                                                              ],
                                                              [
                                                                  -115.172871,
                                                                  36.0863011
                                                              ],
                                                              [
                                                                  -115.172831,
                                                                  36.0863511
                                                              ],
                                                              [
                                                                  -115.172801,
                                                                  36.0864011
                                                              ],
                                                              [
                                                                  -115.172701,
                                                                  36.0865411
                                                              ],
                                                              [
                                                                  -115.1726909,
                                                                  36.0868485
                                                              ],
                                                              [
                                                                  -115.1726989,
                                                                  36.08732
                                                              ],
                                                              [
                                                                  -115.1726996,
                                                                  36.0876218
                                                              ],
                                                              [
                                                                  -115.1727016,
                                                                  36.0878508
                                                              ],
                                                              [
                                                                  -115.1727086,
                                                                  36.088379
                                                              ],
                                                              [
                                                                  -115.1727133,
                                                                  36.0887464
                                                              ],
                                                              [
                                                                  -115.1727166,
                                                                  36.0891051
                                                              ],
                                                              [
                                                                  -115.1727216,
                                                                  36.089531
                                                              ],
                                                              [
                                                                  -115.172736,
                                                                  36.0898241
                                                              ],
                                                              [
                                                                  -115.17273,
                                                                  36.0901431
                                                              ],
                                                              [
                                                                  -115.1727249,
                                                                  36.0904977
                                                              ],
                                                              [
                                                                  -115.172738,
                                                                  36.0909751
                                                              ],
                                                              [
                                                                  -115.172747,
                                                                  36.0912821
                                                              ],
                                                              [
                                                                  -115.1727433,
                                                                  36.091564
                                                              ],
                                                              [
                                                                  -115.1727353,
                                                                  36.0919458
                                                              ],
                                                              [
                                                                  -115.172749,
                                                                  36.0923491
                                                              ],
                                                              [
                                                                  -115.1727473,
                                                                  36.0929238
                                                              ],
                                                              [
                                                                  -115.1727429,
                                                                  36.0934919
                                                              ],
                                                              [
                                                                  -115.172765,
                                                                  36.0937308
                                                              ],
                                                              [
                                                                  -115.172763,
                                                                  36.0939741
                                                              ],
                                                              [
                                                                  -115.172763,
                                                                  36.0941091
                                                              ],
                                                              [
                                                                  -115.172766,
                                                                  36.0946301
                                                              ],
                                                              [
                                                                  -115.17277,
                                                                  36.0948621
                                                              ],
                                                              [
                                                                  -115.172773,
                                                                  36.0950081
                                                              ],
                                                              [
                                                                  -115.172771,
                                                                  36.0954061
                                                              ],
                                                              [
                                                                  -115.1727771,
                                                                  36.09575
                                                              ],
                                                              [
                                                                  -115.172774,
                                                                  36.0961031
                                                              ],
                                                              [
                                                                  -115.1727441,
                                                                  36.0962622
                                                              ],
                                                              [
                                                                  -115.1727517,
                                                                  36.0964343
                                                              ],
                                                              [
                                                                  -115.1727493,
                                                                  36.0967025
                                                              ],
                                                              [
                                                                  -115.172755,
                                                                  36.0969718
                                                              ],
                                                              [
                                                                  -115.172744,
                                                                  36.0972361
                                                              ],
                                                              [
                                                                  -115.172716,
                                                                  36.0972581
                                                              ],
                                                              [
                                                                  -115.1725939,
                                                                  36.0972801
                                                              ],
                                                              [
                                                                  -115.1724719,
                                                                  36.0972892
                                                              ],
                                                              [
                                                                  -115.172217,
                                                                  36.0972856
                                                              ],
                                                              [
                                                                  -115.171866,
                                                                  36.0972891
                                                              ],
                                                              [
                                                                  -115.171603,
                                                                  36.0972931
                                                              ],
                                                              [
                                                                  -115.171513,
                                                                  36.0972941
                                                              ],
                                                              [
                                                                  -115.171225,
                                                                  36.0973061
                                                              ],
                                                              [
                                                                  -115.170735,
                                                                  36.0973071
                                                              ],
                                                              [
                                                                  -115.170494,
                                                                  36.0972985
                                                              ],
                                                              [
                                                                  -115.1703636,
                                                                  36.0972681
                                                              ],
                                                              [
                                                                  -115.170211,
                                                                  36.0972051
                                                              ],
                                                              [
                                                                  -115.170117,
                                                                  36.0971851
                                                              ],
                                                              [
                                                                  -115.16978,
                                                                  36.0972268
                                                              ],
                                                              [
                                                                  -115.16931,
                                                                  36.0972423
                                                              ],
                                                              [
                                                                  -115.1689984,
                                                                  36.0972353
                                                              ],
                                                              [
                                                                  -115.168494,
                                                                  36.0972344
                                                              ],
                                                              [
                                                                  -115.167734,
                                                                  36.0972271
                                                              ],
                                                              [
                                                                  -115.167341,
                                                                  36.0972204
                                                              ],
                                                              [
                                                                  -115.166826,
                                                                  36.0972145
                                                              ],
                                                              [
                                                                  -115.166298,
                                                                  36.0972015
                                                              ],
                                                              [
                                                                  -115.165693,
                                                                  36.0971875
                                                              ],
                                                              [
                                                                  -115.165015,
                                                                  36.0971573
                                                              ],
                                                              [
                                                                  -115.164612,
                                                                  36.0971779
                                                              ],
                                                              [
                                                                  -115.1644642,
                                                                  36.0971968
                                                              ],
                                                              [
                                                                  -115.1643137,
                                                                  36.0972374
                                                              ],
                                                              [
                                                                  -115.1641903,
                                                                  36.0972874
                                                              ],
                                                              [
                                                                  -115.164011,
                                                                  36.0974228
                                                              ],
                                                              [
                                                                  -115.1639144,
                                                                  36.0975354
                                                              ],
                                                              [
                                                                  -115.1638598,
                                                                  36.0976444
                                                              ],
                                                              [
                                                                  -115.1638111,
                                                                  36.0979376
                                                              ],
                                                              [
                                                                  -115.1638182,
                                                                  36.0981699
                                                              ],
                                                              [
                                                                  -115.1638189,
                                                                  36.0984141
                                                              ],
                                                              [
                                                                  -115.163787,
                                                                  36.0987143
                                                              ],
                                                              [
                                                                  -115.1637874,
                                                                  36.099061
                                                              ],
                                                              [
                                                                  -115.1637889,
                                                                  36.0993615
                                                              ],
                                                              [
                                                                  -115.1637743,
                                                                  36.0996489
                                                              ],
                                                              [
                                                                  -115.1637614,
                                                                  36.0999093
                                                              ],
                                                              [
                                                                  -115.1637289,
                                                                  36.1001435
                                                              ],
                                                              [
                                                                  -115.1637108,
                                                                  36.1002377
                                                              ],
                                                              [
                                                                  -115.1637114,
                                                                  36.1003536
                                                              ],
                                                              [
                                                                  -115.1637249,
                                                                  36.100447
                                                              ],
                                                              [
                                                                  -115.163701,
                                                                  36.1005211
                                                              ],
                                                              [
                                                                  -115.163651,
                                                                  36.1005811
                                                              ],
                                                              [
                                                                  -115.163569,
                                                                  36.1006481
                                                              ],
                                                              [
                                                                  -115.16345,
                                                                  36.1006971
                                                              ],
                                                              [
                                                                  -115.16332,
                                                                  36.1007311
                                                              ],
                                                              [
                                                                  -115.163062,
                                                                  36.1007411
                                                              ],
                                                              [
                                                                  -115.1626703,
                                                                  36.1007844
                                                              ],
                                                              [
                                                                  -115.162258,
                                                                  36.1008205
                                                              ],
                                                              [
                                                                  -115.1617136,
                                                                  36.1008219
                                                              ],
                                                              [
                                                                  -115.161137,
                                                                  36.1008325
                                                              ],
                                                              [
                                                                  -115.1607571,
                                                                  36.1008409
                                                              ],
                                                              [
                                                                  -115.1602516,
                                                                  36.1008465
                                                              ],
                                                              [
                                                                  -115.1597738,
                                                                  36.1008496
                                                              ],
                                                              [
                                                                  -115.1593203,
                                                                  36.1008543
                                                              ],
                                                              [
                                                                  -115.1588233,
                                                                  36.1008622
                                                              ],
                                                              [
                                                                  -115.158347,
                                                                  36.1008662
                                                              ],
                                                              [
                                                                  -115.1579349,
                                                                  36.1008725
                                                              ],
                                                              [
                                                                  -115.1573714,
                                                                  36.1008816
                                                              ],
                                                              [
                                                                  -115.156686,
                                                                  36.1008896
                                                              ],
                                                              [
                                                                  -115.1560582,
                                                                  36.1008948
                                                              ],
                                                              [
                                                                  -115.1554317,
                                                                  36.1009032
                                                              ],
                                                              [
                                                                  -115.1548795,
                                                                  36.1009108
                                                              ],
                                                              [
                                                                  -115.1543894,
                                                                  36.1009141
                                                              ],
                                                              [
                                                                  -115.15397,
                                                                  36.1009211
                                                              ],
                                                              [
                                                                  -115.153854,
                                                                  36.1009518
                                                              ],
                                                              [
                                                                  -115.153708,
                                                                  36.1009541
                                                              ],
                                                              [
                                                                  -115.1532643,
                                                                  36.1009569
                                                              ],
                                                              [
                                                                  -115.1529459,
                                                                  36.1009648
                                                              ],
                                                              [
                                                                  -115.1527724,
                                                                  36.1009825
                                                              ],
                                                              [
                                                                  -115.1527891,
                                                                  36.1010513
                                                              ],
                                                              [
                                                                  -115.1531562,
                                                                  36.1010672
                                                              ],
                                                              [
                                                                  -115.1535233,
                                                                  36.1010978
                                                              ],
                                                              [
                                                                  -115.1538204,
                                                                  36.1011199
                                                              ],
                                                              [
                                                                  -115.1543239,
                                                                  36.1011133
                                                              ],
                                                              [
                                                                  -115.1547707,
                                                                  36.1011006
                                                              ],
                                                              [
                                                                  -115.155105,
                                                                  36.101091
                                                              ],
                                                              [
                                                                  -115.155484,
                                                                  36.1010817
                                                              ],
                                                              [
                                                                  -115.155793,
                                                                  36.1010707
                                                              ],
                                                              [
                                                                  -115.156138,
                                                                  36.1010621
                                                              ],
                                                              [
                                                                  -115.15635,
                                                                  36.1010621
                                                              ],
                                                              [
                                                                  -115.1564321,
                                                                  36.1010707
                                                              ],
                                                              [
                                                                  -115.156482,
                                                                  36.1010901
                                                              ],
                                                              [
                                                                  -115.1565237,
                                                                  36.101175
                                                              ],
                                                              [
                                                                  -115.1565199,
                                                                  36.1012935
                                                              ],
                                                              [
                                                                  -115.1565255,
                                                                  36.1014222
                                                              ],
                                                              [
                                                                  -115.1565607,
                                                                  36.1015574
                                                              ],
                                                              [
                                                                  -115.1566875,
                                                                  36.1017296
                                                              ],
                                                              [
                                                                  -115.1568358,
                                                                  36.1018879
                                                              ],
                                                              [
                                                                  -115.1570089,
                                                                  36.1020446
                                                              ],
                                                              [
                                                                  -115.1571371,
                                                                  36.1021903
                                                              ],
                                                              [
                                                                  -115.157182,
                                                                  36.1022657
                                                              ],
                                                              [
                                                                  -115.1572028,
                                                                  36.1023628
                                                              ],
                                                              [
                                                                  -115.1571977,
                                                                  36.1024699
                                                              ],
                                                              [
                                                                  -115.1572037,
                                                                  36.1026188
                                                              ],
                                                              [
                                                                  -115.1571823,
                                                                  36.1027277
                                                              ],
                                                              [
                                                                  -115.1571657,
                                                                  36.1028356
                                                              ],
                                                              [
                                                                  -115.157155,
                                                                  36.1029701
                                                              ],
                                                              [
                                                                  -115.157156,
                                                                  36.1030421
                                                              ],
                                                              [
                                                                  -115.157157,
                                                                  36.1031281
                                                              ],
                                                              [
                                                                  -115.1571604,
                                                                  36.1032897
                                                              ],
                                                              [
                                                                  -115.157142,
                                                                  36.1035706
                                                              ],
                                                              [
                                                                  -115.157101,
                                                                  36.1037671
                                                              ],
                                                              [
                                                                  -115.1570784,
                                                                  36.1039211
                                                              ],
                                                              [
                                                                  -115.1570854,
                                                                  36.1039765
                                                              ],
                                                              [
                                                                  -115.1571125,
                                                                  36.1040297
                                                              ],
                                                              [
                                                                  -115.1571932,
                                                                  36.1041611
                                                              ],
                                                              [
                                                                  -115.1572471,
                                                                  36.1042457
                                                              ],
                                                              [
                                                                  -115.1573098,
                                                                  36.1044062
                                                              ],
                                                              [
                                                                  -115.1573611,
                                                                  36.1045113
                                                              ],
                                                              [
                                                                  -115.1574187,
                                                                  36.1045481
                                                              ],
                                                              [
                                                                  -115.1575047,
                                                                  36.1045588
                                                              ],
                                                              [
                                                                  -115.1575987,
                                                                  36.104557
                                                              ],
                                                              [
                                                                  -115.157765,
                                                                  36.1045568
                                                              ],
                                                              [
                                                                  -115.157873,
                                                                  36.1045531
                                                              ],
                                                              [
                                                                  -115.157996,
                                                                  36.1045521
                                                              ],
                                                              [
                                                                  -115.1580536,
                                                                  36.1045635
                                                              ],
                                                              [
                                                                  -115.1581058,
                                                                  36.1045846
                                                              ],
                                                              [
                                                                  -115.1581571,
                                                                  36.1046337
                                                              ],
                                                              [
                                                                  -115.1581747,
                                                                  36.1046875
                                                              ],
                                                              [
                                                                  -115.158176,
                                                                  36.1047221
                                                              ],
                                                              [
                                                                  -115.1581757,
                                                                  36.104832
                                                              ],
                                                              [
                                                                  -115.1581759,
                                                                  36.105257
                                                              ],
                                                              [
                                                                  -115.1581753,
                                                                  36.1054701
                                                              ],
                                                              [
                                                                  -115.1581794,
                                                                  36.1056847
                                                              ],
                                                              [
                                                                  -115.1581694,
                                                                  36.1058977
                                                              ],
                                                              [
                                                                  -115.158151,
                                                                  36.1061211
                                                              ],
                                                              [
                                                                  -115.158183,
                                                                  36.1062121
                                                              ],
                                                              [
                                                                  -115.158242,
                                                                  36.1062901
                                                              ],
                                                              [
                                                                  -115.158282,
                                                                  36.1063431
                                                              ],
                                                              [
                                                                  -115.15831,
                                                                  36.1063961
                                                              ],
                                                              [
                                                                  -115.158323,
                                                                  36.1064351
                                                              ],
                                                              [
                                                                  -115.1583331,
                                                                  36.1065277
                                                              ],
                                                              [
                                                                  -115.1583387,
                                                                  36.1067961
                                                              ],
                                                              [
                                                                  -115.158331,
                                                                  36.1070711
                                                              ],
                                                              [
                                                                  -115.1583905,
                                                                  36.1070816
                                                              ],
                                                              [
                                                                  -115.158456,
                                                                  36.1070861
                                                              ],
                                                              [
                                                                  -115.15858,
                                                                  36.1070917
                                                              ],
                                                              [
                                                                  -115.158822,
                                                                  36.107099
                                                              ]
                                                          ],
                                          "type":  "LineString"
                                      }
                     }
                 ]
}
