{
    "type":  "FeatureCollection",
    "features":  [
                     {
                         "type":  "Feature",
                         "properties":  {
                                            "name":  "F1 KH to ZONE D PARK MGM RIDESHARE"
                                        },
                         "geometry":  {
                                          "coordinates":  [
                                                              [
                                                                  -115.2399432,
                                                                  36.077793
                                                              ],
                                                              [
                                                                  -115.2398002,
                                                                  36.0778577
                                                              ],
                                                              [
                                                                  -115.2392087,
                                                                  36.077885
                                                              ],
                                                              [
                                                                  -115.2387621,
                                                                  36.0779102
                                                              ],
                                                              [
                                                                  -115.2384756,
                                                                  36.0779148
                                                              ],
                                                              [
                                                                  -115.238187,
                                                                  36.0779205
                                                              ],
                                                              [
                                                                  -115.2378783,
                                                                  36.0779281
                                                              ],
                                                              [
                                                                  -115.2375807,
                                                                  36.0779324
                                                              ],
                                                              [
                                                                  -115.2371746,
                                                                  36.0779397
                                                              ],
                                                              [
                                                                  -115.2367652,
                                                                  36.0779499
                                                              ],
                                                              [
                                                                  -115.2363578,
                                                                  36.0779624
                                                              ],
                                                              [
                                                                  -115.2359664,
                                                                  36.0779718
                                                              ],
                                                              [
                                                                  -115.2355737,
                                                                  36.0779755
                                                              ],
                                                              [
                                                                  -115.2353764,
                                                                  36.0779719
                                                              ],
                                                              [
                                                                  -115.2351508,
                                                                  36.0779694
                                                              ],
                                                              [
                                                                  -115.2348339,
                                                                  36.077972
                                                              ],
                                                              [
                                                                  -115.2345097,
                                                                  36.0779786
                                                              ],
                                                              [
                                                                  -115.2341144,
                                                                  36.077985
                                                              ],
                                                              [
                                                                  -115.2339056,
                                                                  36.0779862
                                                              ],
                                                              [
                                                                  -115.2337802,
                                                                  36.0779861
                                                              ],
                                                              [
                                                                  -115.2337097,
                                                                  36.0780119
                                                              ],
                                                              [
                                                                  -115.2336923,
                                                                  36.0780683
                                                              ],
                                                              [
                                                                  -115.2336977,
                                                                  36.078134
                                                              ],
                                                              [
                                                                  -115.2337085,
                                                                  36.0782598
                                                              ],
                                                              [
                                                                  -115.2337241,
                                                                  36.0784036
                                                              ],
                                                              [
                                                                  -115.2337356,
                                                                  36.0785416
                                                              ],
                                                              [
                                                                  -115.2337436,
                                                                  36.0787214
                                                              ],
                                                              [
                                                                  -115.2337542,
                                                                  36.0789878
                                                              ],
                                                              [
                                                                  -115.2337682,
                                                                  36.0792553
                                                              ],
                                                              [
                                                                  -115.2337739,
                                                                  36.0793883
                                                              ],
                                                              [
                                                                  -115.2337799,
                                                                  36.079522
                                                              ],
                                                              [
                                                                  -115.2337857,
                                                                  36.0796558
                                                              ],
                                                              [
                                                                  -115.2337902,
                                                                  36.0797919
                                                              ],
                                                              [
                                                                  -115.2337959,
                                                                  36.0798858
                                                              ],
                                                              [
                                                                  -115.2338093,
                                                                  36.0801286
                                                              ],
                                                              [
                                                                  -115.2338228,
                                                                  36.0803731
                                                              ],
                                                              [
                                                                  -115.2338328,
                                                                  36.0806164
                                                              ],
                                                              [
                                                                  -115.2338369,
                                                                  36.080741
                                                              ],
                                                              [
                                                                  -115.2338436,
                                                                  36.0808619
                                                              ],
                                                              [
                                                                  -115.2338616,
                                                                  36.0812461
                                                              ],
                                                              [
                                                                  -115.2338706,
                                                                  36.0814401
                                                              ],
                                                              [
                                                                  -115.2338751,
                                                                  36.0815365
                                                              ],
                                                              [
                                                                  -115.2338775,
                                                                  36.0816902
                                                              ],
                                                              [
                                                                  -115.2338999,
                                                                  36.0821282
                                                              ],
                                                              [
                                                                  -115.2339192,
                                                                  36.0825686
                                                              ],
                                                              [
                                                                  -115.2339306,
                                                                  36.0827881
                                                              ],
                                                              [
                                                                  -115.2339413,
                                                                  36.0830102
                                                              ],
                                                              [
                                                                  -115.2339511,
                                                                  36.0832305
                                                              ],
                                                              [
                                                                  -115.2339608,
                                                                  36.0834495
                                                              ],
                                                              [
                                                                  -115.2339878,
                                                                  36.0840585
                                                              ],
                                                              [
                                                                  -115.2340013,
                                                                  36.0843636
                                                              ],
                                                              [
                                                                  -115.2340068,
                                                                  36.0845196
                                                              ],
                                                              [
                                                                  -115.2339797,
                                                                  36.0847235
                                                              ],
                                                              [
                                                                  -115.233962,
                                                                  36.0847869
                                                              ],
                                                              [
                                                                  -115.2339563,
                                                                  36.084854
                                                              ],
                                                              [
                                                                  -115.2339754,
                                                                  36.0850043
                                                              ],
                                                              [
                                                                  -115.233978,
                                                                  36.0851113
                                                              ],
                                                              [
                                                                  -115.2339753,
                                                                  36.0851645
                                                              ],
                                                              [
                                                                  -115.233943,
                                                                  36.085189
                                                              ],
                                                              [
                                                                  -115.233686,
                                                                  36.0851955
                                                              ],
                                                              [
                                                                  -115.2334545,
                                                                  36.085199
                                                              ],
                                                              [
                                                                  -115.2332416,
                                                                  36.0852023
                                                              ],
                                                              [
                                                                  -115.2329245,
                                                                  36.0852077
                                                              ],
                                                              [
                                                                  -115.2326127,
                                                                  36.0852117
                                                              ],
                                                              [
                                                                  -115.2322533,
                                                                  36.0852188
                                                              ],
                                                              [
                                                                  -115.2318928,
                                                                  36.0852255
                                                              ],
                                                              [
                                                                  -115.2313129,
                                                                  36.0852385
                                                              ],
                                                              [
                                                                  -115.2310331,
                                                                  36.085242
                                                              ],
                                                              [
                                                                  -115.2307421,
                                                                  36.0852491
                                                              ],
                                                              [
                                                                  -115.2302266,
                                                                  36.0852576
                                                              ],
                                                              [
                                                                  -115.2299685,
                                                                  36.0852605
                                                              ],
                                                              [
                                                                  -115.2297128,
                                                                  36.0852612
                                                              ],
                                                              [
                                                                  -115.2293863,
                                                                  36.0852669
                                                              ],
                                                              [
                                                                  -115.2290875,
                                                                  36.0852691
                                                              ],
                                                              [
                                                                  -115.2287022,
                                                                  36.0852782
                                                              ],
                                                              [
                                                                  -115.2281033,
                                                                  36.0852869
                                                              ],
                                                              [
                                                                  -115.2277968,
                                                                  36.0852904
                                                              ],
                                                              [
                                                                  -115.227647,
                                                                  36.0852946
                                                              ],
                                                              [
                                                                  -115.2274984,
                                                                  36.0853156
                                                              ],
                                                              [
                                                                  -115.2273617,
                                                                  36.0853262
                                                              ],
                                                              [
                                                                  -115.2272264,
                                                                  36.0853266
                                                              ],
                                                              [
                                                                  -115.2270824,
                                                                  36.0853281
                                                              ],
                                                              [
                                                                  -115.227045,
                                                                  36.0853285
                                                              ],
                                                              [
                                                                  -115.2270076,
                                                                  36.0853305
                                                              ],
                                                              [
                                                                  -115.2269417,
                                                                  36.0853475
                                                              ],
                                                              [
                                                                  -115.2268933,
                                                                  36.0853494
                                                              ],
                                                              [
                                                                  -115.226849,
                                                                  36.0853431
                                                              ],
                                                              [
                                                                  -115.2267497,
                                                                  36.0853238
                                                              ],
                                                              [
                                                                  -115.226665,
                                                                  36.0853203
                                                              ],
                                                              [
                                                                  -115.2265804,
                                                                  36.0853233
                                                              ],
                                                              [
                                                                  -115.2264307,
                                                                  36.0853325
                                                              ],
                                                              [
                                                                  -115.226316,
                                                                  36.0853301
                                                              ],
                                                              [
                                                                  -115.2262468,
                                                                  36.0852956
                                                              ],
                                                              [
                                                                  -115.2258313,
                                                                  36.0853085
                                                              ],
                                                              [
                                                                  -115.2256208,
                                                                  36.0853152
                                                              ],
                                                              [
                                                                  -115.2250567,
                                                                  36.0853289
                                                              ],
                                                              [
                                                                  -115.2245097,
                                                                  36.0853562
                                                              ],
                                                              [
                                                                  -115.224121,
                                                                  36.085386
                                                              ],
                                                              [
                                                                  -115.2235701,
                                                                  36.0854217
                                                              ],
                                                              [
                                                                  -115.2231028,
                                                                  36.0854466
                                                              ],
                                                              [
                                                                  -115.2225603,
                                                                  36.0854768
                                                              ],
                                                              [
                                                                  -115.2220204,
                                                                  36.085506
                                                              ],
                                                              [
                                                                  -115.2214887,
                                                                  36.0855332
                                                              ],
                                                              [
                                                                  -115.2209852,
                                                                  36.0855577
                                                              ],
                                                              [
                                                                  -115.2205321,
                                                                  36.0855867
                                                              ],
                                                              [
                                                                  -115.220069,
                                                                  36.0856147
                                                              ],
                                                              [
                                                                  -115.2194194,
                                                                  36.0856497
                                                              ],
                                                              [
                                                                  -115.2187838,
                                                                  36.0856858
                                                              ],
                                                              [
                                                                  -115.2182396,
                                                                  36.0857177
                                                              ],
                                                              [
                                                                  -115.2176718,
                                                                  36.0857455
                                                              ],
                                                              [
                                                                  -115.2171618,
                                                                  36.0857745
                                                              ],
                                                              [
                                                                  -115.2165882,
                                                                  36.085806
                                                              ],
                                                              [
                                                                  -115.216119,
                                                                  36.0858317
                                                              ],
                                                              [
                                                                  -115.2156256,
                                                                  36.085865
                                                              ],
                                                              [
                                                                  -115.2151963,
                                                                  36.0858879
                                                              ],
                                                              [
                                                                  -115.2145237,
                                                                  36.0859233
                                                              ],
                                                              [
                                                                  -115.2140217,
                                                                  36.0859487
                                                              ],
                                                              [
                                                                  -115.213569,
                                                                  36.0859763
                                                              ],
                                                              [
                                                                  -115.212907,
                                                                  36.0860157
                                                              ],
                                                              [
                                                                  -115.2122792,
                                                                  36.0860384
                                                              ],
                                                              [
                                                                  -115.2120886,
                                                                  36.086064
                                                              ],
                                                              [
                                                                  -115.2118979,
                                                                  36.0860766
                                                              ],
                                                              [
                                                                  -115.2113873,
                                                                  36.0860937
                                                              ],
                                                              [
                                                                  -115.2109101,
                                                                  36.0861193
                                                              ],
                                                              [
                                                                  -115.2104724,
                                                                  36.0861419
                                                              ],
                                                              [
                                                                  -115.2100736,
                                                                  36.0861628
                                                              ],
                                                              [
                                                                  -115.209581,
                                                                  36.0861874
                                                              ],
                                                              [
                                                                  -115.2090924,
                                                                  36.0862078
                                                              ],
                                                              [
                                                                  -115.2089222,
                                                                  36.086204
                                                              ],
                                                              [
                                                                  -115.2088183,
                                                                  36.0861948
                                                              ],
                                                              [
                                                                  -115.2087143,
                                                                  36.0862008
                                                              ],
                                                              [
                                                                  -115.2084984,
                                                                  36.0862116
                                                              ],
                                                              [
                                                                  -115.2080605,
                                                                  36.0862372
                                                              ],
                                                              [
                                                                  -115.2076682,
                                                                  36.0862421
                                                              ],
                                                              [
                                                                  -115.2072926,
                                                                  36.0862483
                                                              ],
                                                              [
                                                                  -115.2068976,
                                                                  36.0862513
                                                              ],
                                                              [
                                                                  -115.2066646,
                                                                  36.0862437
                                                              ],
                                                              [
                                                                  -115.2064317,
                                                                  36.0862557
                                                              ],
                                                              [
                                                                  -115.2057592,
                                                                  36.0862551
                                                              ],
                                                              [
                                                                  -115.2053515,
                                                                  36.0862511
                                                              ],
                                                              [
                                                                  -115.204939,
                                                                  36.0862497
                                                              ],
                                                              [
                                                                  -115.2046385,
                                                                  36.0862636
                                                              ],
                                                              [
                                                                  -115.2044625,
                                                                  36.0862752
                                                              ],
                                                              [
                                                                  -115.2042893,
                                                                  36.0862424
                                                              ],
                                                              [
                                                                  -115.2038228,
                                                                  36.0862414
                                                              ],
                                                              [
                                                                  -115.2033191,
                                                                  36.0862424
                                                              ],
                                                              [
                                                                  -115.2027998,
                                                                  36.0862414
                                                              ],
                                                              [
                                                                  -115.2024565,
                                                                  36.0862414
                                                              ],
                                                              [
                                                                  -115.2019671,
                                                                  36.0862406
                                                              ],
                                                              [
                                                                  -115.2014721,
                                                                  36.0862379
                                                              ],
                                                              [
                                                                  -115.2010228,
                                                                  36.0862357
                                                              ],
                                                              [
                                                                  -115.2003964,
                                                                  36.0862346
                                                              ],
                                                              [
                                                                  -115.1999448,
                                                                  36.0862314
                                                              ],
                                                              [
                                                                  -115.1992165,
                                                                  36.0862311
                                                              ],
                                                              [
                                                                  -115.1988318,
                                                                  36.0862274
                                                              ],
                                                              [
                                                                  -115.1984115,
                                                                  36.0862276
                                                              ],
                                                              [
                                                                  -115.198059,
                                                                  36.0862292
                                                              ],
                                                              [
                                                                  -115.1976045,
                                                                  36.0862308
                                                              ],
                                                              [
                                                                  -115.1969057,
                                                                  36.0862335
                                                              ],
                                                              [
                                                                  -115.1963569,
                                                                  36.0862357
                                                              ],
                                                              [
                                                                  -115.1958336,
                                                                  36.0862362
                                                              ],
                                                              [
                                                                  -115.1953633,
                                                                  36.086237
                                                              ],
                                                              [
                                                                  -115.195187,
                                                                  36.0862133
                                                              ],
                                                              [
                                                                  -115.1945184,
                                                                  36.0862333
                                                              ],
                                                              [
                                                                  -115.1942991,
                                                                  36.086228
                                                              ],
                                                              [
                                                                  -115.1940799,
                                                                  36.0862303
                                                              ],
                                                              [
                                                                  -115.1935585,
                                                                  36.0862391
                                                              ],
                                                              [
                                                                  -115.193019,
                                                                  36.0862441
                                                              ],
                                                              [
                                                                  -115.1926487,
                                                                  36.0862403
                                                              ],
                                                              [
                                                                  -115.1922363,
                                                                  36.0862149
                                                              ],
                                                              [
                                                                  -115.1917284,
                                                                  36.0862138
                                                              ],
                                                              [
                                                                  -115.1912394,
                                                                  36.0862176
                                                              ],
                                                              [
                                                                  -115.190689,
                                                                  36.0862239
                                                              ],
                                                              [
                                                                  -115.1900066,
                                                                  36.0862215
                                                              ],
                                                              [
                                                                  -115.1895745,
                                                                  36.086218
                                                              ],
                                                              [
                                                                  -115.1889444,
                                                                  36.0862003
                                                              ],
                                                              [
                                                                  -115.1883361,
                                                                  36.0861862
                                                              ],
                                                              [
                                                                  -115.1877847,
                                                                  36.0861727
                                                              ],
                                                              [
                                                                  -115.1872259,
                                                                  36.0861562
                                                              ],
                                                              [
                                                                  -115.1868668,
                                                                  36.0861495
                                                              ],
                                                              [
                                                                  -115.1866632,
                                                                  36.0861446
                                                              ],
                                                              [
                                                                  -115.1864597,
                                                                  36.0861277
                                                              ],
                                                              [
                                                                  -115.1859684,
                                                                  36.0860904
                                                              ],
                                                              [
                                                                  -115.1856197,
                                                                  36.0860534
                                                              ],
                                                              [
                                                                  -115.1851158,
                                                                  36.0859956
                                                              ],
                                                              [
                                                                  -115.1846504,
                                                                  36.0859551
                                                              ],
                                                              [
                                                                  -115.1842717,
                                                                  36.0859481
                                                              ],
                                                              [
                                                                  -115.1838984,
                                                                  36.0859505
                                                              ],
                                                              [
                                                                  -115.183512,
                                                                  36.0859409
                                                              ],
                                                              [
                                                                  -115.1831297,
                                                                  36.0859335
                                                              ],
                                                              [
                                                                  -115.1828417,
                                                                  36.0859308
                                                              ],
                                                              [
                                                                  -115.1825404,
                                                                  36.0859235
                                                              ],
                                                              [
                                                                  -115.1821672,
                                                                  36.0859078
                                                              ],
                                                              [
                                                                  -115.1815894,
                                                                  36.0858788
                                                              ],
                                                              [
                                                                  -115.1809511,
                                                                  36.0858742
                                                              ],
                                                              [
                                                                  -115.1803998,
                                                                  36.0858758
                                                              ],
                                                              [
                                                                  -115.1798911,
                                                                  36.0858642
                                                              ],
                                                              [
                                                                  -115.1793358,
                                                                  36.085861
                                                              ],
                                                              [
                                                                  -115.1789926,
                                                                  36.085848
                                                              ],
                                                              [
                                                                  -115.1785867,
                                                                  36.0858393
                                                              ],
                                                              [
                                                                  -115.1781371,
                                                                  36.0858331
                                                              ],
                                                              [
                                                                  -115.1775178,
                                                                  36.0858245
                                                              ],
                                                              [
                                                                  -115.1772745,
                                                                  36.0858298
                                                              ],
                                                              [
                                                                  -115.1770312,
                                                                  36.0858437
                                                              ],
                                                              [
                                                                  -115.1765503,
                                                                  36.0858688
                                                              ],
                                                              [
                                                                  -115.1764292,
                                                                  36.0858517
                                                              ],
                                                              [
                                                                  -115.1763067,
                                                                  36.0858606
                                                              ],
                                                              [
                                                                  -115.1760645,
                                                                  36.085886
                                                              ],
                                                              [
                                                                  -115.1759918,
                                                                  36.0858909
                                                              ],
                                                              [
                                                                  -115.1759297,
                                                                  36.0858719
                                                              ],
                                                              [
                                                                  -115.1758997,
                                                                  36.0858619
                                                              ],
                                                              [
                                                                  -115.1758397,
                                                                  36.0858219
                                                              ],
                                                              [
                                                                  -115.1757784,
                                                                  36.0857181
                                                              ],
                                                              [
                                                                  -115.1757745,
                                                                  36.0856124
                                                              ],
                                                              [
                                                                  -115.1757757,
                                                                  36.0854319
                                                              ],
                                                              [
                                                                  -115.175777,
                                                                  36.0851608
                                                              ],
                                                              [
                                                                  -115.1757897,
                                                                  36.0850119
                                                              ],
                                                              [
                                                                  -115.1758097,
                                                                  36.0847619
                                                              ],
                                                              [
                                                                  -115.1758451,
                                                                  36.0845835
                                                              ],
                                                              [
                                                                  -115.1759097,
                                                                  36.0844419
                                                              ],
                                                              [
                                                                  -115.1759597,
                                                                  36.0843719
                                                              ],
                                                              [
                                                                  -115.1760544,
                                                                  36.0842652
                                                              ],
                                                              [
                                                                  -115.1761997,
                                                                  36.0841619
                                                              ],
                                                              [
                                                                  -115.1762897,
                                                                  36.0841119
                                                              ],
                                                              [
                                                                  -115.1763797,
                                                                  36.0840719
                                                              ],
                                                              [
                                                                  -115.1764897,
                                                                  36.0840409
                                                              ],
                                                              [
                                                                  -115.1765997,
                                                                  36.0840219
                                                              ],
                                                              [
                                                                  -115.1766897,
                                                                  36.0840119
                                                              ],
                                                              [
                                                                  -115.1770097,
                                                                  36.0840119
                                                              ],
                                                              [
                                                                  -115.1771281,
                                                                  36.0840131
                                                              ],
                                                              [
                                                                  -115.1772397,
                                                                  36.0840219
                                                              ],
                                                              [
                                                                  -115.1773997,
                                                                  36.0840212
                                                              ],
                                                              [
                                                                  -115.1775197,
                                                                  36.0840125
                                                              ],
                                                              [
                                                                  -115.1776397,
                                                                  36.0839919
                                                              ],
                                                              [
                                                                  -115.1777307,
                                                                  36.0839646
                                                              ],
                                                              [
                                                                  -115.1778097,
                                                                  36.0839319
                                                              ],
                                                              [
                                                                  -115.1778904,
                                                                  36.0838859
                                                              ],
                                                              [
                                                                  -115.1780577,
                                                                  36.0837797
                                                              ],
                                                              [
                                                                  -115.1782317,
                                                                  36.0836652
                                                              ],
                                                              [
                                                                  -115.178308,
                                                                  36.0836158
                                                              ],
                                                              [
                                                                  -115.1783805,
                                                                  36.0835757
                                                              ],
                                                              [
                                                                  -115.1784597,
                                                                  36.0835519
                                                              ],
                                                              [
                                                                  -115.178551,
                                                                  36.0835281
                                                              ],
                                                              [
                                                                  -115.1786597,
                                                                  36.0835119
                                                              ],
                                                              [
                                                                  -115.1787297,
                                                                  36.0835119
                                                              ],
                                                              [
                                                                  -115.1787897,
                                                                  36.0835219
                                                              ],
                                                              [
                                                                  -115.1788597,
                                                                  36.0835319
                                                              ],
                                                              [
                                                                  -115.1789351,
                                                                  36.0835531
                                                              ],
                                                              [
                                                                  -115.1789997,
                                                                  36.0835819
                                                              ],
                                                              [
                                                                  -115.1790697,
                                                                  36.0836119
                                                              ],
                                                              [
                                                                  -115.1791097,
                                                                  36.0836419
                                                              ],
                                                              [
                                                                  -115.1791958,
                                                                  36.0837004
                                                              ],
                                                              [
                                                                  -115.1792497,
                                                                  36.0837719
                                                              ],
                                                              [
                                                                  -115.179305,
                                                                  36.083863
                                                              ],
                                                              [
                                                                  -115.1793297,
                                                                  36.0839719
                                                              ],
                                                              [
                                                                  -115.1793343,
                                                                  36.084053
                                                              ],
                                                              [
                                                                  -115.1793297,
                                                                  36.0841119
                                                              ],
                                                              [
                                                                  -115.1792897,
                                                                  36.0842419
                                                              ],
                                                              [
                                                                  -115.1791797,
                                                                  36.0845219
                                                              ],
                                                              [
                                                                  -115.1790497,
                                                                  36.0848919
                                                              ],
                                                              [
                                                                  -115.1789597,
                                                                  36.0851719
                                                              ],
                                                              [
                                                                  -115.1789097,
                                                                  36.0853419
                                                              ],
                                                              [
                                                                  -115.178855,
                                                                  36.0855347
                                                              ],
                                                              [
                                                                  -115.1788097,
                                                                  36.0857319
                                                              ],
                                                              [
                                                                  -115.1787897,
                                                                  36.0858319
                                                              ],
                                                              [
                                                                  -115.1787697,
                                                                  36.0859619
                                                              ],
                                                              [
                                                                  -115.1787597,
                                                                  36.0861219
                                                              ],
                                                              [
                                                                  -115.1787597,
                                                                  36.0861919
                                                              ],
                                                              [
                                                                  -115.1787583,
                                                                  36.0862673
                                                              ],
                                                              [
                                                                  -115.1787697,
                                                                  36.0864219
                                                              ],
                                                              [
                                                                  -115.178783,
                                                                  36.086507
                                                              ],
                                                              [
                                                                  -115.1787997,
                                                                  36.0865919
                                                              ],
                                                              [
                                                                  -115.1788197,
                                                                  36.0866819
                                                              ],
                                                              [
                                                                  -115.1788397,
                                                                  36.0867819
                                                              ],
                                                              [
                                                                  -115.1788676,
                                                                  36.0869124
                                                              ],
                                                              [
                                                                  -115.178911,
                                                                  36.0870424
                                                              ],
                                                              [
                                                                  -115.1789897,
                                                                  36.0872319
                                                              ],
                                                              [
                                                                  -115.1791213,
                                                                  36.0875191
                                                              ],
                                                              [
                                                                  -115.1792597,
                                                                  36.0878019
                                                              ],
                                                              [
                                                                  -115.1793597,
                                                                  36.0880119
                                                              ],
                                                              [
                                                                  -115.179419,
                                                                  36.0881519
                                                              ],
                                                              [
                                                                  -115.1795297,
                                                                  36.0883819
                                                              ],
                                                              [
                                                                  -115.179575,
                                                                  36.0884762
                                                              ],
                                                              [
                                                                  -115.179679,
                                                                  36.0887019
                                                              ],
                                                              [
                                                                  -115.179799,
                                                                  36.0889719
                                                              ],
                                                              [
                                                                  -115.1798403,
                                                                  36.0890846
                                                              ],
                                                              [
                                                                  -115.1799459,
                                                                  36.0894446
                                                              ],
                                                              [
                                                                  -115.1799892,
                                                                  36.0897584
                                                              ],
                                                              [
                                                                  -115.1799956,
                                                                  36.0900886
                                                              ],
                                                              [
                                                                  -115.1799993,
                                                                  36.0904926
                                                              ],
                                                              [
                                                                  -115.179999,
                                                                  36.0908997
                                                              ],
                                                              [
                                                                  -115.1800365,
                                                                  36.0910607
                                                              ],
                                                              [
                                                                  -115.1800352,
                                                                  36.0913597
                                                              ],
                                                              [
                                                                  -115.1800372,
                                                                  36.0915512
                                                              ],
                                                              [
                                                                  -115.1800177,
                                                                  36.09174
                                                              ],
                                                              [
                                                                  -115.1799996,
                                                                  36.0919138
                                                              ],
                                                              [
                                                                  -115.179997,
                                                                  36.0920919
                                                              ],
                                                              [
                                                                  -115.1799993,
                                                                  36.0924185
                                                              ],
                                                              [
                                                                  -115.1800003,
                                                                  36.0926953
                                                              ],
                                                              [
                                                                  -115.1799986,
                                                                  36.0928425
                                                              ],
                                                              [
                                                                  -115.1800009,
                                                                  36.0929908
                                                              ],
                                                              [
                                                                  -115.1800176,
                                                                  36.0932408
                                                              ],
                                                              [
                                                                  -115.1800409,
                                                                  36.0934292
                                                              ],
                                                              [
                                                                  -115.1800489,
                                                                  36.0936497
                                                              ],
                                                              [
                                                                  -115.1800669,
                                                                  36.0939403
                                                              ],
                                                              [
                                                                  -115.1800676,
                                                                  36.0941611
                                                              ],
                                                              [
                                                                  -115.1800669,
                                                                  36.0943814
                                                              ],
                                                              [
                                                                  -115.1800689,
                                                                  36.0946345
                                                              ],
                                                              [
                                                                  -115.1800696,
                                                                  36.0948903
                                                              ],
                                                              [
                                                                  -115.1800696,
                                                                  36.0950819
                                                              ],
                                                              [
                                                                  -115.1800709,
                                                                  36.0952857
                                                              ],
                                                              [
                                                                  -115.1800743,
                                                                  36.0956577
                                                              ],
                                                              [
                                                                  -115.1800692,
                                                                  36.0958459
                                                              ],
                                                              [
                                                                  -115.1800716,
                                                                  36.0960357
                                                              ],
                                                              [
                                                                  -115.1800676,
                                                                  36.0962724
                                                              ],
                                                              [
                                                                  -115.1800596,
                                                                  36.0965403
                                                              ],
                                                              [
                                                                  -115.1800389,
                                                                  36.0967614
                                                              ],
                                                              [
                                                                  -115.1800196,
                                                                  36.0969865
                                                              ],
                                                              [
                                                                  -115.1799897,
                                                                  36.0973119
                                                              ],
                                                              [
                                                                  -115.1799874,
                                                                  36.0974379
                                                              ],
                                                              [
                                                                  -115.179979,
                                                                  36.0977961
                                                              ],
                                                              [
                                                                  -115.179964,
                                                                  36.0981576
                                                              ],
                                                              [
                                                                  -115.179954,
                                                                  36.0984486
                                                              ],
                                                              [
                                                                  -115.1799394,
                                                                  36.0986189
                                                              ],
                                                              [
                                                                  -115.179914,
                                                                  36.0987891
                                                              ],
                                                              [
                                                                  -115.1798174,
                                                                  36.0991002
                                                              ],
                                                              [
                                                                  -115.1797274,
                                                                  36.0992967
                                                              ],
                                                              [
                                                                  -115.1796428,
                                                                  36.0994889
                                                              ],
                                                              [
                                                                  -115.1795697,
                                                                  36.0996319
                                                              ],
                                                              [
                                                                  -115.1794509,
                                                                  36.0999078
                                                              ],
                                                              [
                                                                  -115.1794021,
                                                                  36.1000265
                                                              ],
                                                              [
                                                                  -115.1793942,
                                                                  36.1001314
                                                              ],
                                                              [
                                                                  -115.1793569,
                                                                  36.1004086
                                                              ],
                                                              [
                                                                  -115.1793342,
                                                                  36.1005892
                                                              ],
                                                              [
                                                                  -115.1793056,
                                                                  36.1007819
                                                              ],
                                                              [
                                                                  -115.1792823,
                                                                  36.1010222
                                                              ],
                                                              [
                                                                  -115.1792622,
                                                                  36.1011993
                                                              ],
                                                              [
                                                                  -115.1792375,
                                                                  36.101439
                                                              ],
                                                              [
                                                                  -115.1792149,
                                                                  36.1016792
                                                              ],
                                                              [
                                                                  -115.1792399,
                                                                  36.1018522
                                                              ],
                                                              [
                                                                  -115.1793109,
                                                                  36.1022352
                                                              ],
                                                              [
                                                                  -115.1793623,
                                                                  36.1024062
                                                              ],
                                                              [
                                                                  -115.1794317,
                                                                  36.1025841
                                                              ],
                                                              [
                                                                  -115.1795096,
                                                                  36.1027824
                                                              ],
                                                              [
                                                                  -115.1796123,
                                                                  36.1030319
                                                              ],
                                                              [
                                                                  -115.1796615,
                                                                  36.1032738
                                                              ],
                                                              [
                                                                  -115.1797437,
                                                                  36.1035256
                                                              ],
                                                              [
                                                                  -115.1798056,
                                                                  36.1036614
                                                              ],
                                                              [
                                                                  -115.1797731,
                                                                  36.1037121
                                                              ],
                                                              [
                                                                  -115.1796745,
                                                                  36.1037148
                                                              ],
                                                              [
                                                                  -115.179588,
                                                                  36.1037151
                                                              ],
                                                              [
                                                                  -115.179369,
                                                                  36.1037186
                                                              ],
                                                              [
                                                                  -115.179019,
                                                                  36.1037237
                                                              ],
                                                              [
                                                                  -115.1788633,
                                                                  36.1037248
                                                              ],
                                                              [
                                                                  -115.1786291,
                                                                  36.103727
                                                              ],
                                                              [
                                                                  -115.178393,
                                                                  36.1037289
                                                              ],
                                                              [
                                                                  -115.1781343,
                                                                  36.1037302
                                                              ],
                                                              [
                                                                  -115.1778797,
                                                                  36.1037348
                                                              ],
                                                              [
                                                                  -115.1776984,
                                                                  36.1037686
                                                              ],
                                                              [
                                                                  -115.1775754,
                                                                  36.1037817
                                                              ],
                                                              [
                                                                  -115.1774557,
                                                                  36.1038
                                                              ],
                                                              [
                                                                  -115.1772107,
                                                                  36.103877
                                                              ],
                                                              [
                                                                  -115.1772555,
                                                                  36.103966
                                                              ],
                                                              [
                                                                  -115.1772975,
                                                                  36.1040647
                                                              ],
                                                              [
                                                                  -115.1773526,
                                                                  36.1041553
                                                              ],
                                                              [
                                                                  -115.1773755,
                                                                  36.104247
                                                              ],
                                                              [
                                                                  -115.1773868,
                                                                  36.1043704
                                                              ],
                                                              [
                                                                  -115.1773949,
                                                                  36.1045446
                                                              ],
                                                              [
                                                                  -115.1773897,
                                                                  36.1046919
                                                              ],
                                                              [
                                                                  -115.1773997,
                                                                  36.1049919
                                                              ],
                                                              [
                                                                  -115.1773817,
                                                                  36.1051918
                                                              ]
                                                          ],
                                          "type":  "LineString"
                                      }
                     }
                 ]
}
