{
    "type":  "FeatureCollection",
    "features":  [
                     {
                         "type":  "Feature",
                         "properties":  {
                                            "name":  "Directions from 100 Spring Mountain Rd, Las Vegas, NV 89109, USA to 6775 W Patrick Ln, Las Vegas, NV 89118, USA"
                                        },
                         "geometry":  {
                                          "coordinates":  [
                                                              [
                                                                  -115.1725841,
                                                                  36.1262424
                                                              ],
                                                              [
                                                                  -115.1727931,
                                                                  36.1262564
                                                              ],
                                                              [
                                                                  -115.172868,
                                                                  36.126187
                                                              ],
                                                              [
                                                                  -115.172753,
                                                                  36.126136
                                                              ],
                                                              [
                                                                  -115.172518,
                                                                  36.126054
                                                              ],
                                                              [
                                                                  -115.172251,
                                                                  36.126044
                                                              ],
                                                              [
                                                                  -115.172037,
                                                                  36.126047
                                                              ],
                                                              [
                                                                  -115.17204,
                                                                  36.125972
                                                              ],
                                                              [
                                                                  -115.1720391,
                                                                  36.1258312
                                                              ],
                                                              [
                                                                  -115.172046,
                                                                  36.1257603
                                                              ],
                                                              [
                                                                  -115.172057,
                                                                  36.125698
                                                              ],
                                                              [
                                                                  -115.172358,
                                                                  36.125701
                                                              ],
                                                              [
                                                                  -115.173031,
                                                                  36.12571
                                                              ],
                                                              [
                                                                  -115.173119,
                                                                  36.125729
                                                              ],
                                                              [
                                                                  -115.173159,
                                                                  36.125816
                                                              ],
                                                              [
                                                                  -115.173267,
                                                                  36.125939
                                                              ],
                                                              [
                                                                  -115.173368,
                                                                  36.126112
                                                              ],
                                                              [
                                                                  -115.173496,
                                                                  36.126229
                                                              ],
                                                              [
                                                                  -115.173686,
                                                                  36.126312
                                                              ],
                                                              [
                                                                  -115.173882,
                                                                  36.126331
                                                              ],
                                                              [
                                                                  -115.174078,
                                                                  36.126334
                                                              ],
                                                              [
                                                                  -115.174639,
                                                                  36.126333
                                                              ],
                                                              [
                                                                  -115.175205,
                                                                  36.12632
                                                              ],
                                                              [
                                                                  -115.175332,
                                                                  36.126281
                                                              ],
                                                              [
                                                                  -115.175505,
                                                                  36.126296
                                                              ],
                                                              [
                                                                  -115.175676,
                                                                  36.126332
                                                              ],
                                                              [
                                                                  -115.175843,
                                                                  36.126392
                                                              ],
                                                              [
                                                                  -115.176406,
                                                                  36.126636
                                                              ],
                                                              [
                                                                  -115.176527,
                                                                  36.126448
                                                              ],
                                                              [
                                                                  -115.176666,
                                                                  36.126334
                                                              ],
                                                              [
                                                                  -115.176795,
                                                                  36.126139
                                                              ],
                                                              [
                                                                  -115.177113,
                                                                  36.125651
                                                              ],
                                                              [
                                                                  -115.177307,
                                                                  36.125351
                                                              ],
                                                              [
                                                                  -115.177474,
                                                                  36.125097
                                                              ],
                                                              [
                                                                  -115.177642,
                                                                  36.124843
                                                              ],
                                                              [
                                                                  -115.177742,
                                                                  36.124689
                                                              ],
                                                              [
                                                                  -115.177867,
                                                                  36.124486
                                                              ],
                                                              [
                                                                  -115.178082,
                                                                  36.12414
                                                              ],
                                                              [
                                                                  -115.178238,
                                                                  36.123887
                                                              ],
                                                              [
                                                                  -115.178434,
                                                                  36.123502
                                                              ],
                                                              [
                                                                  -115.178652,
                                                                  36.123123
                                                              ],
                                                              [
                                                                  -115.178874,
                                                                  36.122757
                                                              ],
                                                              [
                                                                  -115.179138,
                                                                  36.122314
                                                              ],
                                                              [
                                                                  -115.179435,
                                                                  36.121776
                                                              ],
                                                              [
                                                                  -115.179753,
                                                                  36.121282
                                                              ],
                                                              [
                                                                  -115.179859,
                                                                  36.121121
                                                              ],
                                                              [
                                                                  -115.17999,
                                                                  36.120966
                                                              ],
                                                              [
                                                                  -115.180187,
                                                                  36.120768
                                                              ],
                                                              [
                                                                  -115.180347,
                                                                  36.120668
                                                              ],
                                                              [
                                                                  -115.180557,
                                                                  36.120568
                                                              ],
                                                              [
                                                                  -115.180727,
                                                                  36.120468
                                                              ],
                                                              [
                                                                  -115.180997,
                                                                  36.120308
                                                              ],
                                                              [
                                                                  -115.181176,
                                                                  36.12015
                                                              ],
                                                              [
                                                                  -115.181297,
                                                                  36.120023
                                                              ],
                                                              [
                                                                  -115.181421,
                                                                  36.119869
                                                              ],
                                                              [
                                                                  -115.181515,
                                                                  36.119702
                                                              ],
                                                              [
                                                                  -115.181607,
                                                                  36.119493
                                                              ],
                                                              [
                                                                  -115.181662,
                                                                  36.119238
                                                              ],
                                                              [
                                                                  -115.181666,
                                                                  36.118907
                                                              ],
                                                              [
                                                                  -115.181684,
                                                                  36.118686
                                                              ],
                                                              [
                                                                  -115.181732,
                                                                  36.11852
                                                              ],
                                                              [
                                                                  -115.181824,
                                                                  36.118318
                                                              ],
                                                              [
                                                                  -115.181891,
                                                                  36.118213
                                                              ],
                                                              [
                                                                  -115.182031,
                                                                  36.118028
                                                              ],
                                                              [
                                                                  -115.182164,
                                                                  36.117862
                                                              ],
                                                              [
                                                                  -115.182286,
                                                                  36.117665
                                                              ],
                                                              [
                                                                  -115.182501,
                                                                  36.117249
                                                              ],
                                                              [
                                                                  -115.182666,
                                                                  36.116936
                                                              ],
                                                              [
                                                                  -115.182892,
                                                                  36.116503
                                                              ],
                                                              [
                                                                  -115.182986,
                                                                  36.116335
                                                              ],
                                                              [
                                                                  -115.183162,
                                                                  36.116007
                                                              ],
                                                              [
                                                                  -115.183294,
                                                                  36.115746
                                                              ],
                                                              [
                                                                  -115.183458,
                                                                  36.115409
                                                              ],
                                                              [
                                                                  -115.183503,
                                                                  36.115265
                                                              ],
                                                              [
                                                                  -115.183521,
                                                                  36.11511
                                                              ],
                                                              [
                                                                  -115.183536,
                                                                  36.114805
                                                              ],
                                                              [
                                                                  -115.183535,
                                                                  36.114602
                                                              ],
                                                              [
                                                                  -115.183538,
                                                                  36.114157
                                                              ],
                                                              [
                                                                  -115.183532,
                                                                  36.113849
                                                              ],
                                                              [
                                                                  -115.183517,
                                                                  36.113608
                                                              ],
                                                              [
                                                                  -115.183479,
                                                                  36.113479
                                                              ],
                                                              [
                                                                  -115.183348,
                                                                  36.113264
                                                              ],
                                                              [
                                                                  -115.183229,
                                                                  36.113089
                                                              ],
                                                              [
                                                                  -115.18297,
                                                                  36.112849
                                                              ],
                                                              [
                                                                  -115.182652,
                                                                  36.112631
                                                              ],
                                                              [
                                                                  -115.182427,
                                                                  36.112485
                                                              ],
                                                              [
                                                                  -115.182057,
                                                                  36.112224
                                                              ],
                                                              [
                                                                  -115.181699,
                                                                  36.111939
                                                              ],
                                                              [
                                                                  -115.181484,
                                                                  36.111662
                                                              ],
                                                              [
                                                                  -115.181423,
                                                                  36.111508
                                                              ],
                                                              [
                                                                  -115.18138,
                                                                  36.111352
                                                              ],
                                                              [
                                                                  -115.181352,
                                                                  36.111082
                                                              ],
                                                              [
                                                                  -115.181332,
                                                                  36.110787
                                                              ],
                                                              [
                                                                  -115.18132,
                                                                  36.110559
                                                              ],
                                                              [
                                                                  -115.181304,
                                                                  36.110281
                                                              ],
                                                              [
                                                                  -115.181288,
                                                                  36.109872
                                                              ],
                                                              [
                                                                  -115.181293,
                                                                  36.109638
                                                              ],
                                                              [
                                                                  -115.181298,
                                                                  36.10939
                                                              ],
                                                              [
                                                                  -115.181304,
                                                                  36.109128
                                                              ],
                                                              [
                                                                  -115.181308,
                                                                  36.10896
                                                              ],
                                                              [
                                                                  -115.1814,
                                                                  36.108924
                                                              ],
                                                              [
                                                                  -115.181514,
                                                                  36.10892
                                                              ],
                                                              [
                                                                  -115.181703,
                                                                  36.108918
                                                              ],
                                                              [
                                                                  -115.181893,
                                                                  36.108932
                                                              ],
                                                              [
                                                                  -115.182348,
                                                                  36.108978
                                                              ],
                                                              [
                                                                  -115.182463,
                                                                  36.108953
                                                              ],
                                                              [
                                                                  -115.182599,
                                                                  36.108948
                                                              ],
                                                              [
                                                                  -115.182855,
                                                                  36.108947
                                                              ],
                                                              [
                                                                  -115.183027,
                                                                  36.108928
                                                              ],
                                                              [
                                                                  -115.183125,
                                                                  36.108899
                                                              ],
                                                              [
                                                                  -115.183217,
                                                                  36.108858
                                                              ],
                                                              [
                                                                  -115.183262,
                                                                  36.108816
                                                              ],
                                                              [
                                                                  -115.183298,
                                                                  36.108767
                                                              ],
                                                              [
                                                                  -115.183373,
                                                                  36.108632
                                                              ],
                                                              [
                                                                  -115.183404,
                                                                  36.10857
                                                              ],
                                                              [
                                                                  -115.183425,
                                                                  36.1085
                                                              ],
                                                              [
                                                                  -115.183464,
                                                                  36.10834
                                                              ],
                                                              [
                                                                  -115.183479,
                                                                  36.108283
                                                              ],
                                                              [
                                                                  -115.183503,
                                                                  36.108231
                                                              ],
                                                              [
                                                                  -115.184317,
                                                                  36.108243
                                                              ],
                                                              [
                                                                  -115.184897,
                                                                  36.108258
                                                              ],
                                                              [
                                                                  -115.185177,
                                                                  36.108268
                                                              ],
                                                              [
                                                                  -115.18553,
                                                                  36.108304
                                                              ],
                                                              [
                                                                  -115.185927,
                                                                  36.108351
                                                              ],
                                                              [
                                                                  -115.186126,
                                                                  36.108385
                                                              ],
                                                              [
                                                                  -115.186325,
                                                                  36.108412
                                                              ],
                                                              [
                                                                  -115.186556,
                                                                  36.108442
                                                              ],
                                                              [
                                                                  -115.186678,
                                                                  36.108472
                                                              ],
                                                              [
                                                                  -115.18679,
                                                                  36.108518
                                                              ],
                                                              [
                                                                  -115.186843,
                                                                  36.108558
                                                              ],
                                                              [
                                                                  -115.186867,
                                                                  36.108598
                                                              ],
                                                              [
                                                                  -115.186901,
                                                                  36.108651
                                                              ],
                                                              [
                                                                  -115.186917,
                                                                  36.108707
                                                              ],
                                                              [
                                                                  -115.186923,
                                                                  36.108901
                                                              ],
                                                              [
                                                                  -115.186937,
                                                                  36.109146
                                                              ],
                                                              [
                                                                  -115.186967,
                                                                  36.109215
                                                              ],
                                                              [
                                                                  -115.187012,
                                                                  36.109281
                                                              ],
                                                              [
                                                                  -115.187102,
                                                                  36.109373
                                                              ],
                                                              [
                                                                  -115.187197,
                                                                  36.109428
                                                              ],
                                                              [
                                                                  -115.187317,
                                                                  36.109478
                                                              ],
                                                              [
                                                                  -115.187407,
                                                                  36.109498
                                                              ],
                                                              [
                                                                  -115.187497,
                                                                  36.109498
                                                              ],
                                                              [
                                                                  -115.187547,
                                                                  36.109498
                                                              ],
                                                              [
                                                                  -115.187607,
                                                                  36.109488
                                                              ],
                                                              [
                                                                  -115.187717,
                                                                  36.109458
                                                              ],
                                                              [
                                                                  -115.187787,
                                                                  36.109438
                                                              ],
                                                              [
                                                                  -115.187857,
                                                                  36.109408
                                                              ],
                                                              [
                                                                  -115.187967,
                                                                  36.109368
                                                              ],
                                                              [
                                                                  -115.188117,
                                                                  36.109288
                                                              ],
                                                              [
                                                                  -115.188297,
                                                                  36.109158
                                                              ],
                                                              [
                                                                  -115.188407,
                                                                  36.109058
                                                              ],
                                                              [
                                                                  -115.188487,
                                                                  36.108978
                                                              ],
                                                              [
                                                                  -115.188527,
                                                                  36.108928
                                                              ],
                                                              [
                                                                  -115.188547,
                                                                  36.108908
                                                              ],
                                                              [
                                                                  -115.188577,
                                                                  36.108878
                                                              ],
                                                              [
                                                                  -115.188617,
                                                                  36.108828
                                                              ],
                                                              [
                                                                  -115.188667,
                                                                  36.108758
                                                              ],
                                                              [
                                                                  -115.188717,
                                                                  36.108688
                                                              ],
                                                              [
                                                                  -115.188747,
                                                                  36.108638
                                                              ],
                                                              [
                                                                  -115.188827,
                                                                  36.108508
                                                              ],
                                                              [
                                                                  -115.188917,
                                                                  36.108348
                                                              ],
                                                              [
                                                                  -115.189007,
                                                                  36.108178
                                                              ],
                                                              [
                                                                  -115.189097,
                                                                  36.108018
                                                              ],
                                                              [
                                                                  -115.189187,
                                                                  36.107858
                                                              ],
                                                              [
                                                                  -115.189277,
                                                                  36.107698
                                                              ],
                                                              [
                                                                  -115.189457,
                                                                  36.107368
                                                              ],
                                                              [
                                                                  -115.189623,
                                                                  36.107072
                                                              ],
                                                              [
                                                                  -115.189747,
                                                                  36.106818
                                                              ],
                                                              [
                                                                  -115.189781,
                                                                  36.106718
                                                              ],
                                                              [
                                                                  -115.18984,
                                                                  36.106528
                                                              ],
                                                              [
                                                                  -115.189887,
                                                                  36.106338
                                                              ],
                                                              [
                                                                  -115.189917,
                                                                  36.106218
                                                              ],
                                                              [
                                                                  -115.189947,
                                                                  36.106048
                                                              ],
                                                              [
                                                                  -115.189967,
                                                                  36.105848
                                                              ],
                                                              [
                                                                  -115.189967,
                                                                  36.105708
                                                              ],
                                                              [
                                                                  -115.189961,
                                                                  36.105443
                                                              ],
                                                              [
                                                                  -115.189956,
                                                                  36.105048
                                                              ],
                                                              [
                                                                  -115.189944,
                                                                  36.104656
                                                              ],
                                                              [
                                                                  -115.189944,
                                                                  36.104536
                                                              ],
                                                              [
                                                                  -115.189946,
                                                                  36.104338
                                                              ],
                                                              [
                                                                  -115.189944,
                                                                  36.10396
                                                              ],
                                                              [
                                                                  -115.189946,
                                                                  36.103735
                                                              ],
                                                              [
                                                                  -115.189948,
                                                                  36.103507
                                                              ],
                                                              [
                                                                  -115.189945,
                                                                  36.10322
                                                              ],
                                                              [
                                                                  -115.18994,
                                                                  36.102882
                                                              ],
                                                              [
                                                                  -115.189942,
                                                                  36.102607
                                                              ],
                                                              [
                                                                  -115.189952,
                                                                  36.102337
                                                              ],
                                                              [
                                                                  -115.189956,
                                                                  36.101952
                                                              ],
                                                              [
                                                                  -115.189949,
                                                                  36.101817
                                                              ],
                                                              [
                                                                  -115.189947,
                                                                  36.101753
                                                              ],
                                                              [
                                                                  -115.189958,
                                                                  36.101697
                                                              ],
                                                              [
                                                                  -115.189945,
                                                                  36.101387
                                                              ],
                                                              [
                                                                  -115.189946,
                                                                  36.101219
                                                              ],
                                                              [
                                                                  -115.189924,
                                                                  36.101033
                                                              ],
                                                              [
                                                                  -115.18993,
                                                                  36.100927
                                                              ],
                                                              [
                                                                  -115.189947,
                                                                  36.100828
                                                              ],
                                                              [
                                                                  -115.189937,
                                                                  36.100218
                                                              ],
                                                              [
                                                                  -115.189937,
                                                                  36.100198
                                                              ],
                                                              [
                                                                  -115.189942,
                                                                  36.09991
                                                              ],
                                                              [
                                                                  -115.189928,
                                                                  36.099658
                                                              ],
                                                              [
                                                                  -115.18992,
                                                                  36.099365
                                                              ],
                                                              [
                                                                  -115.189923,
                                                                  36.099072
                                                              ],
                                                              [
                                                                  -115.189926,
                                                                  36.098783
                                                              ],
                                                              [
                                                                  -115.189927,
                                                                  36.09856
                                                              ],
                                                              [
                                                                  -115.189925,
                                                                  36.098259
                                                              ],
                                                              [
                                                                  -115.189929,
                                                                  36.097966
                                                              ],
                                                              [
                                                                  -115.189926,
                                                                  36.097603
                                                              ],
                                                              [
                                                                  -115.189925,
                                                                  36.09725
                                                              ],
                                                              [
                                                                  -115.18993,
                                                                  36.097028
                                                              ],
                                                              [
                                                                  -115.18993,
                                                                  36.096699
                                                              ],
                                                              [
                                                                  -115.189927,
                                                                  36.096411
                                                              ],
                                                              [
                                                                  -115.189931,
                                                                  36.096152
                                                              ],
                                                              [
                                                                  -115.189933,
                                                                  36.095906
                                                              ],
                                                              [
                                                                  -115.189929,
                                                                  36.095652
                                                              ],
                                                              [
                                                                  -115.189928,
                                                                  36.095382
                                                              ],
                                                              [
                                                                  -115.189935,
                                                                  36.094965
                                                              ],
                                                              [
                                                                  -115.189937,
                                                                  36.094596
                                                              ],
                                                              [
                                                                  -115.18991,
                                                                  36.094437
                                                              ],
                                                              [
                                                                  -115.189917,
                                                                  36.09435
                                                              ],
                                                              [
                                                                  -115.189937,
                                                                  36.094268
                                                              ],
                                                              [
                                                                  -115.189947,
                                                                  36.094062
                                                              ],
                                                              [
                                                                  -115.189945,
                                                                  36.093891
                                                              ],
                                                              [
                                                                  -115.189937,
                                                                  36.093668
                                                              ],
                                                              [
                                                                  -115.189947,
                                                                  36.093578
                                                              ],
                                                              [
                                                                  -115.189941,
                                                                  36.093336
                                                              ],
                                                              [
                                                                  -115.189941,
                                                                  36.093178
                                                              ],
                                                              [
                                                                  -115.189947,
                                                                  36.092868
                                                              ],
                                                              [
                                                                  -115.189937,
                                                                  36.092653
                                                              ],
                                                              [
                                                                  -115.18994,
                                                                  36.092328
                                                              ],
                                                              [
                                                                  -115.189939,
                                                                  36.09206
                                                              ],
                                                              [
                                                                  -115.189944,
                                                                  36.091789
                                                              ],
                                                              [
                                                                  -115.189937,
                                                                  36.091506
                                                              ],
                                                              [
                                                                  -115.18994,
                                                                  36.091223
                                                              ],
                                                              [
                                                                  -115.18994,
                                                                  36.09105
                                                              ],
                                                              [
                                                                  -115.189944,
                                                                  36.090903
                                                              ],
                                                              [
                                                                  -115.189946,
                                                                  36.090725
                                                              ],
                                                              [
                                                                  -115.189948,
                                                                  36.090391
                                                              ],
                                                              [
                                                                  -115.189949,
                                                                  36.09011
                                                              ],
                                                              [
                                                                  -115.189947,
                                                                  36.089748
                                                              ],
                                                              [
                                                                  -115.189951,
                                                                  36.089499
                                                              ],
                                                              [
                                                                  -115.189947,
                                                                  36.089128
                                                              ],
                                                              [
                                                                  -115.189947,
                                                                  36.088958
                                                              ],
                                                              [
                                                                  -115.189945,
                                                                  36.088649
                                                              ],
                                                              [
                                                                  -115.189953,
                                                                  36.088358
                                                              ],
                                                              [
                                                                  -115.189944,
                                                                  36.088117
                                                              ],
                                                              [
                                                                  -115.189953,
                                                                  36.087853
                                                              ],
                                                              [
                                                                  -115.18996,
                                                                  36.08759
                                                              ],
                                                              [
                                                                  -115.189954,
                                                                  36.087239
                                                              ],
                                                              [
                                                                  -115.189962,
                                                                  36.08715
                                                              ],
                                                              [
                                                                  -115.189985,
                                                                  36.087055
                                                              ],
                                                              [
                                                                  -115.189995,
                                                                  36.086731
                                                              ],
                                                              [
                                                                  -115.190004,
                                                                  36.086488
                                                              ],
                                                              [
                                                                  -115.190018,
                                                                  36.086432
                                                              ],
                                                              [
                                                                  -115.190086,
                                                                  36.086424
                                                              ],
                                                              [
                                                                  -115.19069,
                                                                  36.086425
                                                              ],
                                                              [
                                                                  -115.190888,
                                                                  36.086396
                                                              ],
                                                              [
                                                                  -115.191551,
                                                                  36.086381
                                                              ],
                                                              [
                                                                  -115.192248,
                                                                  36.086385
                                                              ],
                                                              [
                                                                  -115.192637,
                                                                  36.086402
                                                              ],
                                                              [
                                                                  -115.193027,
                                                                  36.086409
                                                              ],
                                                              [
                                                                  -115.193652,
                                                                  36.0864
                                                              ],
                                                              [
                                                                  -115.194273,
                                                                  36.086387
                                                              ],
                                                              [
                                                                  -115.194641,
                                                                  36.0864
                                                              ],
                                                              [
                                                                  -115.194906,
                                                                  36.086394
                                                              ],
                                                              [
                                                                  -115.195168,
                                                                  36.086377
                                                              ],
                                                              [
                                                                  -115.19534,
                                                                  36.086401
                                                              ],
                                                              [
                                                                  -115.195503,
                                                                  36.086404
                                                              ],
                                                              [
                                                                  -115.195837,
                                                                  36.086404
                                                              ],
                                                              [
                                                                  -115.196509,
                                                                  36.086402
                                                              ],
                                                              [
                                                                  -115.196948,
                                                                  36.0864
                                                              ],
                                                              [
                                                                  -115.197829,
                                                                  36.086397
                                                              ],
                                                              [
                                                                  -115.198466,
                                                                  36.086399
                                                              ],
                                                              [
                                                                  -115.199193,
                                                                  36.086393
                                                              ],
                                                              [
                                                                  -115.199991,
                                                                  36.086401
                                                              ],
                                                              [
                                                                  -115.200906,
                                                                  36.086401
                                                              ],
                                                              [
                                                                  -115.201519,
                                                                  36.086406
                                                              ],
                                                              [
                                                                  -115.202151,
                                                                  36.086406
                                                              ],
                                                              [
                                                                  -115.202795,
                                                                  36.086408
                                                              ],
                                                              [
                                                                  -115.203313,
                                                                  36.086409
                                                              ],
                                                              [
                                                                  -115.203866,
                                                                  36.086411
                                                              ],
                                                              [
                                                                  -115.204237,
                                                                  36.086408
                                                              ],
                                                              [
                                                                  -115.204608,
                                                                  36.086412
                                                              ],
                                                              [
                                                                  -115.205125,
                                                                  36.086415
                                                              ],
                                                              [
                                                                  -115.205743,
                                                                  36.086413
                                                              ],
                                                              [
                                                                  -115.206111,
                                                                  36.086413
                                                              ],
                                                              [
                                                                  -115.206296,
                                                                  36.086414
                                                              ],
                                                              [
                                                                  -115.20648,
                                                                  36.086429
                                                              ],
                                                              [
                                                                  -115.206556,
                                                                  36.086436
                                                              ],
                                                              [
                                                                  -115.206645,
                                                                  36.086431
                                                              ],
                                                              [
                                                                  -115.206812,
                                                                  36.086423
                                                              ],
                                                              [
                                                                  -115.207143,
                                                                  36.086426
                                                              ],
                                                              [
                                                                  -115.207824,
                                                                  36.086427
                                                              ],
                                                              [
                                                                  -115.208045,
                                                                  36.086427
                                                              ],
                                                              [
                                                                  -115.208267,
                                                                  36.086418
                                                              ],
                                                              [
                                                                  -115.208517,
                                                                  36.086405
                                                              ],
                                                              [
                                                                  -115.209217,
                                                                  36.086358
                                                              ],
                                                              [
                                                                  -115.209409,
                                                                  36.086329
                                                              ],
                                                              [
                                                                  -115.209602,
                                                                  36.08632
                                                              ],
                                                              [
                                                                  -115.210098,
                                                                  36.086297
                                                              ],
                                                              [
                                                                  -115.210952,
                                                                  36.08625
                                                              ],
                                                              [
                                                                  -115.211591,
                                                                  36.086218
                                                              ],
                                                              [
                                                                  -115.212267,
                                                                  36.086192
                                                              ],
                                                              [
                                                                  -115.212418,
                                                                  36.086167
                                                              ],
                                                              [
                                                                  -115.212583,
                                                                  36.086159
                                                              ],
                                                              [
                                                                  -115.212917,
                                                                  36.086149
                                                              ],
                                                              [
                                                                  -115.213582,
                                                                  36.086109
                                                              ],
                                                              [
                                                                  -115.214149,
                                                                  36.086076
                                                              ],
                                                              [
                                                                  -115.214722,
                                                                  36.086046
                                                              ],
                                                              [
                                                                  -115.215278,
                                                                  36.086016
                                                              ],
                                                              [
                                                                  -115.215886,
                                                                  36.085981
                                                              ],
                                                              [
                                                                  -115.216262,
                                                                  36.085954
                                                              ],
                                                              [
                                                                  -115.216636,
                                                                  36.085939
                                                              ],
                                                              [
                                                                  -115.217369,
                                                                  36.085898
                                                              ],
                                                              [
                                                                  -115.217905,
                                                                  36.085869
                                                              ],
                                                              [
                                                                  -115.218278,
                                                                  36.085847
                                                              ],
                                                              [
                                                                  -115.218789,
                                                                  36.085817
                                                              ],
                                                              [
                                                                  -115.219433,
                                                                  36.085781
                                                              ],
                                                              [
                                                                  -115.220081,
                                                                  36.085745
                                                              ],
                                                              [
                                                                  -115.220963,
                                                                  36.085696
                                                              ],
                                                              [
                                                                  -115.221853,
                                                                  36.085652
                                                              ],
                                                              [
                                                                  -115.222608,
                                                                  36.085611
                                                              ],
                                                              [
                                                                  -115.223149,
                                                                  36.085581
                                                              ],
                                                              [
                                                                  -115.223856,
                                                                  36.08554
                                                              ],
                                                              [
                                                                  -115.224505,
                                                                  36.085493
                                                              ],
                                                              [
                                                                  -115.225247,
                                                                  36.085439
                                                              ],
                                                              [
                                                                  -115.225475,
                                                                  36.085426
                                                              ],
                                                              [
                                                                  -115.226321,
                                                                  36.085419
                                                              ],
                                                              [
                                                                  -115.22664,
                                                                  36.085408
                                                              ],
                                                              [
                                                                  -115.226748,
                                                                  36.085401
                                                              ],
                                                              [
                                                                  -115.226866,
                                                                  36.085386
                                                              ],
                                                              [
                                                                  -115.226963,
                                                                  36.085374
                                                              ],
                                                              [
                                                                  -115.227231,
                                                                  36.085364
                                                              ],
                                                              [
                                                                  -115.227367,
                                                                  36.085365
                                                              ],
                                                              [
                                                                  -115.227502,
                                                                  36.085372
                                                              ],
                                                              [
                                                                  -115.227797,
                                                                  36.085382
                                                              ],
                                                              [
                                                                  -115.228094,
                                                                  36.085381
                                                              ],
                                                              [
                                                                  -115.228687,
                                                                  36.085372
                                                              ],
                                                              [
                                                                  -115.229071,
                                                                  36.085366
                                                              ],
                                                              [
                                                                  -115.229707,
                                                                  36.085357
                                                              ],
                                                              [
                                                                  -115.230222,
                                                                  36.08535
                                                              ],
                                                              [
                                                                  -115.230747,
                                                                  36.085343
                                                              ],
                                                              [
                                                                  -115.231315,
                                                                  36.085333
                                                              ],
                                                              [
                                                                  -115.231879,
                                                                  36.085322
                                                              ],
                                                              [
                                                                  -115.232549,
                                                                  36.085315
                                                              ],
                                                              [
                                                                  -115.233371,
                                                                  36.0853
                                                              ],
                                                              [
                                                                  -115.233439,
                                                                  36.085285
                                                              ],
                                                              [
                                                                  -115.233516,
                                                                  36.085275
                                                              ],
                                                              [
                                                                  -115.233707,
                                                                  36.085267
                                                              ],
                                                              [
                                                                  -115.234067,
                                                                  36.085258
                                                              ],
                                                              [
                                                                  -115.234125,
                                                                  36.085116
                                                              ],
                                                              [
                                                                  -115.234108,
                                                                  36.084873
                                                              ],
                                                              [
                                                                  -115.234067,
                                                                  36.084669
                                                              ],
                                                              [
                                                                  -115.234034,
                                                                  36.084058
                                                              ],
                                                              [
                                                                  -115.234009,
                                                                  36.083448
                                                              ],
                                                              [
                                                                  -115.233965,
                                                                  36.082538
                                                              ],
                                                              [
                                                                  -115.233942,
                                                                  36.082079
                                                              ],
                                                              [
                                                                  -115.233933,
                                                                  36.081851
                                                              ],
                                                              [
                                                                  -115.233923,
                                                                  36.081626
                                                              ],
                                                              [
                                                                  -115.233902,
                                                                  36.081242
                                                              ],
                                                              [
                                                                  -115.23388,
                                                                  36.080855
                                                              ],
                                                              [
                                                                  -115.233859,
                                                                  36.080335
                                                              ],
                                                              [
                                                                  -115.233834,
                                                                  36.079818
                                                              ],
                                                              [
                                                                  -115.233809,
                                                                  36.079267
                                                              ],
                                                              [
                                                                  -115.233787,
                                                                  36.078715
                                                              ],
                                                              [
                                                                  -115.233772,
                                                                  36.078523
                                                              ],
                                                              [
                                                                  -115.233752,
                                                                  36.078262
                                                              ],
                                                              [
                                                                  -115.233739,
                                                                  36.078118
                                                              ],
                                                              [
                                                                  -115.23374,
                                                                  36.078055
                                                              ],
                                                              [
                                                                  -115.233771,
                                                                  36.078021
                                                              ],
                                                              [
                                                                  -115.234123,
                                                                  36.078015
                                                              ],
                                                              [
                                                                  -115.234516,
                                                                  36.078007
                                                              ],
                                                              [
                                                                  -115.235186,
                                                                  36.077997
                                                              ],
                                                              [
                                                                  -115.235571,
                                                                  36.078001
                                                              ],
                                                              [
                                                                  -115.235955,
                                                                  36.078003
                                                              ],
                                                              [
                                                                  -115.236766,
                                                                  36.077977
                                                              ],
                                                              [
                                                                  -115.237577,
                                                                  36.077957
                                                              ],
                                                              [
                                                                  -115.238195,
                                                                  36.077946
                                                              ],
                                                              [
                                                                  -115.238807,
                                                                  36.077938
                                                              ],
                                                              [
                                                                  -115.239266,
                                                                  36.077923
                                                              ],
                                                              [
                                                                  -115.239629,
                                                                  36.077918
                                                              ],
                                                              [
                                                                  -115.239809,
                                                                  36.077914
                                                              ],
                                                              [
                                                                  -115.239892,
                                                                  36.077908
                                                              ],
                                                              [
                                                                  -115.239945,
                                                                  36.077866
                                                              ],
                                                              [
                                                                  -115.239944,
                                                                  36.077792
                                                              ]
                                                          ],
                                          "type":  "LineString"
                                      }
                     }
                 ]
}
