{
    "type":  "FeatureCollection",
    "features":  [
                     {
                         "type":  "Feature",
                         "properties":  {
                                            "name":  "F1 RETURN ZONE E TO KH"
                                        },
                         "geometry":  {
                                          "coordinates":  [
                                                              [
                                                                  -115.158707,
                                                                  36.107088
                                                              ],
                                                              [
                                                                  -115.158512,
                                                                  36.107075
                                                              ],
                                                              [
                                                                  -115.158414,
                                                                  36.107068
                                                              ],
                                                              [
                                                                  -115.158404,
                                                                  36.106816
                                                              ],
                                                              [
                                                                  -115.158384,
                                                                  36.106507
                                                              ],
                                                              [
                                                                  -115.158373,
                                                                  36.106401
                                                              ],
                                                              [
                                                                  -115.158337,
                                                                  36.106309
                                                              ],
                                                              [
                                                                  -115.158287,
                                                                  36.106221
                                                              ],
                                                              [
                                                                  -115.158259,
                                                                  36.105998
                                                              ],
                                                              [
                                                                  -115.158257,
                                                                  36.105928
                                                              ],
                                                              [
                                                                  -115.158264,
                                                                  36.105878
                                                              ],
                                                              [
                                                                  -115.158269,
                                                                  36.10579
                                                              ],
                                                              [
                                                                  -115.158272,
                                                                  36.105379
                                                              ],
                                                              [
                                                                  -115.158273,
                                                                  36.105168
                                                              ],
                                                              [
                                                                  -115.158273,
                                                                  36.104968
                                                              ],
                                                              [
                                                                  -115.158268,
                                                                  36.104796
                                                              ],
                                                              [
                                                                  -115.158272,
                                                                  36.104709
                                                              ],
                                                              [
                                                                  -115.15827,
                                                                  36.104662
                                                              ],
                                                              [
                                                                  -115.158244,
                                                                  36.104586
                                                              ],
                                                              [
                                                                  -115.158188,
                                                                  36.104535
                                                              ],
                                                              [
                                                                  -115.158165,
                                                                  36.104521
                                                              ],
                                                              [
                                                                  -115.158121,
                                                                  36.104498
                                                              ],
                                                              [
                                                                  -115.15809,
                                                                  36.10449
                                                              ],
                                                              [
                                                                  -115.158056,
                                                                  36.104477
                                                              ],
                                                              [
                                                                  -115.158028,
                                                                  36.104473
                                                              ],
                                                              [
                                                                  -115.157984,
                                                                  36.104473
                                                              ],
                                                              [
                                                                  -115.157735,
                                                                  36.104474
                                                              ],
                                                              [
                                                                  -115.15756,
                                                                  36.10448
                                                              ],
                                                              [
                                                                  -115.15755,
                                                                  36.10448
                                                              ],
                                                              [
                                                                  -115.15754,
                                                                  36.10448
                                                              ],
                                                              [
                                                                  -115.15751,
                                                                  36.10448
                                                              ],
                                                              [
                                                                  -115.15747,
                                                                  36.10447
                                                              ],
                                                              [
                                                                  -115.157387,
                                                                  36.104325
                                                              ],
                                                              [
                                                                  -115.157368,
                                                                  36.104282
                                                              ],
                                                              [
                                                                  -115.157357,
                                                                  36.104247
                                                              ],
                                                              [
                                                                  -115.157338,
                                                                  36.10421
                                                              ],
                                                              [
                                                                  -115.157313,
                                                                  36.104174
                                                              ],
                                                              [
                                                                  -115.157273,
                                                                  36.104114
                                                              ],
                                                              [
                                                                  -115.157254,
                                                                  36.104074
                                                              ],
                                                              [
                                                                  -115.157191,
                                                                  36.103944
                                                              ],
                                                              [
                                                                  -115.157195,
                                                                  36.103882
                                                              ],
                                                              [
                                                                  -115.1572,
                                                                  36.10384
                                                              ],
                                                              [
                                                                  -115.157238,
                                                                  36.1036
                                                              ],
                                                              [
                                                                  -115.157249,
                                                                  36.103466
                                                              ],
                                                              [
                                                                  -115.157259,
                                                                  36.103348
                                                              ],
                                                              [
                                                                  -115.157269,
                                                                  36.103262
                                                              ],
                                                              [
                                                                  -115.157272,
                                                                  36.103116
                                                              ],
                                                              [
                                                                  -115.157266,
                                                                  36.102999
                                                              ],
                                                              [
                                                                  -115.157276,
                                                                  36.102829
                                                              ],
                                                              [
                                                                  -115.157332,
                                                                  36.102529
                                                              ],
                                                              [
                                                                  -115.15735,
                                                                  36.102415
                                                              ],
                                                              [
                                                                  -115.157338,
                                                                  36.102299
                                                              ],
                                                              [
                                                                  -115.157308,
                                                                  36.102233
                                                              ],
                                                              [
                                                                  -115.157269,
                                                                  36.102148
                                                              ],
                                                              [
                                                                  -115.157218,
                                                                  36.102077
                                                              ],
                                                              [
                                                                  -115.157174,
                                                                  36.102034
                                                              ],
                                                              [
                                                                  -115.156872,
                                                                  36.101737
                                                              ],
                                                              [
                                                                  -115.156714,
                                                                  36.101601
                                                              ],
                                                              [
                                                                  -115.156638,
                                                                  36.101439
                                                              ],
                                                              [
                                                                  -115.156623,
                                                                  36.101292
                                                              ],
                                                              [
                                                                  -115.156632,
                                                                  36.101037
                                                              ],
                                                              [
                                                                  -115.156739,
                                                                  36.101017
                                                              ],
                                                              [
                                                                  -115.15718,
                                                                  36.10098
                                                              ],
                                                              [
                                                                  -115.158094,
                                                                  36.100941
                                                              ],
                                                              [
                                                                  -115.158356,
                                                                  36.100935
                                                              ],
                                                              [
                                                                  -115.158916,
                                                                  36.100932
                                                              ],
                                                              [
                                                                  -115.159075,
                                                                  36.100928
                                                              ],
                                                              [
                                                                  -115.159486,
                                                                  36.100924
                                                              ],
                                                              [
                                                                  -115.159969,
                                                                  36.10092
                                                              ],
                                                              [
                                                                  -115.160626,
                                                                  36.100932
                                                              ],
                                                              [
                                                                  -115.160837,
                                                                  36.100939
                                                              ],
                                                              [
                                                                  -115.161313,
                                                                  36.100937
                                                              ],
                                                              [
                                                                  -115.161572,
                                                                  36.10094
                                                              ],
                                                              [
                                                                  -115.1618333,
                                                                  36.1009332
                                                              ],
                                                              [
                                                                  -115.162598,
                                                                  36.100901
                                                              ],
                                                              [
                                                                  -115.162872,
                                                                  36.100891
                                                              ],
                                                              [
                                                                  -115.163124,
                                                                  36.100884
                                                              ],
                                                              [
                                                                  -115.16341,
                                                                  36.10087
                                                              ],
                                                              [
                                                                  -115.163647,
                                                                  36.10087
                                                              ],
                                                              [
                                                                  -115.163853,
                                                                  36.100868
                                                              ],
                                                              [
                                                                  -115.163906,
                                                                  36.100837
                                                              ],
                                                              [
                                                                  -115.16394,
                                                                  36.1008
                                                              ],
                                                              [
                                                                  -115.16395,
                                                                  36.10051
                                                              ],
                                                              [
                                                                  -115.1639615,
                                                                  36.1003592
                                                              ],
                                                              [
                                                                  -115.1639591,
                                                                  36.1001473
                                                              ],
                                                              [
                                                                  -115.1639592,
                                                                  36.0996411
                                                              ],
                                                              [
                                                                  -115.1639495,
                                                                  36.099085
                                                              ],
                                                              [
                                                                  -115.1639525,
                                                                  36.0986832
                                                              ],
                                                              [
                                                                  -115.1639534,
                                                                  36.0983781
                                                              ],
                                                              [
                                                                  -115.1639447,
                                                                  36.0979986
                                                              ],
                                                              [
                                                                  -115.1639457,
                                                                  36.0978198
                                                              ],
                                                              [
                                                                  -115.1639955,
                                                                  36.0976411
                                                              ],
                                                              [
                                                                  -115.1641088,
                                                                  36.097483
                                                              ],
                                                              [
                                                                  -115.1642348,
                                                                  36.0973819
                                                              ],
                                                              [
                                                                  -115.1643513,
                                                                  36.0973241
                                                              ],
                                                              [
                                                                  -115.1645513,
                                                                  36.0972784
                                                              ],
                                                              [
                                                                  -115.1647667,
                                                                  36.0972649
                                                              ],
                                                              [
                                                                  -115.1650257,
                                                                  36.0972582
                                                              ],
                                                              [
                                                                  -115.1654013,
                                                                  36.0972755
                                                              ],
                                                              [
                                                                  -115.166038,
                                                                  36.0972957
                                                              ],
                                                              [
                                                                  -115.166629,
                                                                  36.097274
                                                              ],
                                                              [
                                                                  -115.166847,
                                                                  36.097279
                                                              ],
                                                              [
                                                                  -115.167165,
                                                                  36.097282
                                                              ],
                                                              [
                                                                  -115.167367,
                                                                  36.097286
                                                              ],
                                                              [
                                                                  -115.167778,
                                                                  36.097291
                                                              ],
                                                              [
                                                                  -115.1682963,
                                                                  36.0972986
                                                              ],
                                                              [
                                                                  -115.169098,
                                                                  36.097306
                                                              ],
                                                              [
                                                                  -115.169353,
                                                                  36.097312
                                                              ],
                                                              [
                                                                  -115.169539,
                                                                  36.097306
                                                              ],
                                                              [
                                                                  -115.169587,
                                                                  36.097324
                                                              ],
                                                              [
                                                                  -115.169804,
                                                                  36.0973033
                                                              ],
                                                              [
                                                                  -115.1700507,
                                                                  36.0972579
                                                              ],
                                                              [
                                                                  -115.170182,
                                                                  36.0972515
                                                              ],
                                                              [
                                                                  -115.170365,
                                                                  36.0973047
                                                              ],
                                                              [
                                                                  -115.1704812,
                                                                  36.0973289
                                                              ],
                                                              [
                                                                  -115.1706,
                                                                  36.09734
                                                              ],
                                                              [
                                                                  -115.171241,
                                                                  36.0973419
                                                              ],
                                                              [
                                                                  -115.1716786,
                                                                  36.0973378
                                                              ],
                                                              [
                                                                  -115.1718551,
                                                                  36.0973181
                                                              ],
                                                              [
                                                                  -115.1721067,
                                                                  36.0973127
                                                              ],
                                                              [
                                                                  -115.172749,
                                                                  36.0973247
                                                              ],
                                                              [
                                                                  -115.1729567,
                                                                  36.0973194
                                                              ],
                                                              [
                                                                  -115.1731,
                                                                  36.0972491
                                                              ],
                                                              [
                                                                  -115.1731389,
                                                                  36.0971209
                                                              ],
                                                              [
                                                                  -115.1731416,
                                                                  36.0968446
                                                              ],
                                                              [
                                                                  -115.1731055,
                                                                  36.0964839
                                                              ],
                                                              [
                                                                  -115.1730955,
                                                                  36.0962835
                                                              ],
                                                              [
                                                                  -115.1730952,
                                                                  36.0958428
                                                              ],
                                                              [
                                                                  -115.1730895,
                                                                  36.0953946
                                                              ],
                                                              [
                                                                  -115.1730763,
                                                                  36.0952212
                                                              ],
                                                              [
                                                                  -115.17309,
                                                                  36.09505
                                                              ],
                                                              [
                                                                  -115.1730807,
                                                                  36.0942557
                                                              ],
                                                              [
                                                                  -115.1730794,
                                                                  36.0939735
                                                              ],
                                                              [
                                                                  -115.17306,
                                                                  36.09316
                                                              ],
                                                              [
                                                                  -115.1730563,
                                                                  36.0927217
                                                              ],
                                                              [
                                                                  -115.1730553,
                                                                  36.092418
                                                              ],
                                                              [
                                                                  -115.1730523,
                                                                  36.0919575
                                                              ],
                                                              [
                                                                  -115.1730359,
                                                                  36.0917319
                                                              ],
                                                              [
                                                                  -115.1730378,
                                                                  36.0913751
                                                              ],
                                                              [
                                                                  -115.1730425,
                                                                  36.0910324
                                                              ],
                                                              [
                                                                  -115.1730422,
                                                                  36.0907828
                                                              ],
                                                              [
                                                                  -115.1730424,
                                                                  36.0905102
                                                              ],
                                                              [
                                                                  -115.1730441,
                                                                  36.0901705
                                                              ],
                                                              [
                                                                  -115.1730405,
                                                                  36.0898352
                                                              ],
                                                              [
                                                                  -115.1730425,
                                                                  36.089658
                                                              ],
                                                              [
                                                                  -115.1730941,
                                                                  36.0890718
                                                              ],
                                                              [
                                                                  -115.173104,
                                                                  36.08858
                                                              ],
                                                              [
                                                                  -115.1731183,
                                                                  36.08786
                                                              ],
                                                              [
                                                                  -115.1731152,
                                                                  36.0871567
                                                              ],
                                                              [
                                                                  -115.1731163,
                                                                  36.0867174
                                                              ],
                                                              [
                                                                  -115.1731115,
                                                                  36.0864707
                                                              ],
                                                              [
                                                                  -115.1731265,
                                                                  36.0863625
                                                              ],
                                                              [
                                                                  -115.173171,
                                                                  36.086302
                                                              ],
                                                              [
                                                                  -115.173563,
                                                                  36.086254
                                                              ],
                                                              [
                                                                  -115.1737739,
                                                                  36.0862127
                                                              ],
                                                              [
                                                                  -115.1743013,
                                                                  36.0862227
                                                              ],
                                                              [
                                                                  -115.17464,
                                                                  36.0862248
                                                              ],
                                                              [
                                                                  -115.17491,
                                                                  36.0862059
                                                              ],
                                                              [
                                                                  -115.1752348,
                                                                  36.0861859
                                                              ],
                                                              [
                                                                  -115.17547,
                                                                  36.0861659
                                                              ],
                                                              [
                                                                  -115.1759003,
                                                                  36.0861297
                                                              ],
                                                              [
                                                                  -115.1761954,
                                                                  36.0861051
                                                              ],
                                                              [
                                                                  -115.176626,
                                                                  36.0860662
                                                              ],
                                                              [
                                                                  -115.1769088,
                                                                  36.0860386
                                                              ],
                                                              [
                                                                  -115.1772072,
                                                                  36.086022
                                                              ],
                                                              [
                                                                  -115.1775055,
                                                                  36.0860162
                                                              ],
                                                              [
                                                                  -115.1779509,
                                                                  36.0860141
                                                              ],
                                                              [
                                                                  -115.1783963,
                                                                  36.0860251
                                                              ],
                                                              [
                                                                  -115.1788699,
                                                                  36.0860265
                                                              ],
                                                              [
                                                                  -115.1793327,
                                                                  36.0860394
                                                              ],
                                                              [
                                                                  -115.1798713,
                                                                  36.0860407
                                                              ],
                                                              [
                                                                  -115.180418,
                                                                  36.0860475
                                                              ],
                                                              [
                                                                  -115.18096,
                                                                  36.086054
                                                              ],
                                                              [
                                                                  -115.18152,
                                                                  36.0860618
                                                              ],
                                                              [
                                                                  -115.182158,
                                                                  36.0860718
                                                              ],
                                                              [
                                                                  -115.1827326,
                                                                  36.0860805
                                                              ],
                                                              [
                                                                  -115.1831607,
                                                                  36.0860786
                                                              ],
                                                              [
                                                                  -115.1839883,
                                                                  36.0860972
                                                              ],
                                                              [
                                                                  -115.1843202,
                                                                  36.0861053
                                                              ],
                                                              [
                                                                  -115.1846521,
                                                                  36.0861221
                                                              ],
                                                              [
                                                                  -115.18525,
                                                                  36.086166
                                                              ],
                                                              [
                                                                  -115.1860045,
                                                                  36.0862332
                                                              ],
                                                              [
                                                                  -115.1864167,
                                                                  36.0862664
                                                              ],
                                                              [
                                                                  -115.186933,
                                                                  36.0862858
                                                              ],
                                                              [
                                                                  -115.1877735,
                                                                  36.086303
                                                              ],
                                                              [
                                                                  -115.188268,
                                                                  36.0863174
                                                              ],
                                                              [
                                                                  -115.1885943,
                                                                  36.0863234
                                                              ],
                                                              [
                                                                  -115.18888,
                                                                  36.0863424
                                                              ],
                                                              [
                                                                  -115.1894,
                                                                  36.0863524
                                                              ],
                                                              [
                                                                  -115.189972,
                                                                  36.0863685
                                                              ],
                                                              [
                                                                  -115.1903381,
                                                                  36.0863684
                                                              ],
                                                              [
                                                                  -115.1906961,
                                                                  36.08637
                                                              ],
                                                              [
                                                                  -115.1909761,
                                                                  36.0863707
                                                              ],
                                                              [
                                                                  -115.1912099,
                                                                  36.0863564
                                                              ],
                                                              [
                                                                  -115.191392,
                                                                  36.0863518
                                                              ],
                                                              [
                                                                  -115.1918422,
                                                                  36.0863513
                                                              ],
                                                              [
                                                                  -115.192249,
                                                                  36.0863497
                                                              ],
                                                              [
                                                                  -115.1924868,
                                                                  36.0863684
                                                              ],
                                                              [
                                                                  -115.1927246,
                                                                  36.0863763
                                                              ],
                                                              [
                                                                  -115.193059,
                                                                  36.0863775
                                                              ],
                                                              [
                                                                  -115.1936788,
                                                                  36.0863706
                                                              ],
                                                              [
                                                                  -115.194296,
                                                                  36.0863582
                                                              ],
                                                              [
                                                                  -115.1944316,
                                                                  36.0863575
                                                              ],
                                                              [
                                                                  -115.1945673,
                                                                  36.0863623
                                                              ],
                                                              [
                                                                  -115.194842,
                                                                  36.0863638
                                                              ],
                                                              [
                                                                  -115.194982,
                                                                  36.0863575
                                                              ],
                                                              [
                                                                  -115.1951166,
                                                                  36.0863458
                                                              ],
                                                              [
                                                                  -115.1952213,
                                                                  36.0863434
                                                              ],
                                                              [
                                                                  -115.195326,
                                                                  36.086367
                                                              ],
                                                              [
                                                                  -115.1956,
                                                                  36.0863701
                                                              ],
                                                              [
                                                                  -115.195874,
                                                                  36.086371
                                                              ],
                                                              [
                                                                  -115.196527,
                                                                  36.0863692
                                                              ],
                                                              [
                                                                  -115.196915,
                                                                  36.0863672
                                                              ],
                                                              [
                                                                  -115.1973713,
                                                                  36.086363
                                                              ],
                                                              [
                                                                  -115.197829,
                                                                  36.0863627
                                                              ],
                                                              [
                                                                  -115.198132,
                                                                  36.0863606
                                                              ],
                                                              [
                                                                  -115.198465,
                                                                  36.0863583
                                                              ],
                                                              [
                                                                  -115.199206,
                                                                  36.086364
                                                              ],
                                                              [
                                                                  -115.200007,
                                                                  36.0863667
                                                              ],
                                                              [
                                                                  -115.200401,
                                                                  36.0863683
                                                              ],
                                                              [
                                                                  -115.2010777,
                                                                  36.0863714
                                                              ],
                                                              [
                                                                  -115.201514,
                                                                  36.086374
                                                              ],
                                                              [
                                                                  -115.201965,
                                                                  36.0863737
                                                              ],
                                                              [
                                                                  -115.202566,
                                                                  36.0863775
                                                              ],
                                                              [
                                                                  -115.2030593,
                                                                  36.0863752
                                                              ],
                                                              [
                                                                  -115.203332,
                                                                  36.086378
                                                              ],
                                                              [
                                                                  -115.20386,
                                                                  36.0863783
                                                              ],
                                                              [
                                                                  -115.204375,
                                                                  36.086379
                                                              ],
                                                              [
                                                                  -115.20496,
                                                                  36.08638
                                                              ],
                                                              [
                                                                  -115.2057453,
                                                                  36.0863844
                                                              ],
                                                              [
                                                                  -115.206329,
                                                                  36.0863851
                                                              ],
                                                              [
                                                                  -115.20649,
                                                                  36.0864
                                                              ],
                                                              [
                                                                  -115.20654,
                                                                  36.08641
                                                              ],
                                                              [
                                                                  -115.2066113,
                                                                  36.0864057
                                                              ],
                                                              [
                                                                  -115.2067,
                                                                  36.0863951
                                                              ],
                                                              [
                                                                  -115.20677,
                                                                  36.0863924
                                                              ],
                                                              [
                                                                  -115.20714,
                                                                  36.0863962
                                                              ],
                                                              [
                                                                  -115.2078227,
                                                                  36.0864013
                                                              ],
                                                              [
                                                                  -115.2081927,
                                                                  36.0863899
                                                              ],
                                                              [
                                                                  -115.2085627,
                                                                  36.0863698
                                                              ],
                                                              [
                                                                  -115.208934,
                                                                  36.0863485
                                                              ],
                                                              [
                                                                  -115.2091157,
                                                                  36.0863369
                                                              ],
                                                              [
                                                                  -115.2092987,
                                                                  36.0863187
                                                              ],
                                                              [
                                                                  -115.2094516,
                                                                  36.0862944
                                                              ],
                                                              [
                                                                  -115.209777,
                                                                  36.0862777
                                                              ],
                                                              [
                                                                  -115.210156,
                                                                  36.0862586
                                                              ],
                                                              [
                                                                  -115.2105635,
                                                                  36.0862358
                                                              ],
                                                              [
                                                                  -115.210975,
                                                                  36.0862135
                                                              ],
                                                              [
                                                                  -115.2112935,
                                                                  36.0861969
                                                              ],
                                                              [
                                                                  -115.2116127,
                                                                  36.0861825
                                                              ],
                                                              [
                                                                  -115.2119397,
                                                                  36.0861703
                                                              ],
                                                              [
                                                                  -115.2120908,
                                                                  36.0861692
                                                              ],
                                                              [
                                                                  -115.212262,
                                                                  36.0861528
                                                              ],
                                                              [
                                                                  -115.2124262,
                                                                  36.0861343
                                                              ],
                                                              [
                                                                  -115.2125945,
                                                                  36.0861267
                                                              ],
                                                              [
                                                                  -115.212927,
                                                                  36.086118
                                                              ],
                                                              [
                                                                  -115.213168,
                                                                  36.086103
                                                              ],
                                                              [
                                                                  -115.213597,
                                                                  36.086077
                                                              ],
                                                              [
                                                                  -115.21405,
                                                                  36.0860502
                                                              ],
                                                              [
                                                                  -115.214539,
                                                                  36.0860216
                                                              ],
                                                              [
                                                                  -115.215226,
                                                                  36.0859854
                                                              ],
                                                              [
                                                                  -115.2156663,
                                                                  36.0859637
                                                              ],
                                                              [
                                                                  -115.2161497,
                                                                  36.0859295
                                                              ],
                                                              [
                                                                  -115.216633,
                                                                  36.0859012
                                                              ],
                                                              [
                                                                  -115.2170312,
                                                                  36.0858852
                                                              ],
                                                              [
                                                                  -115.2174307,
                                                                  36.0858584
                                                              ],
                                                              [
                                                                  -115.21828,
                                                                  36.085815
                                                              ],
                                                              [
                                                                  -115.218806,
                                                                  36.085784
                                                              ],
                                                              [
                                                                  -115.2194515,
                                                                  36.0857476
                                                              ],
                                                              [
                                                                  -115.220097,
                                                                  36.085709
                                                              ],
                                                              [
                                                                  -115.2205415,
                                                                  36.0856857
                                                              ],
                                                              [
                                                                  -115.2207618,
                                                                  36.0856751
                                                              ],
                                                              [
                                                                  -115.220982,
                                                                  36.0856624
                                                              ],
                                                              [
                                                                  -115.22142,
                                                                  36.0856362
                                                              ],
                                                              [
                                                                  -115.221858,
                                                                  36.0856164
                                                              ],
                                                              [
                                                                  -115.2222667,
                                                                  36.0855923
                                                              ],
                                                              [
                                                                  -115.2227142,
                                                                  36.0855678
                                                              ],
                                                              [
                                                                  -115.223163,
                                                                  36.0855482
                                                              ],
                                                              [
                                                                  -115.223513,
                                                                  36.0855303
                                                              ],
                                                              [
                                                                  -115.223851,
                                                                  36.0855127
                                                              ],
                                                              [
                                                                  -115.22425,
                                                                  36.0854892
                                                              ],
                                                              [
                                                                  -115.2244665,
                                                                  36.0854786
                                                              ],
                                                              [
                                                                  -115.2245982,
                                                                  36.0854855
                                                              ],
                                                              [
                                                                  -115.2247783,
                                                                  36.085474
                                                              ],
                                                              [
                                                                  -115.225302,
                                                                  36.0854417
                                                              ],
                                                              [
                                                                  -115.2255419,
                                                                  36.0854245
                                                              ],
                                                              [
                                                                  -115.225806,
                                                                  36.0854247
                                                              ],
                                                              [
                                                                  -115.2263107,
                                                                  36.0854218
                                                              ],
                                                              [
                                                                  -115.2266,
                                                                  36.085414
                                                              ],
                                                              [
                                                                  -115.2267794,
                                                                  36.0853886
                                                              ],
                                                              [
                                                                  -115.2268756,
                                                                  36.0853796
                                                              ],
                                                              [
                                                                  -115.2270576,
                                                                  36.0853662
                                                              ],
                                                              [
                                                                  -115.2272868,
                                                                  36.0853666
                                                              ],
                                                              [
                                                                  -115.227516,
                                                                  36.0853712
                                                              ],
                                                              [
                                                                  -115.2276307,
                                                                  36.0853825
                                                              ],
                                                              [
                                                                  -115.227744,
                                                                  36.0853872
                                                              ],
                                                              [
                                                                  -115.228123,
                                                                  36.0853812
                                                              ],
                                                              [
                                                                  -115.228728,
                                                                  36.085374
                                                              ],
                                                              [
                                                                  -115.2289327,
                                                                  36.0853654
                                                              ],
                                                              [
                                                                  -115.2291373,
                                                                  36.0853654
                                                              ],
                                                              [
                                                                  -115.2294367,
                                                                  36.0853634
                                                              ],
                                                              [
                                                                  -115.229736,
                                                                  36.0853603
                                                              ],
                                                              [
                                                                  -115.230247,
                                                                  36.0853502
                                                              ],
                                                              [
                                                                  -115.230758,
                                                                  36.0853433
                                                              ],
                                                              [
                                                                  -115.231334,
                                                                  36.0853334
                                                              ],
                                                              [
                                                                  -115.23190459999999,
                                                                  36.085325
                                                              ],
                                                              [
                                                                  -115.232626,
                                                                  36.085314
                                                              ],
                                                              [
                                                                  -115.233254,
                                                                  36.085309
                                                              ],
                                                              [
                                                                  -115.233315,
                                                                  36.085293
                                                              ],
                                                              [
                                                                  -115.233353,
                                                                  36.085282
                                                              ],
                                                              [
                                                                  -115.23343,
                                                                  36.08527
                                                              ],
                                                              [
                                                                  -115.233796,
                                                                  36.0852664
                                                              ],
                                                              [
                                                                  -115.2339783,
                                                                  36.0852652
                                                              ],
                                                              [
                                                                  -115.234162,
                                                                  36.085252
                                                              ],
                                                              [
                                                                  -115.2341464,
                                                                  36.0850508
                                                              ],
                                                              [
                                                                  -115.234116,
                                                                  36.084854
                                                              ],
                                                              [
                                                                  -115.234076,
                                                                  36.08464
                                                              ],
                                                              [
                                                                  -115.2340482,
                                                                  36.084039
                                                              ],
                                                              [
                                                                  -115.2340316,
                                                                  36.083739
                                                              ],
                                                              [
                                                                  -115.2340143,
                                                                  36.083439
                                                              ],
                                                              [
                                                                  -115.2339895,
                                                                  36.082973
                                                              ],
                                                              [
                                                                  -115.2339648,
                                                                  36.0825123
                                                              ],
                                                              [
                                                                  -115.2339434,
                                                                  36.0820523
                                                              ],
                                                              [
                                                                  -115.233932,
                                                                  36.0818168
                                                              ],
                                                              [
                                                                  -115.233922,
                                                                  36.0815867
                                                              ],
                                                              [
                                                                  -115.2339041,
                                                                  36.0812203
                                                              ],
                                                              [
                                                                  -115.2338932,
                                                                  36.081035
                                                              ],
                                                              [
                                                                  -115.2338836,
                                                                  36.0808545
                                                              ],
                                                              [
                                                                  -115.233838,
                                                                  36.079863
                                                              ],
                                                              [
                                                                  -115.233833,
                                                                  36.0797316
                                                              ],
                                                              [
                                                                  -115.2338218,
                                                                  36.0794877
                                                              ],
                                                              [
                                                                  -115.2338099,
                                                                  36.0792465
                                                              ],
                                                              [
                                                                  -115.2337986,
                                                                  36.0789802
                                                              ],
                                                              [
                                                                  -115.2337853,
                                                                  36.0787097
                                                              ],
                                                              [
                                                                  -115.2337739,
                                                                  36.0785132
                                                              ],
                                                              [
                                                                  -115.2337546,
                                                                  36.078276
                                                              ],
                                                              [
                                                                  -115.2337416,
                                                                  36.0781455
                                                              ],
                                                              [
                                                                  -115.2337352,
                                                                  36.0780551
                                                              ],
                                                              [
                                                                  -115.2337669,
                                                                  36.0780303
                                                              ],
                                                              [
                                                                  -115.23382,
                                                                  36.078025
                                                              ],
                                                              [
                                                                  -115.233911,
                                                                  36.078017
                                                              ],
                                                              [
                                                                  -115.234523,
                                                                  36.0780089
                                                              ],
                                                              [
                                                                  -115.235189,
                                                                  36.077998
                                                              ],
                                                              [
                                                                  -115.2355785,
                                                                  36.0780068
                                                              ],
                                                              [
                                                                  -115.235968,
                                                                  36.078009
                                                              ],
                                                              [
                                                                  -115.236403,
                                                                  36.077989
                                                              ],
                                                              [
                                                                  -115.2369836,
                                                                  36.0779735
                                                              ],
                                                              [
                                                                  -115.237575,
                                                                  36.077958
                                                              ],
                                                              [
                                                                  -115.2381937,
                                                                  36.0779477
                                                              ],
                                                              [
                                                                  -115.23881,
                                                                  36.0779391
                                                              ],
                                                              [
                                                                  -115.239035,
                                                                  36.0779328
                                                              ],
                                                              [
                                                                  -115.23926,
                                                                  36.07792
                                                              ],
                                                              [
                                                                  -115.239615,
                                                                  36.0779
                                                              ],
                                                              [
                                                                  -115.239606,
                                                                  36.077661
                                                              ]
                                                          ],
                                          "type":  "LineString"
                                      }
                     }
                 ]
}
