{
    "type":  "FeatureCollection",
    "features":  [
                     {
                         "type":  "Feature",
                         "properties":  {
                                            "name":  "Directions from 100 Spring Mountain Rd, Las Vegas, NV 89109, USA to 6775 W Patrick Ln, Las Vegas, NV 89118, USA"
                                        },
                         "geometry":  {
                                          "coordinates":  [
                                                              [
                                                                  -115.1728026,
                                                                  36.1262743
                                                              ],
                                                              [
                                                                  -115.1728676,
                                                                  36.1261873
                                                              ],
                                                              [
                                                                  -115.1727527,
                                                                  36.1261359
                                                              ],
                                                              [
                                                                  -115.172518,
                                                                  36.1260537
                                                              ],
                                                              [
                                                                  -115.1722511,
                                                                  36.1260441
                                                              ],
                                                              [
                                                                  -115.1720368,
                                                                  36.1260467
                                                              ],
                                                              [
                                                                  -115.1720398,
                                                                  36.1259724
                                                              ],
                                                              [
                                                                  -115.1720569,
                                                                  36.1256975
                                                              ],
                                                              [
                                                                  -115.1723583,
                                                                  36.1257009
                                                              ],
                                                              [
                                                                  -115.1730314,
                                                                  36.1257096
                                                              ],
                                                              [
                                                                  -115.1731193,
                                                                  36.1257293
                                                              ],
                                                              [
                                                                  -115.1731589,
                                                                  36.1258161
                                                              ],
                                                              [
                                                                  -115.1732672,
                                                                  36.1259391
                                                              ],
                                                              [
                                                                  -115.1733675,
                                                                  36.126112
                                                              ],
                                                              [
                                                                  -115.1734961,
                                                                  36.1262293
                                                              ],
                                                              [
                                                                  -115.1736863,
                                                                  36.126312
                                                              ],
                                                              [
                                                                  -115.173882,
                                                                  36.1263307
                                                              ],
                                                              [
                                                                  -115.1740776,
                                                                  36.1263342
                                                              ],
                                                              [
                                                                  -115.1746387,
                                                                  36.1263334
                                                              ],
                                                              [
                                                                  -115.175205,
                                                                  36.1263195
                                                              ],
                                                              [
                                                                  -115.1753324,
                                                                  36.1262806
                                                              ],
                                                              [
                                                                  -115.1755053,
                                                                  36.1262959
                                                              ],
                                                              [
                                                                  -115.1756755,
                                                                  36.1263323
                                                              ],
                                                              [
                                                                  -115.1758431,
                                                                  36.1263925
                                                              ],
                                                              [
                                                                  -115.1764057,
                                                                  36.1266358
                                                              ],
                                                              [
                                                                  -115.1765267,
                                                                  36.1264484
                                                              ],
                                                              [
                                                                  -115.1766663,
                                                                  36.1263335
                                                              ],
                                                              [
                                                                  -115.176795,
                                                                  36.1261392
                                                              ],
                                                              [
                                                                  -115.1771129,
                                                                  36.1256509
                                                              ],
                                                              [
                                                                  -115.1773069,
                                                                  36.1253509
                                                              ],
                                                              [
                                                                  -115.1774743,
                                                                  36.1250968
                                                              ],
                                                              [
                                                                  -115.1776416,
                                                                  36.1248428
                                                              ],
                                                              [
                                                                  -115.1777425,
                                                                  36.1246891
                                                              ],
                                                              [
                                                                  -115.1778667,
                                                                  36.124486
                                                              ],
                                                              [
                                                                  -115.1780825,
                                                                  36.1241405
                                                              ],
                                                              [
                                                                  -115.1782376,
                                                                  36.1238867
                                                              ],
                                                              [
                                                                  -115.1784344,
                                                                  36.1235021
                                                              ],
                                                              [
                                                                  -115.1786523,
                                                                  36.1231227
                                                              ],
                                                              [
                                                                  -115.1788741,
                                                                  36.1227568
                                                              ],
                                                              [
                                                                  -115.1791381,
                                                                  36.1223135
                                                              ],
                                                              [
                                                                  -115.1794352,
                                                                  36.1217763
                                                              ],
                                                              [
                                                                  -115.1797529,
                                                                  36.1212819
                                                              ],
                                                              [
                                                                  -115.1798591,
                                                                  36.121121
                                                              ],
                                                              [
                                                                  -115.1799895,
                                                                  36.1209665
                                                              ],
                                                              [
                                                                  -115.1801867,
                                                                  36.1207684
                                                              ],
                                                              [
                                                                  -115.1803467,
                                                                  36.1206684
                                                              ],
                                                              [
                                                                  -115.1805567,
                                                                  36.1205684
                                                              ],
                                                              [
                                                                  -115.1807267,
                                                                  36.1204684
                                                              ],
                                                              [
                                                                  -115.1809967,
                                                                  36.1203084
                                                              ],
                                                              [
                                                                  -115.1811761,
                                                                  36.1201495
                                                              ],
                                                              [
                                                                  -115.1812971,
                                                                  36.1200227
                                                              ],
                                                              [
                                                                  -115.1814214,
                                                                  36.1198687
                                                              ],
                                                              [
                                                                  -115.1815149,
                                                                  36.1197016
                                                              ],
                                                              [
                                                                  -115.1816068,
                                                                  36.1194927
                                                              ],
                                                              [
                                                                  -115.1816615,
                                                                  36.1192378
                                                              ],
                                                              [
                                                                  -115.1816662,
                                                                  36.1189073
                                                              ],
                                                              [
                                                                  -115.1816835,
                                                                  36.1186862
                                                              ],
                                                              [
                                                                  -115.1817321,
                                                                  36.1185195
                                                              ],
                                                              [
                                                                  -115.1818235,
                                                                  36.1183181
                                                              ],
                                                              [
                                                                  -115.1818908,
                                                                  36.1182127
                                                              ],
                                                              [
                                                                  -115.1820308,
                                                                  36.1180276
                                                              ],
                                                              [
                                                                  -115.1821635,
                                                                  36.1178616
                                                              ],
                                                              [
                                                                  -115.1822861,
                                                                  36.1176649
                                                              ],
                                                              [
                                                                  -115.1825008,
                                                                  36.1172492
                                                              ],
                                                              [
                                                                  -115.1826661,
                                                                  36.116936
                                                              ],
                                                              [
                                                                  -115.1828921,
                                                                  36.1165027
                                                              ],
                                                              [
                                                                  -115.1829858,
                                                                  36.1163346
                                                              ],
                                                              [
                                                                  -115.1831625,
                                                                  36.1160071
                                                              ],
                                                              [
                                                                  -115.1832938,
                                                                  36.1157455
                                                              ],
                                                              [
                                                                  -115.1834578,
                                                                  36.1154093
                                                              ],
                                                              [
                                                                  -115.1835029,
                                                                  36.1152647
                                                              ],
                                                              [
                                                                  -115.1835211,
                                                                  36.1151103
                                                              ],
                                                              [
                                                                  -115.1835365,
                                                                  36.1148054
                                                              ],
                                                              [
                                                                  -115.1835348,
                                                                  36.1146022
                                                              ],
                                                              [
                                                                  -115.1835381,
                                                                  36.1141573
                                                              ],
                                                              [
                                                                  -115.1835315,
                                                                  36.1138489
                                                              ],
                                                              [
                                                                  -115.1835167,
                                                                  36.1136084
                                                              ],
                                                              [
                                                                  -115.1834787,
                                                                  36.1134788
                                                              ],
                                                              [
                                                                  -115.1833481,
                                                                  36.1132635
                                                              ],
                                                              [
                                                                  -115.1832287,
                                                                  36.1130889
                                                              ],
                                                              [
                                                                  -115.1829701,
                                                                  36.1128489
                                                              ],
                                                              [
                                                                  -115.1826517,
                                                                  36.112631
                                                              ],
                                                              [
                                                                  -115.1824274,
                                                                  36.1124854
                                                              ],
                                                              [
                                                                  -115.1820567,
                                                                  36.1122237
                                                              ],
                                                              [
                                                                  -115.1816988,
                                                                  36.1119391
                                                              ],
                                                              [
                                                                  -115.1814844,
                                                                  36.1116621
                                                              ],
                                                              [
                                                                  -115.1814234,
                                                                  36.1115082
                                                              ],
                                                              [
                                                                  -115.1813798,
                                                                  36.1113521
                                                              ],
                                                              [
                                                                  -115.1813518,
                                                                  36.1110822
                                                              ],
                                                              [
                                                                  -115.1813318,
                                                                  36.110787
                                                              ],
                                                              [
                                                                  -115.1813205,
                                                                  36.1105589
                                                              ],
                                                              [
                                                                  -115.1813045,
                                                                  36.1102807
                                                              ],
                                                              [
                                                                  -115.1812878,
                                                                  36.1098716
                                                              ],
                                                              [
                                                                  -115.1812931,
                                                                  36.1096375
                                                              ],
                                                              [
                                                                  -115.1812985,
                                                                  36.1093905
                                                              ],
                                                              [
                                                                  -115.1813045,
                                                                  36.1091279
                                                              ],
                                                              [
                                                                  -115.1813085,
                                                                  36.1089596
                                                              ],
                                                              [
                                                                  -115.1813999,
                                                                  36.1089239
                                                              ],
                                                              [
                                                                  -115.1815141,
                                                                  36.1089195
                                                              ],
                                                              [
                                                                  -115.1817034,
                                                                  36.108918
                                                              ],
                                                              [
                                                                  -115.1818927,
                                                                  36.1089317
                                                              ],
                                                              [
                                                                  -115.182348,
                                                                  36.1089777
                                                              ],
                                                              [
                                                                  -115.1824629,
                                                                  36.1089527
                                                              ],
                                                              [
                                                                  -115.1825993,
                                                                  36.1089483
                                                              ],
                                                              [
                                                                  -115.1828546,
                                                                  36.108947
                                                              ],
                                                              [
                                                                  -115.1830267,
                                                                  36.1089284
                                                              ],
                                                              [
                                                                  -115.1831251,
                                                                  36.1088988
                                                              ],
                                                              [
                                                                  -115.1832167,
                                                                  36.1088584
                                                              ],
                                                              [
                                                                  -115.1832622,
                                                                  36.1088155
                                                              ],
                                                              [
                                                                  -115.1832983,
                                                                  36.1087673
                                                              ],
                                                              [
                                                                  -115.183373,
                                                                  36.1086316
                                                              ],
                                                              [
                                                                  -115.1834036,
                                                                  36.1085703
                                                              ],
                                                              [
                                                                  -115.1834248,
                                                                  36.1085003
                                                              ],
                                                              [
                                                                  -115.1834645,
                                                                  36.1083398
                                                              ],
                                                              [
                                                                  -115.1834792,
                                                                  36.1082826
                                                              ],
                                                              [
                                                                  -115.1835033,
                                                                  36.1082308
                                                              ],
                                                              [
                                                                  -115.1843167,
                                                                  36.1082433
                                                              ],
                                                              [
                                                                  -115.1848967,
                                                                  36.1082584
                                                              ],
                                                              [
                                                                  -115.1851767,
                                                                  36.1082684
                                                              ],
                                                              [
                                                                  -115.1855301,
                                                                  36.1083035
                                                              ],
                                                              [
                                                                  -115.1859267,
                                                                  36.1083506
                                                              ],
                                                              [
                                                                  -115.1861257,
                                                                  36.1083853
                                                              ],
                                                              [
                                                                  -115.1863247,
                                                                  36.1084125
                                                              ],
                                                              [
                                                                  -115.186556,
                                                                  36.1084422
                                                              ],
                                                              [
                                                                  -115.1866784,
                                                                  36.1084725
                                                              ],
                                                              [
                                                                  -115.1867901,
                                                                  36.1085181
                                                              ],
                                                              [
                                                                  -115.1868432,
                                                                  36.1085582
                                                              ],
                                                              [
                                                                  -115.1868667,
                                                                  36.1085984
                                                              ],
                                                              [
                                                                  -115.1869011,
                                                                  36.1086512
                                                              ],
                                                              [
                                                                  -115.1869168,
                                                                  36.1087073
                                                              ],
                                                              [
                                                                  -115.1869228,
                                                                  36.1089011
                                                              ],
                                                              [
                                                                  -115.1869374,
                                                                  36.1091462
                                                              ],
                                                              [
                                                                  -115.1869673,
                                                                  36.1092147
                                                              ],
                                                              [
                                                                  -115.187012,
                                                                  36.1092811
                                                              ],
                                                              [
                                                                  -115.187102,
                                                                  36.1093727
                                                              ],
                                                              [
                                                                  -115.1871967,
                                                                  36.1094284
                                                              ],
                                                              [
                                                                  -115.1873167,
                                                                  36.1094784
                                                              ],
                                                              [
                                                                  -115.1874067,
                                                                  36.1094984
                                                              ],
                                                              [
                                                                  -115.1874967,
                                                                  36.1094984
                                                              ],
                                                              [
                                                                  -115.1875467,
                                                                  36.1094984
                                                              ],
                                                              [
                                                                  -115.1876067,
                                                                  36.1094884
                                                              ],
                                                              [
                                                                  -115.1877167,
                                                                  36.1094584
                                                              ],
                                                              [
                                                                  -115.1877867,
                                                                  36.1094384
                                                              ],
                                                              [
                                                                  -115.1878567,
                                                                  36.1094084
                                                              ],
                                                              [
                                                                  -115.1879667,
                                                                  36.1093684
                                                              ],
                                                              [
                                                                  -115.1881167,
                                                                  36.1092884
                                                              ],
                                                              [
                                                                  -115.1882967,
                                                                  36.1091584
                                                              ],
                                                              [
                                                                  -115.1884067,
                                                                  36.1090584
                                                              ],
                                                              [
                                                                  -115.1884867,
                                                                  36.1089784
                                                              ],
                                                              [
                                                                  -115.1885267,
                                                                  36.1089284
                                                              ],
                                                              [
                                                                  -115.1885467,
                                                                  36.1089084
                                                              ],
                                                              [
                                                                  -115.1885767,
                                                                  36.1088784
                                                              ],
                                                              [
                                                                  -115.1886167,
                                                                  36.1088284
                                                              ],
                                                              [
                                                                  -115.1886667,
                                                                  36.1087584
                                                              ],
                                                              [
                                                                  -115.1887167,
                                                                  36.1086884
                                                              ],
                                                              [
                                                                  -115.1887467,
                                                                  36.1086384
                                                              ],
                                                              [
                                                                  -115.1888267,
                                                                  36.1085084
                                                              ],
                                                              [
                                                                  -115.1889167,
                                                                  36.1083484
                                                              ],
                                                              [
                                                                  -115.1890067,
                                                                  36.1081784
                                                              ],
                                                              [
                                                                  -115.1890967,
                                                                  36.1080184
                                                              ],
                                                              [
                                                                  -115.1891867,
                                                                  36.1078584
                                                              ],
                                                              [
                                                                  -115.1892767,
                                                                  36.1076984
                                                              ],
                                                              [
                                                                  -115.1894567,
                                                                  36.1073684
                                                              ],
                                                              [
                                                                  -115.1896234,
                                                                  36.1070716
                                                              ],
                                                              [
                                                                  -115.1897467,
                                                                  36.1068184
                                                              ],
                                                              [
                                                                  -115.1897813,
                                                                  36.1067178
                                                              ],
                                                              [
                                                                  -115.1898402,
                                                                  36.1065284
                                                              ],
                                                              [
                                                                  -115.1898867,
                                                                  36.1063384
                                                              ],
                                                              [
                                                                  -115.1899167,
                                                                  36.1062184
                                                              ],
                                                              [
                                                                  -115.1899467,
                                                                  36.1060484
                                                              ],
                                                              [
                                                                  -115.1899667,
                                                                  36.1058484
                                                              ],
                                                              [
                                                                  -115.1899667,
                                                                  36.1057084
                                                              ],
                                                              [
                                                                  -115.1899614,
                                                                  36.105443
                                                              ],
                                                              [
                                                                  -115.1899561,
                                                                  36.1050484
                                                              ],
                                                              [
                                                                  -115.1899441,
                                                                  36.1046557
                                                              ],
                                                              [
                                                                  -115.1899445,
                                                                  36.1045363
                                                              ],
                                                              [
                                                                  -115.1899457,
                                                                  36.1043377
                                                              ],
                                                              [
                                                                  -115.1899444,
                                                                  36.1039602
                                                              ],
                                                              [
                                                                  -115.1899457,
                                                                  36.1037348
                                                              ],
                                                              [
                                                                  -115.1899477,
                                                                  36.1035073
                                                              ],
                                                              [
                                                                  -115.189945,
                                                                  36.1032201
                                                              ],
                                                              [
                                                                  -115.1899397,
                                                                  36.1028822
                                                              ],
                                                              [
                                                                  -115.1899417,
                                                                  36.102607
                                                              ],
                                                              [
                                                                  -115.1899524,
                                                                  36.1023367
                                                              ],
                                                              [
                                                                  -115.1899557,
                                                                  36.1019525
                                                              ],
                                                              [
                                                                  -115.1899494,
                                                                  36.1018171
                                                              ],
                                                              [
                                                                  -115.189947,
                                                                  36.1017533
                                                              ],
                                                              [
                                                                  -115.1899579,
                                                                  36.101697
                                                              ],
                                                              [
                                                                  -115.1899453,
                                                                  36.1013868
                                                              ],
                                                              [
                                                                  -115.1899459,
                                                                  36.1012191
                                                              ],
                                                              [
                                                                  -115.1899245,
                                                                  36.1010329
                                                              ],
                                                              [
                                                                  -115.1899296,
                                                                  36.1009268
                                                              ],
                                                              [
                                                                  -115.1899467,
                                                                  36.1008284
                                                              ],
                                                              [
                                                                  -115.1899367,
                                                                  36.1002184
                                                              ],
                                                              [
                                                                  -115.1899367,
                                                                  36.1001984
                                                              ],
                                                              [
                                                                  -115.1899425,
                                                                  36.0999098
                                                              ],
                                                              [
                                                                  -115.1899278,
                                                                  36.0996576
                                                              ],
                                                              [
                                                                  -115.1899204,
                                                                  36.0993647
                                                              ],
                                                              [
                                                                  -115.1899231,
                                                                  36.0990719
                                                              ],
                                                              [
                                                                  -115.1899264,
                                                                  36.098783
                                                              ],
                                                              [
                                                                  -115.1899271,
                                                                  36.0985595
                                                              ],
                                                              [
                                                                  -115.1899254,
                                                                  36.0982592
                                                              ],
                                                              [
                                                                  -115.1899291,
                                                                  36.0979665
                                                              ],
                                                              [
                                                                  -115.1899258,
                                                                  36.0976031
                                                              ],
                                                              [
                                                                  -115.1899251,
                                                                  36.0972495
                                                              ],
                                                              [
                                                                  -115.1899305,
                                                                  36.0970277
                                                              ],
                                                              [
                                                                  -115.1899305,
                                                                  36.0966994
                                                              ],
                                                              [
                                                                  -115.1899271,
                                                                  36.0964108
                                                              ],
                                                              [
                                                                  -115.1899311,
                                                                  36.0961519
                                                              ],
                                                              [
                                                                  -115.1899331,
                                                                  36.0959056
                                                              ],
                                                              [
                                                                  -115.1899294,
                                                                  36.0956524
                                                              ],
                                                              [
                                                                  -115.1899284,
                                                                  36.0953818
                                                              ],
                                                              [
                                                                  -115.1899351,
                                                                  36.0949651
                                                              ],
                                                              [
                                                                  -115.1899371,
                                                                  36.0945959
                                                              ],
                                                              [
                                                                  -115.1899102,
                                                                  36.0944373
                                                              ],
                                                              [
                                                                  -115.1899167,
                                                                  36.0943496
                                                              ],
                                                              [
                                                                  -115.1899367,
                                                                  36.0942684
                                                              ],
                                                              [
                                                                  -115.1899474,
                                                                  36.0940616
                                                              ],
                                                              [
                                                                  -115.1899454,
                                                                  36.093891
                                                              ],
                                                              [
                                                                  -115.1899367,
                                                                  36.0936684
                                                              ],
                                                              [
                                                                  -115.1899467,
                                                                  36.0935784
                                                              ],
                                                              [
                                                                  -115.1899413,
                                                                  36.0933357
                                                              ],
                                                              [
                                                                  -115.1899413,
                                                                  36.0931784
                                                              ],
                                                              [
                                                                  -115.1899467,
                                                                  36.0928684
                                                              ],
                                                              [
                                                                  -115.1899372,
                                                                  36.0926533
                                                              ],
                                                              [
                                                                  -115.1899399,
                                                                  36.0923276
                                                              ],
                                                              [
                                                                  -115.1899392,
                                                                  36.0920598
                                                              ],
                                                              [
                                                                  -115.1899439,
                                                                  36.0917892
                                                              ],
                                                              [
                                                                  -115.1899372,
                                                                  36.0915061
                                                              ],
                                                              [
                                                                  -115.1899405,
                                                                  36.091223
                                                              ],
                                                              [
                                                                  -115.1899398,
                                                                  36.0910496
                                                              ],
                                                              [
                                                                  -115.1899445,
                                                                  36.0909034
                                                              ],
                                                              [
                                                                  -115.1899459,
                                                                  36.0907254
                                                              ],
                                                              [
                                                                  -115.1899478,
                                                                  36.0903906
                                                              ],
                                                              [
                                                                  -115.1899492,
                                                                  36.09011
                                                              ],
                                                              [
                                                                  -115.1899467,
                                                                  36.0897484
                                                              ],
                                                              [
                                                                  -115.1899514,
                                                                  36.0894989
                                                              ],
                                                              [
                                                                  -115.1899467,
                                                                  36.0891284
                                                              ],
                                                              [
                                                                  -115.1899467,
                                                                  36.0889584
                                                              ],
                                                              [
                                                                  -115.1899447,
                                                                  36.0886489
                                                              ],
                                                              [
                                                                  -115.1899534,
                                                                  36.0883584
                                                              ],
                                                              [
                                                                  -115.1899441,
                                                                  36.0881173
                                                              ],
                                                              [
                                                                  -115.1899531,
                                                                  36.0878529
                                                              ],
                                                              [
                                                                  -115.1899595,
                                                                  36.0875895
                                                              ],
                                                              [
                                                                  -115.1899541,
                                                                  36.0872389
                                                              ],
                                                              [
                                                                  -115.1899622,
                                                                  36.0871496
                                                              ],
                                                              [
                                                                  -115.189985,
                                                                  36.0870548
                                                              ],
                                                              [
                                                                  -115.189995,
                                                                  36.0867308
                                                              ],
                                                              [
                                                                  -115.1900044,
                                                                  36.0864883
                                                              ],
                                                              [
                                                                  -115.1900178,
                                                                  36.0864319
                                                              ],
                                                              [
                                                                  -115.1900861,
                                                                  36.0864242
                                                              ],
                                                              [
                                                                  -115.1906901,
                                                                  36.0864247
                                                              ],
                                                              [
                                                                  -115.1908877,
                                                                  36.0863958
                                                              ],
                                                              [
                                                                  -115.1915507,
                                                                  36.086381
                                                              ],
                                                              [
                                                                  -115.192248,
                                                                  36.0863848
                                                              ],
                                                              [
                                                                  -115.1926367,
                                                                  36.0864021
                                                              ],
                                                              [
                                                                  -115.1930267,
                                                                  36.0864086
                                                              ],
                                                              [
                                                                  -115.1936517,
                                                                  36.0864
                                                              ],
                                                              [
                                                                  -115.1942733,
                                                                  36.0863866
                                                              ],
                                                              [
                                                                  -115.1946414,
                                                                  36.0864005
                                                              ],
                                                              [
                                                                  -115.1949056,
                                                                  36.0863937
                                                              ],
                                                              [
                                                                  -115.1951685,
                                                                  36.0863772
                                                              ],
                                                              [
                                                                  -115.1953397,
                                                                  36.0864006
                                                              ],
                                                              [
                                                                  -115.1955029,
                                                                  36.0864044
                                                              ],
                                                              [
                                                                  -115.1958373,
                                                                  36.0864045
                                                              ],
                                                              [
                                                                  -115.1965087,
                                                                  36.0864018
                                                              ],
                                                              [
                                                                  -115.1969476,
                                                                  36.0864002
                                                              ],
                                                              [
                                                                  -115.1978294,
                                                                  36.0863969
                                                              ],
                                                              [
                                                                  -115.1984661,
                                                                  36.0863986
                                                              ],
                                                              [
                                                                  -115.1991933,
                                                                  36.0863929
                                                              ],
                                                              [
                                                                  -115.1999907,
                                                                  36.0864013
                                                              ],
                                                              [
                                                                  -115.2009064,
                                                                  36.0864013
                                                              ],
                                                              [
                                                                  -115.2015194,
                                                                  36.0864056
                                                              ],
                                                              [
                                                                  -115.2021507,
                                                                  36.0864061
                                                              ],
                                                              [
                                                                  -115.2027954,
                                                                  36.086408
                                                              ],
                                                              [
                                                                  -115.2033134,
                                                                  36.0864086
                                                              ],
                                                              [
                                                                  -115.203866,
                                                                  36.0864113
                                                              ],
                                                              [
                                                                  -115.204237,
                                                                  36.0864083
                                                              ],
                                                              [
                                                                  -115.2046079,
                                                                  36.0864118
                                                              ],
                                                              [
                                                                  -115.2051251,
                                                                  36.0864148
                                                              ],
                                                              [
                                                                  -115.2057427,
                                                                  36.0864131
                                                              ],
                                                              [
                                                                  -115.2061113,
                                                                  36.0864134
                                                              ],
                                                              [
                                                                  -115.2062956,
                                                                  36.0864145
                                                              ],
                                                              [
                                                                  -115.2064799,
                                                                  36.0864287
                                                              ],
                                                              [
                                                                  -115.2065565,
                                                                  36.0864365
                                                              ],
                                                              [
                                                                  -115.2066451,
                                                                  36.0864312
                                                              ],
                                                              [
                                                                  -115.2068116,
                                                                  36.0864228
                                                              ],
                                                              [
                                                                  -115.2071433,
                                                                  36.0864255
                                                              ],
                                                              [
                                                                  -115.207824,
                                                                  36.0864274
                                                              ],
                                                              [
                                                                  -115.2080454,
                                                                  36.0864267
                                                              ],
                                                              [
                                                                  -115.2082667,
                                                                  36.0864184
                                                              ],
                                                              [
                                                                  -115.2085167,
                                                                  36.0864046
                                                              ],
                                                              [
                                                                  -115.2092167,
                                                                  36.0863584
                                                              ],
                                                              [
                                                                  -115.2094087,
                                                                  36.0863294
                                                              ],
                                                              [
                                                                  -115.2096021,
                                                                  36.0863199
                                                              ],
                                                              [
                                                                  -115.210098,
                                                                  36.086297
                                                              ],
                                                              [
                                                                  -115.2109519,
                                                                  36.0862502
                                                              ],
                                                              [
                                                                  -115.2115914,
                                                                  36.0862175
                                                              ],
                                                              [
                                                                  -115.2122668,
                                                                  36.0861916
                                                              ],
                                                              [
                                                                  -115.2124175,
                                                                  36.0861673
                                                              ],
                                                              [
                                                                  -115.212583,
                                                                  36.0861593
                                                              ],
                                                              [
                                                                  -115.2129167,
                                                                  36.0861488
                                                              ],
                                                              [
                                                                  -115.213582,
                                                                  36.0861088
                                                              ],
                                                              [
                                                                  -115.2141487,
                                                                  36.0860763
                                                              ],
                                                              [
                                                                  -115.2147218,
                                                                  36.0860461
                                                              ],
                                                              [
                                                                  -115.2152784,
                                                                  36.0860155
                                                              ],
                                                              [
                                                                  -115.215886,
                                                                  36.0859807
                                                              ],
                                                              [
                                                                  -115.2162618,
                                                                  36.0859545
                                                              ],
                                                              [
                                                                  -115.2166361,
                                                                  36.0859391
                                                              ],
                                                              [
                                                                  -115.2173687,
                                                                  36.0858978
                                                              ],
                                                              [
                                                                  -115.2179047,
                                                                  36.0858688
                                                              ],
                                                              [
                                                                  -115.2182782,
                                                                  36.0858469
                                                              ],
                                                              [
                                                                  -115.2187888,
                                                                  36.0858172
                                                              ],
                                                              [
                                                                  -115.2194327,
                                                                  36.0857814
                                                              ],
                                                              [
                                                                  -115.2200807,
                                                                  36.0857451
                                                              ],
                                                              [
                                                                  -115.2209633,
                                                                  36.0856956
                                                              ],
                                                              [
                                                                  -115.2218527,
                                                                  36.0856523
                                                              ],
                                                              [
                                                                  -115.2226083,
                                                                  36.0856113
                                                              ],
                                                              [
                                                                  -115.2231487,
                                                                  36.0855807
                                                              ],
                                                              [
                                                                  -115.2238561,
                                                                  36.0855402
                                                              ],
                                                              [
                                                                  -115.2245047,
                                                                  36.0854927
                                                              ],
                                                              [
                                                                  -115.2252467,
                                                                  36.0854392
                                                              ],
                                                              [
                                                                  -115.225475,
                                                                  36.0854262
                                                              ],
                                                              [
                                                                  -115.2263214,
                                                                  36.0854191
                                                              ],
                                                              [
                                                                  -115.2266402,
                                                                  36.0854081
                                                              ],
                                                              [
                                                                  -115.2267475,
                                                                  36.0854006
                                                              ],
                                                              [
                                                                  -115.2268658,
                                                                  36.085386
                                                              ],
                                                              [
                                                                  -115.2269627,
                                                                  36.0853741
                                                              ],
                                                              [
                                                                  -115.2272307,
                                                                  36.0853642
                                                              ],
                                                              [
                                                                  -115.2273671,
                                                                  36.085365
                                                              ],
                                                              [
                                                                  -115.2275021,
                                                                  36.0853722
                                                              ],
                                                              [
                                                                  -115.2277972,
                                                                  36.0853819
                                                              ],
                                                              [
                                                                  -115.2280937,
                                                                  36.0853808
                                                              ],
                                                              [
                                                                  -115.2286867,
                                                                  36.0853715
                                                              ],
                                                              [
                                                                  -115.2290707,
                                                                  36.0853655
                                                              ],
                                                              [
                                                                  -115.2297067,
                                                                  36.0853569
                                                              ],
                                                              [
                                                                  -115.2302217,
                                                                  36.0853499
                                                              ],
                                                              [
                                                                  -115.2307474,
                                                                  36.0853434
                                                              ],
                                                              [
                                                                  -115.2313147,
                                                                  36.0853332
                                                              ],
                                                              [
                                                                  -115.2318794,
                                                                  36.0853225
                                                              ],
                                                              [
                                                                  -115.2325487,
                                                                  36.0853152
                                                              ],
                                                              [
                                                                  -115.2333707,
                                                                  36.0852998
                                                              ],
                                                              [
                                                                  -115.2334386,
                                                                  36.085285
                                                              ],
                                                              [
                                                                  -115.2335158,
                                                                  36.0852746
                                                              ],
                                                              [
                                                                  -115.2337066,
                                                                  36.0852667
                                                              ],
                                                              [
                                                                  -115.2340667,
                                                                  36.0852584
                                                              ],
                                                              [
                                                                  -115.2341248,
                                                                  36.0851158
                                                              ],
                                                              [
                                                                  -115.2341078,
                                                                  36.084873
                                                              ],
                                                              [
                                                                  -115.2340668,
                                                                  36.0846689
                                                              ],
                                                              [
                                                                  -115.2340344,
                                                                  36.0840581
                                                              ],
                                                              [
                                                                  -115.2340094,
                                                                  36.0834484
                                                              ],
                                                              [
                                                                  -115.2339654,
                                                                  36.0825379
                                                              ],
                                                              [
                                                                  -115.2339421,
                                                                  36.0820793
                                                              ],
                                                              [
                                                                  -115.2339331,
                                                                  36.0818512
                                                              ],
                                                              [
                                                                  -115.2339228,
                                                                  36.0816262
                                                              ],
                                                              [
                                                                  -115.2339021,
                                                                  36.0812418
                                                              ],
                                                              [
                                                                  -115.2338801,
                                                                  36.0808546
                                                              ],
                                                              [
                                                                  -115.2338591,
                                                                  36.0803354
                                                              ],
                                                              [
                                                                  -115.2338335,
                                                                  36.0798179
                                                              ],
                                                              [
                                                                  -115.2338088,
                                                                  36.079267
                                                              ],
                                                              [
                                                                  -115.2337868,
                                                                  36.0787151
                                                              ],
                                                              [
                                                                  -115.2337721,
                                                                  36.0785232
                                                              ],
                                                              [
                                                                  -115.2337525,
                                                                  36.078262
                                                              ],
                                                              [
                                                                  -115.2337389,
                                                                  36.0781176
                                                              ],
                                                              [
                                                                  -115.2337402,
                                                                  36.0780551
                                                              ],
                                                              [
                                                                  -115.233771,
                                                                  36.0780209
                                                              ],
                                                              [
                                                                  -115.2341227,
                                                                  36.0780149
                                                              ],
                                                              [
                                                                  -115.234516,
                                                                  36.0780074
                                                              ],
                                                              [
                                                                  -115.235186,
                                                                  36.0779974
                                                              ],
                                                              [
                                                                  -115.2355714,
                                                                  36.0780006
                                                              ],
                                                              [
                                                                  -115.2359547,
                                                                  36.0780033
                                                              ],
                                                              [
                                                                  -115.2367657,
                                                                  36.0779769
                                                              ],
                                                              [
                                                                  -115.2375767,
                                                                  36.0779571
                                                              ],
                                                              [
                                                                  -115.2381954,
                                                                  36.0779463
                                                              ],
                                                              [
                                                                  -115.2388067,
                                                                  36.0779382
                                                              ],
                                                              [
                                                                  -115.239266,
                                                                  36.0779233
                                                              ],
                                                              [
                                                                  -115.2396294,
                                                                  36.0779176
                                                              ],
                                                              [
                                                                  -115.239809,
                                                                  36.0779145
                                                              ],
                                                              [
                                                                  -115.2398921,
                                                                  36.0779075
                                                              ],
                                                              [
                                                                  -115.2399451,
                                                                  36.0778655
                                                              ],
                                                              [
                                                                  -115.2399444,
                                                                  36.0777921
                                                              ]
                                                          ],
                                          "type":  "LineString"
                                      }
                     }
                 ]
}
