{
    "type":  "FeatureCollection",
    "features":  [
                     {
                         "type":  "Feature",
                         "properties":  {
                                            "name":  "F1 RETURN ZONE D TO KH"
                                        },
                         "geometry":  {
                                          "coordinates":  [
                                                              [
                                                                  -115.17746,
                                                                  36.10538
                                                              ],
                                                              [
                                                                  -115.17749,
                                                                  36.10534
                                                              ],
                                                              [
                                                                  -115.17751,
                                                                  36.10531
                                                              ],
                                                              [
                                                                  -115.17751,
                                                                  36.10528
                                                              ],
                                                              [
                                                                  -115.17752,
                                                                  36.10524
                                                              ],
                                                              [
                                                                  -115.17751,
                                                                  36.105
                                                              ],
                                                              [
                                                                  -115.17752,
                                                                  36.10454
                                                              ],
                                                              [
                                                                  -115.17752,
                                                                  36.10429
                                                              ],
                                                              [
                                                                  -115.1775,
                                                                  36.10423
                                                              ],
                                                              [
                                                                  -115.17748,
                                                                  36.10416
                                                              ],
                                                              [
                                                                  -115.17746,
                                                                  36.10412
                                                              ],
                                                              [
                                                                  -115.17745,
                                                                  36.10411
                                                              ],
                                                              [
                                                                  -115.17728,
                                                                  36.10384
                                                              ],
                                                              [
                                                                  -115.17736,
                                                                  36.10381
                                                              ],
                                                              [
                                                                  -115.17741,
                                                                  36.1038
                                                              ],
                                                              [
                                                                  -115.17745,
                                                                  36.10379
                                                              ],
                                                              [
                                                                  -115.17749,
                                                                  36.10379
                                                              ],
                                                              [
                                                                  -115.17751,
                                                                  36.10378
                                                              ],
                                                              [
                                                                  -115.17757,
                                                                  36.10377
                                                              ],
                                                              [
                                                                  -115.17761,
                                                                  36.10377
                                                              ],
                                                              [
                                                                  -115.17765,
                                                                  36.10377
                                                              ],
                                                              [
                                                                  -115.1777,
                                                                  36.10377
                                                              ],
                                                              [
                                                                  -115.17776,
                                                                  36.10376
                                                              ],
                                                              [
                                                                  -115.17788,
                                                                  36.10376
                                                              ],
                                                              [
                                                                  -115.17852,
                                                                  36.10376
                                                              ],
                                                              [
                                                                  -115.17873,
                                                                  36.10375
                                                              ],
                                                              [
                                                                  -115.17902,
                                                                  36.10375
                                                              ],
                                                              [
                                                                  -115.17937,
                                                                  36.10375
                                                              ],
                                                              [
                                                                  -115.17943,
                                                                  36.10374
                                                              ],
                                                              [
                                                                  -115.17959,
                                                                  36.10374
                                                              ],
                                                              [
                                                                  -115.1796,
                                                                  36.10374
                                                              ],
                                                              [
                                                                  -115.17964,
                                                                  36.10374
                                                              ],
                                                              [
                                                                  -115.17971,
                                                                  36.10374
                                                              ],
                                                              [
                                                                  -115.17987,
                                                                  36.10375
                                                              ],
                                                              [
                                                                  -115.18004,
                                                                  36.10374
                                                              ],
                                                              [
                                                                  -115.18,
                                                                  36.10354
                                                              ],
                                                              [
                                                                  -115.17997,
                                                                  36.10344
                                                              ],
                                                              [
                                                                  -115.17993,
                                                                  36.10332
                                                              ],
                                                              [
                                                                  -115.17991,
                                                                  36.10326
                                                              ],
                                                              [
                                                                  -115.17986,
                                                                  36.10314
                                                              ],
                                                              [
                                                                  -115.17981,
                                                                  36.10304
                                                              ],
                                                              [
                                                                  -115.17975,
                                                                  36.10291
                                                              ],
                                                              [
                                                                  -115.17972,
                                                                  36.10286
                                                              ],
                                                              [
                                                                  -115.17968,
                                                                  36.10278
                                                              ],
                                                              [
                                                                  -115.17966,
                                                                  36.10273
                                                              ],
                                                              [
                                                                  -115.17965,
                                                                  36.10272
                                                              ],
                                                              [
                                                                  -115.17958,
                                                                  36.10256
                                                              ],
                                                              [
                                                                  -115.17954,
                                                                  36.10245
                                                              ],
                                                              [
                                                                  -115.17952,
                                                                  36.1024
                                                              ],
                                                              [
                                                                  -115.17948,
                                                                  36.10229
                                                              ],
                                                              [
                                                                  -115.17947,
                                                                  36.10225
                                                              ],
                                                              [
                                                                  -115.17945,
                                                                  36.10218
                                                              ],
                                                              [
                                                                  -115.17942,
                                                                  36.10206
                                                              ],
                                                              [
                                                                  -115.17939,
                                                                  36.10188
                                                              ],
                                                              [
                                                                  -115.17935,
                                                                  36.10168
                                                              ],
                                                              [
                                                                  -115.17935,
                                                                  36.10146
                                                              ],
                                                              [
                                                                  -115.17935,
                                                                  36.10144
                                                              ],
                                                              [
                                                                  -115.17937,
                                                                  36.10128
                                                              ],
                                                              [
                                                                  -115.17938,
                                                                  36.10119
                                                              ],
                                                              [
                                                                  -115.17941,
                                                                  36.10103
                                                              ],
                                                              [
                                                                  -115.17942,
                                                                  36.10093
                                                              ],
                                                              [
                                                                  -115.17945,
                                                                  36.10074
                                                              ],
                                                              [
                                                                  -115.17949,
                                                                  36.10047
                                                              ],
                                                              [
                                                                  -115.17951,
                                                                  36.10034
                                                              ],
                                                              [
                                                                  -115.17953,
                                                                  36.10026
                                                              ],
                                                              [
                                                                  -115.17955,
                                                                  36.10015
                                                              ],
                                                              [
                                                                  -115.17957,
                                                                  36.10007
                                                              ],
                                                              [
                                                                  -115.17961,
                                                                  36.09996
                                                              ],
                                                              [
                                                                  -115.17965,
                                                                  36.09978
                                                              ],
                                                              [
                                                                  -115.17968,
                                                                  36.09969
                                                              ],
                                                              [
                                                                  -115.17973,
                                                                  36.09952
                                                              ],
                                                              [
                                                                  -115.17993,
                                                                  36.09914
                                                              ],
                                                              [
                                                                  -115.18002,
                                                                  36.09894
                                                              ],
                                                              [
                                                                  -115.18006,
                                                                  36.09883
                                                              ],
                                                              [
                                                                  -115.18009,
                                                                  36.09864
                                                              ],
                                                              [
                                                                  -115.1801,
                                                                  36.09852
                                                              ],
                                                              [
                                                                  -115.18011,
                                                                  36.0983
                                                              ],
                                                              [
                                                                  -115.18012,
                                                                  36.09818
                                                              ],
                                                              [
                                                                  -115.18012,
                                                                  36.09744
                                                              ],
                                                              [
                                                                  -115.18013,
                                                                  36.09731
                                                              ],
                                                              [
                                                                  -115.18014,
                                                                  36.09717
                                                              ],
                                                              [
                                                                  -115.18015,
                                                                  36.097
                                                              ],
                                                              [
                                                                  -115.18016,
                                                                  36.09684
                                                              ],
                                                              [
                                                                  -115.18016,
                                                                  36.09665
                                                              ],
                                                              [
                                                                  -115.18017,
                                                                  36.09651
                                                              ],
                                                              [
                                                                  -115.18017,
                                                                  36.09625
                                                              ],
                                                              [
                                                                  -115.18018,
                                                                  36.09587
                                                              ],
                                                              [
                                                                  -115.18018,
                                                                  36.09577
                                                              ],
                                                              [
                                                                  -115.18019,
                                                                  36.09545
                                                              ],
                                                              [
                                                                  -115.1802,
                                                                  36.09513
                                                              ],
                                                              [
                                                                  -115.1802,
                                                                  36.0949
                                                              ],
                                                              [
                                                                  -115.1802,
                                                                  36.09487
                                                              ],
                                                              [
                                                                  -115.1802,
                                                                  36.09483
                                                              ],
                                                              [
                                                                  -115.18019,
                                                                  36.09478
                                                              ],
                                                              [
                                                                  -115.1802,
                                                                  36.09453
                                                              ],
                                                              [
                                                                  -115.1802,
                                                                  36.09439
                                                              ],
                                                              [
                                                                  -115.1802,
                                                                  36.09404
                                                              ],
                                                              [
                                                                  -115.1802,
                                                                  36.09387
                                                              ],
                                                              [
                                                                  -115.1802,
                                                                  36.09378
                                                              ],
                                                              [
                                                                  -115.18019,
                                                                  36.09362
                                                              ],
                                                              [
                                                                  -115.18016,
                                                                  36.09337
                                                              ],
                                                              [
                                                                  -115.18014,
                                                                  36.09301
                                                              ],
                                                              [
                                                                  -115.18014,
                                                                  36.09287
                                                              ],
                                                              [
                                                                  -115.18014,
                                                                  36.09274
                                                              ],
                                                              [
                                                                  -115.18014,
                                                                  36.09239
                                                              ],
                                                              [
                                                                  -115.18014,
                                                                  36.09174
                                                              ],
                                                              [
                                                                  -115.18014,
                                                                  36.09138
                                                              ],
                                                              [
                                                                  -115.18014,
                                                                  36.09094
                                                              ],
                                                              [
                                                                  -115.18014,
                                                                  36.09009
                                                              ],
                                                              [
                                                                  -115.18008,
                                                                  36.09
                                                              ],
                                                              [
                                                                  -115.18007,
                                                                  36.08977
                                                              ],
                                                              [
                                                                  -115.18007,
                                                                  36.08968
                                                              ],
                                                              [
                                                                  -115.18005,
                                                                  36.08959
                                                              ],
                                                              [
                                                                  -115.18005,
                                                                  36.08954
                                                              ],
                                                              [
                                                                  -115.18003,
                                                                  36.08948
                                                              ],
                                                              [
                                                                  -115.18003,
                                                                  36.08944
                                                              ],
                                                              [
                                                                  -115.18002,
                                                                  36.0894
                                                              ],
                                                              [
                                                                  -115.18,
                                                                  36.08932
                                                              ],
                                                              [
                                                                  -115.17999,
                                                                  36.08929
                                                              ],
                                                              [
                                                                  -115.17998,
                                                                  36.08926
                                                              ],
                                                              [
                                                                  -115.17997,
                                                                  36.08922
                                                              ],
                                                              [
                                                                  -115.17996,
                                                                  36.08918
                                                              ],
                                                              [
                                                                  -115.17993,
                                                                  36.08912
                                                              ],
                                                              [
                                                                  -115.17996,
                                                                  36.08908
                                                              ],
                                                              [
                                                                  -115.17998,
                                                                  36.08906
                                                              ],
                                                              [
                                                                  -115.17998,
                                                                  36.08905
                                                              ],
                                                              [
                                                                  -115.17996,
                                                                  36.08899
                                                              ],
                                                              [
                                                                  -115.17993,
                                                                  36.0889
                                                              ],
                                                              [
                                                                  -115.1798,
                                                                  36.08862
                                                              ],
                                                              [
                                                                  -115.17971,
                                                                  36.08843
                                                              ],
                                                              [
                                                                  -115.17965,
                                                                  36.0883
                                                              ],
                                                              [
                                                                  -115.17946,
                                                                  36.0879
                                                              ],
                                                              [
                                                                  -115.17922,
                                                                  36.08739
                                                              ],
                                                              [
                                                                  -115.17913,
                                                                  36.08719
                                                              ],
                                                              [
                                                                  -115.17911,
                                                                  36.08714
                                                              ],
                                                              [
                                                                  -115.17908,
                                                                  36.08706
                                                              ],
                                                              [
                                                                  -115.17905,
                                                                  36.08698
                                                              ],
                                                              [
                                                                  -115.17903,
                                                                  36.08695
                                                              ],
                                                              [
                                                                  -115.17902,
                                                                  36.08689
                                                              ],
                                                              [
                                                                  -115.17899,
                                                                  36.08679
                                                              ],
                                                              [
                                                                  -115.17897,
                                                                  36.08668
                                                              ],
                                                              [
                                                                  -115.17896,
                                                                  36.08664
                                                              ],
                                                              [
                                                                  -115.17895,
                                                                  36.0866
                                                              ],
                                                              [
                                                                  -115.17895,
                                                                  36.08657
                                                              ],
                                                              [
                                                                  -115.17894,
                                                                  36.08653
                                                              ],
                                                              [
                                                                  -115.17893,
                                                                  36.08642
                                                              ],
                                                              [
                                                                  -115.17892,
                                                                  36.08633
                                                              ],
                                                              [
                                                                  -115.17891,
                                                                  36.08627
                                                              ],
                                                              [
                                                                  -115.1789,
                                                                  36.08619
                                                              ],
                                                              [
                                                                  -115.1789,
                                                                  36.08607
                                                              ],
                                                              [
                                                                  -115.1789,
                                                                  36.086
                                                              ],
                                                              [
                                                                  -115.1789,
                                                                  36.08599
                                                              ],
                                                              [
                                                                  -115.17889,
                                                                  36.0859
                                                              ],
                                                              [
                                                                  -115.17889,
                                                                  36.08583
                                                              ],
                                                              [
                                                                  -115.1789,
                                                                  36.08579
                                                              ],
                                                              [
                                                                  -115.1789,
                                                                  36.08573
                                                              ],
                                                              [
                                                                  -115.17892,
                                                                  36.08562
                                                              ],
                                                              [
                                                                  -115.17895,
                                                                  36.08548
                                                              ],
                                                              [
                                                                  -115.179,
                                                                  36.08528
                                                              ],
                                                              [
                                                                  -115.17906,
                                                                  36.08508
                                                              ],
                                                              [
                                                                  -115.1791,
                                                                  36.08496
                                                              ],
                                                              [
                                                                  -115.17914,
                                                                  36.08484
                                                              ],
                                                              [
                                                                  -115.17918,
                                                                  36.08473
                                                              ],
                                                              [
                                                                  -115.17925,
                                                                  36.08455
                                                              ],
                                                              [
                                                                  -115.17929,
                                                                  36.08444
                                                              ],
                                                              [
                                                                  -115.17934,
                                                                  36.08431
                                                              ],
                                                              [
                                                                  -115.17937,
                                                                  36.08425
                                                              ],
                                                              [
                                                                  -115.17939,
                                                                  36.08419
                                                              ],
                                                              [
                                                                  -115.1794,
                                                                  36.08415
                                                              ],
                                                              [
                                                                  -115.17941,
                                                                  36.08411
                                                              ],
                                                              [
                                                                  -115.17941,
                                                                  36.08408
                                                              ],
                                                              [
                                                                  -115.17942,
                                                                  36.08406
                                                              ],
                                                              [
                                                                  -115.17942,
                                                                  36.08403
                                                              ],
                                                              [
                                                                  -115.17941,
                                                                  36.08399
                                                              ],
                                                              [
                                                                  -115.17941,
                                                                  36.08396
                                                              ],
                                                              [
                                                                  -115.17941,
                                                                  36.08394
                                                              ],
                                                              [
                                                                  -115.1794,
                                                                  36.08389
                                                              ],
                                                              [
                                                                  -115.17938,
                                                                  36.08386
                                                              ],
                                                              [
                                                                  -115.17937,
                                                                  36.08383
                                                              ],
                                                              [
                                                                  -115.17935,
                                                                  36.0838
                                                              ],
                                                              [
                                                                  -115.17933,
                                                                  36.08376
                                                              ],
                                                              [
                                                                  -115.17931,
                                                                  36.08373
                                                              ],
                                                              [
                                                                  -115.17928,
                                                                  36.0837
                                                              ],
                                                              [
                                                                  -115.17926,
                                                                  36.08367
                                                              ],
                                                              [
                                                                  -115.17923,
                                                                  36.08365
                                                              ],
                                                              [
                                                                  -115.1792,
                                                                  36.08362
                                                              ],
                                                              [
                                                                  -115.17916,
                                                                  36.08359
                                                              ],
                                                              [
                                                                  -115.17912,
                                                                  36.08356
                                                              ],
                                                              [
                                                                  -115.17908,
                                                                  36.08354
                                                              ],
                                                              [
                                                                  -115.17904,
                                                                  36.08352
                                                              ],
                                                              [
                                                                  -115.17901,
                                                                  36.08351
                                                              ],
                                                              [
                                                                  -115.17897,
                                                                  36.0835
                                                              ],
                                                              [
                                                                  -115.17893,
                                                                  36.08348
                                                              ],
                                                              [
                                                                  -115.17889,
                                                                  36.08347
                                                              ],
                                                              [
                                                                  -115.17885,
                                                                  36.08347
                                                              ],
                                                              [
                                                                  -115.17881,
                                                                  36.08346
                                                              ],
                                                              [
                                                                  -115.17877,
                                                                  36.08346
                                                              ],
                                                              [
                                                                  -115.17874,
                                                                  36.08346
                                                              ],
                                                              [
                                                                  -115.17871,
                                                                  36.08345
                                                              ],
                                                              [
                                                                  -115.1787,
                                                                  36.08345
                                                              ],
                                                              [
                                                                  -115.17868,
                                                                  36.08345
                                                              ],
                                                              [
                                                                  -115.17865,
                                                                  36.08345
                                                              ],
                                                              [
                                                                  -115.17862,
                                                                  36.08346
                                                              ],
                                                              [
                                                                  -115.17859,
                                                                  36.08346
                                                              ],
                                                              [
                                                                  -115.17856,
                                                                  36.08346
                                                              ],
                                                              [
                                                                  -115.17853,
                                                                  36.08347
                                                              ],
                                                              [
                                                                  -115.17849,
                                                                  36.08348
                                                              ],
                                                              [
                                                                  -115.17846,
                                                                  36.08349
                                                              ],
                                                              [
                                                                  -115.17842,
                                                                  36.0835
                                                              ],
                                                              [
                                                                  -115.17839,
                                                                  36.08351
                                                              ],
                                                              [
                                                                  -115.17836,
                                                                  36.08352
                                                              ],
                                                              [
                                                                  -115.17833,
                                                                  36.08354
                                                              ],
                                                              [
                                                                  -115.17831,
                                                                  36.08355
                                                              ],
                                                              [
                                                                  -115.17827,
                                                                  36.08357
                                                              ],
                                                              [
                                                                  -115.17824,
                                                                  36.08359
                                                              ],
                                                              [
                                                                  -115.1782,
                                                                  36.08361
                                                              ],
                                                              [
                                                                  -115.17816,
                                                                  36.08363
                                                              ],
                                                              [
                                                                  -115.17812,
                                                                  36.08366
                                                              ],
                                                              [
                                                                  -115.17808,
                                                                  36.08368
                                                              ],
                                                              [
                                                                  -115.17803,
                                                                  36.08371
                                                              ],
                                                              [
                                                                  -115.17797,
                                                                  36.08374
                                                              ],
                                                              [
                                                                  -115.17792,
                                                                  36.08377
                                                              ],
                                                              [
                                                                  -115.17787,
                                                                  36.0838
                                                              ],
                                                              [
                                                                  -115.17786,
                                                                  36.08381
                                                              ],
                                                              [
                                                                  -115.17784,
                                                                  36.08382
                                                              ],
                                                              [
                                                                  -115.17781,
                                                                  36.08383
                                                              ],
                                                              [
                                                                  -115.17778,
                                                                  36.08385
                                                              ],
                                                              [
                                                                  -115.17774,
                                                                  36.08387
                                                              ],
                                                              [
                                                                  -115.17771,
                                                                  36.08388
                                                              ],
                                                              [
                                                                  -115.17768,
                                                                  36.08389
                                                              ],
                                                              [
                                                                  -115.17765,
                                                                  36.0839
                                                              ],
                                                              [
                                                                  -115.17762,
                                                                  36.08391
                                                              ],
                                                              [
                                                                  -115.17758,
                                                                  36.08391
                                                              ],
                                                              [
                                                                  -115.17755,
                                                                  36.08392
                                                              ],
                                                              [
                                                                  -115.17751,
                                                                  36.08392
                                                              ],
                                                              [
                                                                  -115.17747,
                                                                  36.08392
                                                              ],
                                                              [
                                                                  -115.17742,
                                                                  36.08393
                                                              ],
                                                              [
                                                                  -115.17734,
                                                                  36.08392
                                                              ],
                                                              [
                                                                  -115.17723,
                                                                  36.08392
                                                              ],
                                                              [
                                                                  -115.17711,
                                                                  36.08392
                                                              ],
                                                              [
                                                                  -115.17697,
                                                                  36.08392
                                                              ],
                                                              [
                                                                  -115.17684,
                                                                  36.08391
                                                              ],
                                                              [
                                                                  -115.17673,
                                                                  36.08391
                                                              ],
                                                              [
                                                                  -115.17664,
                                                                  36.08392
                                                              ],
                                                              [
                                                                  -115.17657,
                                                                  36.08392
                                                              ],
                                                              [
                                                                  -115.17653,
                                                                  36.08393
                                                              ],
                                                              [
                                                                  -115.17648,
                                                                  36.08393
                                                              ],
                                                              [
                                                                  -115.17643,
                                                                  36.08394
                                                              ],
                                                              [
                                                                  -115.17639,
                                                                  36.08395
                                                              ],
                                                              [
                                                                  -115.17634,
                                                                  36.08397
                                                              ],
                                                              [
                                                                  -115.17631,
                                                                  36.08398
                                                              ],
                                                              [
                                                                  -115.17626,
                                                                  36.08399
                                                              ],
                                                              [
                                                                  -115.17621,
                                                                  36.08402
                                                              ],
                                                              [
                                                                  -115.17616,
                                                                  36.08404
                                                              ],
                                                              [
                                                                  -115.17612,
                                                                  36.08406
                                                              ],
                                                              [
                                                                  -115.17608,
                                                                  36.08408
                                                              ],
                                                              [
                                                                  -115.17603,
                                                                  36.08412
                                                              ],
                                                              [
                                                                  -115.176,
                                                                  36.08414
                                                              ],
                                                              [
                                                                  -115.17598,
                                                                  36.08416
                                                              ],
                                                              [
                                                                  -115.17596,
                                                                  36.08418
                                                              ],
                                                              [
                                                                  -115.17593,
                                                                  36.08421
                                                              ],
                                                              [
                                                                  -115.17591,
                                                                  36.08423
                                                              ],
                                                              [
                                                                  -115.17588,
                                                                  36.08426
                                                              ],
                                                              [
                                                                  -115.17586,
                                                                  36.08428
                                                              ],
                                                              [
                                                                  -115.17584,
                                                                  36.08431
                                                              ],
                                                              [
                                                                  -115.17582,
                                                                  36.08434
                                                              ],
                                                              [
                                                                  -115.17579,
                                                                  36.08437
                                                              ],
                                                              [
                                                                  -115.17578,
                                                                  36.0844
                                                              ],
                                                              [
                                                                  -115.17575,
                                                                  36.08445
                                                              ],
                                                              [
                                                                  -115.17572,
                                                                  36.0845
                                                              ],
                                                              [
                                                                  -115.17571,
                                                                  36.08455
                                                              ],
                                                              [
                                                                  -115.1757,
                                                                  36.08459
                                                              ],
                                                              [
                                                                  -115.17568,
                                                                  36.08465
                                                              ],
                                                              [
                                                                  -115.17568,
                                                                  36.08468
                                                              ],
                                                              [
                                                                  -115.17567,
                                                                  36.08472
                                                              ],
                                                              [
                                                                  -115.17567,
                                                                  36.08477
                                                              ],
                                                              [
                                                                  -115.17567,
                                                                  36.08482
                                                              ],
                                                              [
                                                                  -115.17567,
                                                                  36.08486
                                                              ],
                                                              [
                                                                  -115.17567,
                                                                  36.0849
                                                              ],
                                                              [
                                                                  -115.17567,
                                                                  36.08495
                                                              ],
                                                              [
                                                                  -115.17566,
                                                                  36.08505
                                                              ],
                                                              [
                                                                  -115.17566,
                                                                  36.08515
                                                              ],
                                                              [
                                                                  -115.17566,
                                                                  36.08529
                                                              ],
                                                              [
                                                                  -115.17565,
                                                                  36.08544
                                                              ],
                                                              [
                                                                  -115.17565,
                                                                  36.08559
                                                              ],
                                                              [
                                                                  -115.17565,
                                                                  36.086
                                                              ],
                                                              [
                                                                  -115.17562,
                                                                  36.08617
                                                              ],
                                                              [
                                                                  -115.17569,
                                                                  36.08617
                                                              ],
                                                              [
                                                                  -115.17579,
                                                                  36.08616
                                                              ],
                                                              [
                                                                  -115.1758,
                                                                  36.08616
                                                              ],
                                                              [
                                                                  -115.17584,
                                                                  36.08616
                                                              ],
                                                              [
                                                                  -115.17597,
                                                                  36.08615
                                                              ],
                                                              [
                                                                  -115.17619,
                                                                  36.08613
                                                              ],
                                                              [
                                                                  -115.17643,
                                                                  36.08611
                                                              ],
                                                              [
                                                                  -115.17651,
                                                                  36.0861
                                                              ],
                                                              [
                                                                  -115.17663,
                                                                  36.08609
                                                              ],
                                                              [
                                                                  -115.17678,
                                                                  36.08608
                                                              ],
                                                              [
                                                                  -115.17689,
                                                                  36.08607
                                                              ],
                                                              [
                                                                  -115.17697,
                                                                  36.08606
                                                              ],
                                                              [
                                                                  -115.17703,
                                                                  36.08606
                                                              ],
                                                              [
                                                                  -115.17709,
                                                                  36.08605
                                                              ],
                                                              [
                                                                  -115.17717,
                                                                  36.08605
                                                              ],
                                                              [
                                                                  -115.17727,
                                                                  36.08605
                                                              ],
                                                              [
                                                                  -115.17736,
                                                                  36.08604
                                                              ],
                                                              [
                                                                  -115.17744,
                                                                  36.08604
                                                              ],
                                                              [
                                                                  -115.17754,
                                                                  36.08604
                                                              ],
                                                              [
                                                                  -115.17768,
                                                                  36.08604
                                                              ],
                                                              [
                                                                  -115.17784,
                                                                  36.08604
                                                              ],
                                                              [
                                                                  -115.178,
                                                                  36.08604
                                                              ],
                                                              [
                                                                  -115.17813,
                                                                  36.08604
                                                              ],
                                                              [
                                                                  -115.17816,
                                                                  36.08604
                                                              ],
                                                              [
                                                                  -115.17834,
                                                                  36.08605
                                                              ],
                                                              [
                                                                  -115.17848,
                                                                  36.08605
                                                              ],
                                                              [
                                                                  -115.1785,
                                                                  36.08605
                                                              ],
                                                              [
                                                                  -115.17874,
                                                                  36.08605
                                                              ],
                                                              [
                                                                  -115.17889,
                                                                  36.08605
                                                              ],
                                                              [
                                                                  -115.17903,
                                                                  36.08606
                                                              ],
                                                              [
                                                                  -115.17907,
                                                                  36.08606
                                                              ],
                                                              [
                                                                  -115.17925,
                                                                  36.08606
                                                              ],
                                                              [
                                                                  -115.17933,
                                                                  36.08606
                                                              ],
                                                              [
                                                                  -115.17987,
                                                                  36.08607
                                                              ],
                                                              [
                                                                  -115.18041,
                                                                  36.08608
                                                              ],
                                                              [
                                                                  -115.18096,
                                                                  36.08608
                                                              ],
                                                              [
                                                                  -115.18124,
                                                                  36.08609
                                                              ],
                                                              [
                                                                  -115.18152,
                                                                  36.08609
                                                              ],
                                                              [
                                                                  -115.18215,
                                                                  36.0861
                                                              ],
                                                              [
                                                                  -115.1824,
                                                                  36.0861
                                                              ],
                                                              [
                                                                  -115.18273,
                                                                  36.0861
                                                              ],
                                                              [
                                                                  -115.18315,
                                                                  36.08611
                                                              ],
                                                              [
                                                                  -115.18344,
                                                                  36.08611
                                                              ],
                                                              [
                                                                  -115.18394,
                                                                  36.08612
                                                              ],
                                                              [
                                                                  -115.18411,
                                                                  36.08613
                                                              ],
                                                              [
                                                                  -115.18427,
                                                                  36.08613
                                                              ],
                                                              [
                                                                  -115.18434,
                                                                  36.08614
                                                              ],
                                                              [
                                                                  -115.18443,
                                                                  36.08614
                                                              ],
                                                              [
                                                                  -115.18464,
                                                                  36.08616
                                                              ],
                                                              [
                                                                  -115.18489,
                                                                  36.08617
                                                              ],
                                                              [
                                                                  -115.18554,
                                                                  36.08622
                                                              ],
                                                              [
                                                                  -115.18561,
                                                                  36.08624
                                                              ],
                                                              [
                                                                  -115.18603,
                                                                  36.08627
                                                              ],
                                                              [
                                                                  -115.18641,
                                                                  36.0863
                                                              ],
                                                              [
                                                                  -115.18649,
                                                                  36.0863
                                                              ],
                                                              [
                                                                  -115.18668,
                                                                  36.08625
                                                              ],
                                                              [
                                                                  -115.18691,
                                                                  36.08625
                                                              ],
                                                              [
                                                                  -115.1872,
                                                                  36.08626
                                                              ],
                                                              [
                                                                  -115.18773,
                                                                  36.08627
                                                              ],
                                                              [
                                                                  -115.18781,
                                                                  36.08627
                                                              ],
                                                              [
                                                                  -115.18802,
                                                                  36.08628
                                                              ],
                                                              [
                                                                  -115.18812,
                                                                  36.08628
                                                              ],
                                                              [
                                                                  -115.18826,
                                                                  36.08629
                                                              ],
                                                              [
                                                                  -115.1886,
                                                                  36.08629
                                                              ],
                                                              [
                                                                  -115.18864,
                                                                  36.08629
                                                              ],
                                                              [
                                                                  -115.18874,
                                                                  36.08634
                                                              ],
                                                              [
                                                                  -115.18888,
                                                                  36.08635
                                                              ],
                                                              [
                                                                  -115.18914,
                                                                  36.08635
                                                              ],
                                                              [
                                                                  -115.1894,
                                                                  36.08636
                                                              ],
                                                              [
                                                                  -115.18977,
                                                                  36.08637
                                                              ],
                                                              [
                                                                  -115.18995,
                                                                  36.08639
                                                              ],
                                                              [
                                                                  -115.19068,
                                                                  36.08639
                                                              ],
                                                              [
                                                                  -115.19108,
                                                                  36.0864
                                                              ],
                                                              [
                                                                  -115.19117,
                                                                  36.08633
                                                              ],
                                                              [
                                                                  -115.19155,
                                                                  36.08633
                                                              ],
                                                              [
                                                                  -115.19166,
                                                                  36.08633
                                                              ],
                                                              [
                                                                  -115.19172,
                                                                  36.08633
                                                              ],
                                                              [
                                                                  -115.19224,
                                                                  36.08633
                                                              ],
                                                              [
                                                                  -115.1927,
                                                                  36.08635
                                                              ],
                                                              [
                                                                  -115.19302,
                                                                  36.08635
                                                              ],
                                                              [
                                                                  -115.19427,
                                                                  36.08634
                                                              ],
                                                              [
                                                                  -115.19452,
                                                                  36.08633
                                                              ],
                                                              [
                                                                  -115.1952,
                                                                  36.08631
                                                              ],
                                                              [
                                                                  -115.19531,
                                                                  36.08635
                                                              ],
                                                              [
                                                                  -115.19585,
                                                                  36.08634
                                                              ],
                                                              [
                                                                  -115.1965,
                                                                  36.08634
                                                              ],
                                                              [
                                                                  -115.1969,
                                                                  36.08634
                                                              ],
                                                              [
                                                                  -115.19782,
                                                                  36.08634
                                                              ],
                                                              [
                                                                  -115.19806,
                                                                  36.08634
                                                              ],
                                                              [
                                                                  -115.19812,
                                                                  36.08634
                                                              ],
                                                              [
                                                                  -115.19845,
                                                                  36.08634
                                                              ],
                                                              [
                                                                  -115.19919,
                                                                  36.08633
                                                              ],
                                                              [
                                                                  -115.19999,
                                                                  36.08634
                                                              ],
                                                              [
                                                                  -115.20019,
                                                                  36.08634
                                                              ],
                                                              [
                                                                  -115.20033,
                                                                  36.08634
                                                              ],
                                                              [
                                                                  -115.20039,
                                                                  36.08634
                                                              ],
                                                              [
                                                                  -115.20106,
                                                                  36.08634
                                                              ],
                                                              [
                                                                  -115.20151,
                                                                  36.08634
                                                              ],
                                                              [
                                                                  -115.20195,
                                                                  36.08634
                                                              ],
                                                              [
                                                                  -115.20196,
                                                                  36.08634
                                                              ],
                                                              [
                                                                  -115.20215,
                                                                  36.08634
                                                              ],
                                                              [
                                                                  -115.20255,
                                                                  36.08635
                                                              ],
                                                              [
                                                                  -115.20279,
                                                                  36.08635
                                                              ],
                                                              [
                                                                  -115.2033,
                                                                  36.08635
                                                              ],
                                                              [
                                                                  -115.20386,
                                                                  36.08635
                                                              ],
                                                              [
                                                                  -115.20436,
                                                                  36.08635
                                                              ],
                                                              [
                                                                  -115.20462,
                                                                  36.08635
                                                              ],
                                                              [
                                                                  -115.2048,
                                                                  36.08636
                                                              ],
                                                              [
                                                                  -115.20494,
                                                                  36.08636
                                                              ],
                                                              [
                                                                  -115.20573,
                                                                  36.08636
                                                              ],
                                                              [
                                                                  -115.20618,
                                                                  36.08636
                                                              ],
                                                              [
                                                                  -115.20632,
                                                                  36.08636
                                                              ],
                                                              [
                                                                  -115.20643,
                                                                  36.08636
                                                              ],
                                                              [
                                                                  -115.20646,
                                                                  36.08638
                                                              ],
                                                              [
                                                                  -115.20649,
                                                                  36.0864
                                                              ],
                                                              [
                                                                  -115.20654,
                                                                  36.08641
                                                              ],
                                                              [
                                                                  -115.20661,
                                                                  36.08641
                                                              ],
                                                              [
                                                                  -115.2067,
                                                                  36.0864
                                                              ],
                                                              [
                                                                  -115.20677,
                                                                  36.0864
                                                              ],
                                                              [
                                                                  -115.20691,
                                                                  36.0864
                                                              ],
                                                              [
                                                                  -115.20714,
                                                                  36.0864
                                                              ],
                                                              [
                                                                  -115.20782,
                                                                  36.08641
                                                              ],
                                                              [
                                                                  -115.20802,
                                                                  36.08642
                                                              ],
                                                              [
                                                                  -115.20816,
                                                                  36.08643
                                                              ],
                                                              [
                                                                  -115.20826,
                                                                  36.08642
                                                              ],
                                                              [
                                                                  -115.20851,
                                                                  36.08641
                                                              ],
                                                              [
                                                                  -115.20921,
                                                                  36.08636
                                                              ],
                                                              [
                                                                  -115.20922,
                                                                  36.08636
                                                              ],
                                                              [
                                                                  -115.20923,
                                                                  36.08636
                                                              ],
                                                              [
                                                                  -115.20924,
                                                                  36.08636
                                                              ],
                                                              [
                                                                  -115.2093,
                                                                  36.08631
                                                              ],
                                                              [
                                                                  -115.20934,
                                                                  36.08626
                                                              ],
                                                              [
                                                                  -115.20959,
                                                                  36.08625
                                                              ],
                                                              [
                                                                  -115.20973,
                                                                  36.08624
                                                              ],
                                                              [
                                                                  -115.21009,
                                                                  36.08622
                                                              ],
                                                              [
                                                                  -115.21096,
                                                                  36.08617
                                                              ],
                                                              [
                                                                  -115.21113,
                                                                  36.08617
                                                              ],
                                                              [
                                                                  -115.21158,
                                                                  36.08614
                                                              ],
                                                              [
                                                                  -115.21225,
                                                                  36.08612
                                                              ],
                                                              [
                                                                  -115.21291,
                                                                  36.0861
                                                              ],
                                                              [
                                                                  -115.21314,
                                                                  36.08609
                                                              ],
                                                              [
                                                                  -115.21358,
                                                                  36.08606
                                                              ],
                                                              [
                                                                  -115.2138,
                                                                  36.08605
                                                              ],
                                                              [
                                                                  -115.21402,
                                                                  36.08604
                                                              ],
                                                              [
                                                                  -115.21452,
                                                                  36.086
                                                              ],
                                                              [
                                                                  -115.21521,
                                                                  36.08597
                                                              ],
                                                              [
                                                                  -115.21565,
                                                                  36.08594
                                                              ],
                                                              [
                                                                  -115.21661,
                                                                  36.08588
                                                              ],
                                                              [
                                                                  -115.21737,
                                                                  36.08583
                                                              ],
                                                              [
                                                                  -115.21789,
                                                                  36.0858
                                                              ],
                                                              [
                                                                  -115.21825,
                                                                  36.08579
                                                              ],
                                                              [
                                                                  -115.21877,
                                                                  36.08575
                                                              ],
                                                              [
                                                                  -115.22007,
                                                                  36.08568
                                                              ],
                                                              [
                                                                  -115.22096,
                                                                  36.08563
                                                              ],
                                                              [
                                                                  -115.22185,
                                                                  36.08559
                                                              ],
                                                              [
                                                                  -115.22201,
                                                                  36.08558
                                                              ],
                                                              [
                                                                  -115.22207,
                                                                  36.08558
                                                              ],
                                                              [
                                                                  -115.22314,
                                                                  36.08552
                                                              ],
                                                              [
                                                                  -115.22384,
                                                                  36.08548
                                                              ],
                                                              [
                                                                  -115.22412,
                                                                  36.08546
                                                              ],
                                                              [
                                                                  -115.22416,
                                                                  36.08548
                                                              ],
                                                              [
                                                                  -115.22419,
                                                                  36.08549
                                                              ],
                                                              [
                                                                  -115.22422,
                                                                  36.0855
                                                              ],
                                                              [
                                                                  -115.22425,
                                                                  36.0855
                                                              ],
                                                              [
                                                                  -115.2245,
                                                                  36.08549
                                                              ],
                                                              [
                                                                  -115.22524,
                                                                  36.08545
                                                              ],
                                                              [
                                                                  -115.22532,
                                                                  36.08545
                                                              ],
                                                              [
                                                                  -115.22541,
                                                                  36.08545
                                                              ],
                                                              [
                                                                  -115.22631,
                                                                  36.08545
                                                              ],
                                                              [
                                                                  -115.2266,
                                                                  36.08544
                                                              ],
                                                              [
                                                                  -115.22676,
                                                                  36.08542
                                                              ],
                                                              [
                                                                  -115.22695,
                                                                  36.08536
                                                              ],
                                                              [
                                                                  -115.22749,
                                                                  36.08535
                                                              ],
                                                              [
                                                                  -115.22868,
                                                                  36.08534
                                                              ],
                                                              [
                                                                  -115.22906,
                                                                  36.08532
                                                              ],
                                                              [
                                                                  -115.2297,
                                                                  36.08532
                                                              ],
                                                              [
                                                                  -115.23073,
                                                                  36.0853
                                                              ],
                                                              [
                                                                  -115.23187,
                                                                  36.08529
                                                              ],
                                                              [
                                                                  -115.23255,
                                                                  36.08528
                                                              ],
                                                              [
                                                                  -115.23337,
                                                                  36.08527
                                                              ],
                                                              [
                                                                  -115.23343,
                                                                  36.08527
                                                              ],
                                                              [
                                                                  -115.23406,
                                                                  36.08526
                                                              ],
                                                              [
                                                                  -115.23403,
                                                                  36.08486
                                                              ],
                                                              [
                                                                  -115.23404,
                                                                  36.08467
                                                              ],
                                                              [
                                                                  -115.23399,
                                                                  36.08345
                                                              ],
                                                              [
                                                                  -115.2339,
                                                                  36.08163
                                                              ],
                                                              [
                                                                  -115.23386,
                                                                  36.08086
                                                              ],
                                                              [
                                                                  -115.23381,
                                                                  36.07982
                                                              ],
                                                              [
                                                                  -115.23381,
                                                                  36.07979
                                                              ],
                                                              [
                                                                  -115.23376,
                                                                  36.07872
                                                              ],
                                                              [
                                                                  -115.23375,
                                                                  36.07854
                                                              ],
                                                              [
                                                                  -115.23371,
                                                                  36.07801
                                                              ],
                                                              [
                                                                  -115.23451,
                                                                  36.07799
                                                              ],
                                                              [
                                                                  -115.23518,
                                                                  36.07798
                                                              ],
                                                              [
                                                                  -115.23595,
                                                                  36.078
                                                              ],
                                                              [
                                                                  -115.23757,
                                                                  36.07795
                                                              ],
                                                              [
                                                                  -115.23819,
                                                                  36.07793
                                                              ],
                                                              [
                                                                  -115.2388,
                                                                  36.07793
                                                              ],
                                                              [
                                                                  -115.23926,
                                                                  36.07792
                                                              ],
                                                              [
                                                                  -115.23962,
                                                                  36.07791
                                                              ],
                                                              [
                                                                  -115.23961,
                                                                  36.07766
                                                              ]
                                                          ],
                                          "type":  "LineString"
                                      }
                     }
                 ]
}
