{
    "type":  "FeatureCollection",
    "features":  [
                     {
                         "type":  "Feature",
                         "properties":  {
                                            "name":  "F1 Zone A KH to Fashion show"
                                        },
                         "geometry":  {
                                          "coordinates":  [
                                                              [
                                                                  -115.239936,
                                                                  36.0778173
                                                              ],
                                                              [
                                                                  -115.2395858,
                                                                  36.0778563
                                                              ],
                                                              [
                                                                  -115.2392439,
                                                                  36.0778658
                                                              ],
                                                              [
                                                                  -115.238796,
                                                                  36.0779072
                                                              ],
                                                              [
                                                                  -115.2381779,
                                                                  36.0779186
                                                              ],
                                                              [
                                                                  -115.2378663,
                                                                  36.0779275
                                                              ],
                                                              [
                                                                  -115.237564,
                                                                  36.0779294
                                                              ],
                                                              [
                                                                  -115.2367546,
                                                                  36.0779487
                                                              ],
                                                              [
                                                                  -115.2363446,
                                                                  36.07796
                                                              ],
                                                              [
                                                                  -115.2359433,
                                                                  36.0779713
                                                              ],
                                                              [
                                                                  -115.2351753,
                                                                  36.0779697
                                                              ],
                                                              [
                                                                  -115.2348403,
                                                                  36.0779736
                                                              ],
                                                              [
                                                                  -115.2345053,
                                                                  36.0779802
                                                              ],
                                                              [
                                                                  -115.234102,
                                                                  36.0779867
                                                              ],
                                                              [
                                                                  -115.2336966,
                                                                  36.0779954
                                                              ],
                                                              [
                                                                  -115.2337106,
                                                                  36.078256
                                                              ],
                                                              [
                                                                  -115.2337332,
                                                                  36.0785384
                                                              ],
                                                              [
                                                                  -115.2337399,
                                                                  36.0787189
                                                              ],
                                                              [
                                                                  -115.2337672,
                                                                  36.0792536
                                                              ],
                                                              [
                                                                  -115.2337796,
                                                                  36.0795194
                                                              ],
                                                              [
                                                                  -115.2337872,
                                                                  36.0797895
                                                              ],
                                                              [
                                                                  -115.2337899,
                                                                  36.0798379
                                                              ],
                                                              [
                                                                  -115.2338166,
                                                                  36.0803465
                                                              ],
                                                              [
                                                                  -115.2338419,
                                                                  36.0808578
                                                              ],
                                                              [
                                                                  -115.2338585,
                                                                  36.0812436
                                                              ],
                                                              [
                                                                  -115.2338772,
                                                                  36.0816284
                                                              ],
                                                              [
                                                                  -115.2339158,
                                                                  36.0825357
                                                              ],
                                                              [
                                                                  -115.2339385,
                                                                  36.0829942
                                                              ],
                                                              [
                                                                  -115.2339478,
                                                                  36.0832213
                                                              ],
                                                              [
                                                                  -115.2339638,
                                                                  36.0834467
                                                              ],
                                                              [
                                                                  -115.2339895,
                                                                  36.0840581
                                                              ],
                                                              [
                                                                  -115.2340017,
                                                                  36.0843638
                                                              ],
                                                              [
                                                                  -115.2340152,
                                                                  36.0846673
                                                              ],
                                                              [
                                                                  -115.2340159,
                                                                  36.0846881
                                                              ],
                                                              [
                                                                  -115.2340199,
                                                                  36.0847216
                                                              ],
                                                              [
                                                                  -115.2340166,
                                                                  36.0847751
                                                              ],
                                                              [
                                                                  -115.2339938,
                                                                  36.08486
                                                              ],
                                                              [
                                                                  -115.2339912,
                                                                  36.0848733
                                                              ],
                                                              [
                                                                  -115.2339858,
                                                                  36.0848987
                                                              ],
                                                              [
                                                                  -115.2339912,
                                                                  36.0850016
                                                              ],
                                                              [
                                                                  -115.2339728,
                                                                  36.0852232
                                                              ],
                                                              [
                                                                  -115.2337017,
                                                                  36.0852282
                                                              ],
                                                              [
                                                                  -115.2334334,
                                                                  36.0852304
                                                              ],
                                                              [
                                                                  -115.2333438,
                                                                  36.0852342
                                                              ],
                                                              [
                                                                  -115.2331422,
                                                                  36.0852336
                                                              ],
                                                              [
                                                                  -115.2329446,
                                                                  36.0852357
                                                              ],
                                                              [
                                                                  -115.2325386,
                                                                  36.0852399
                                                              ],
                                                              [
                                                                  -115.2321929,
                                                                  36.0852441
                                                              ],
                                                              [
                                                                  -115.2318606,
                                                                  36.0852537
                                                              ],
                                                              [
                                                                  -115.231293,
                                                                  36.0852652
                                                              ],
                                                              [
                                                                  -115.2310085,
                                                                  36.0852661
                                                              ],
                                                              [
                                                                  -115.2307246,
                                                                  36.0852713
                                                              ],
                                                              [
                                                                  -115.23021,
                                                                  36.0852829
                                                              ],
                                                              [
                                                                  -115.229952,
                                                                  36.085286
                                                              ],
                                                              [
                                                                  -115.2296926,
                                                                  36.0852924
                                                              ],
                                                              [
                                                                  -115.229374,
                                                                  36.0852956
                                                              ],
                                                              [
                                                                  -115.2290607,
                                                                  36.0852978
                                                              ],
                                                              [
                                                                  -115.228686,
                                                                  36.0853069
                                                              ],
                                                              [
                                                                  -115.2280971,
                                                                  36.0853136
                                                              ],
                                                              [
                                                                  -115.2277925,
                                                                  36.0853142
                                                              ],
                                                              [
                                                                  -115.2276389,
                                                                  36.0853221
                                                              ],
                                                              [
                                                                  -115.2274853,
                                                                  36.0853365
                                                              ],
                                                              [
                                                                  -115.2272153,
                                                                  36.0853442
                                                              ],
                                                              [
                                                                  -115.2270803,
                                                                  36.0853437
                                                              ],
                                                              [
                                                                  -115.2270128,
                                                                  36.0853472
                                                              ],
                                                              [
                                                                  -115.2269352,
                                                                  36.0853649
                                                              ],
                                                              [
                                                                  -115.2268369,
                                                                  36.0853601
                                                              ],
                                                              [
                                                                  -115.2267433,
                                                                  36.085339
                                                              ],
                                                              [
                                                                  -115.2265726,
                                                                  36.0853414
                                                              ],
                                                              [
                                                                  -115.2264132,
                                                                  36.0853547
                                                              ],
                                                              [
                                                                  -115.2263148,
                                                                  36.0853543
                                                              ],
                                                              [
                                                                  -115.2262545,
                                                                  36.085329
                                                              ],
                                                              [
                                                                  -115.2258299,
                                                                  36.0853402
                                                              ],
                                                              [
                                                                  -115.2256163,
                                                                  36.0853452
                                                              ],
                                                              [
                                                                  -115.2254053,
                                                                  36.085353
                                                              ],
                                                              [
                                                                  -115.2253299,
                                                                  36.0853546
                                                              ],
                                                              [
                                                                  -115.2252233,
                                                                  36.085353
                                                              ],
                                                              [
                                                                  -115.2248636,
                                                                  36.0853672
                                                              ],
                                                              [
                                                                  -115.2245026,
                                                                  36.0853803
                                                              ],
                                                              [
                                                                  -115.2243783,
                                                                  36.0853902
                                                              ],
                                                              [
                                                                  -115.2242587,
                                                                  36.0854082
                                                              ],
                                                              [
                                                                  -115.2242026,
                                                                  36.085413
                                                              ],
                                                              [
                                                                  -115.2241653,
                                                                  36.0854195
                                                              ],
                                                              [
                                                                  -115.2240791,
                                                                  36.0854242
                                                              ],
                                                              [
                                                                  -115.2238125,
                                                                  36.0854388
                                                              ],
                                                              [
                                                                  -115.2234685,
                                                                  36.0854591
                                                              ],
                                                              [
                                                                  -115.2231299,
                                                                  36.0854788
                                                              ],
                                                              [
                                                                  -115.222569,
                                                                  36.0855123
                                                              ],
                                                              [
                                                                  -115.222014,
                                                                  36.0855426
                                                              ],
                                                              [
                                                                  -115.2218346,
                                                                  36.0855521
                                                              ],
                                                              [
                                                                  -115.2214003,
                                                                  36.0855734
                                                              ],
                                                              [
                                                                  -115.2209546,
                                                                  36.0855937
                                                              ],
                                                              [
                                                                  -115.2200666,
                                                                  36.0856459
                                                              ],
                                                              [
                                                                  -115.2194106,
                                                                  36.085683
                                                              ],
                                                              [
                                                                  -115.2187633,
                                                                  36.0857164
                                                              ],
                                                              [
                                                                  -115.2182473,
                                                                  36.0857499
                                                              ],
                                                              [
                                                                  -115.2178833,
                                                                  36.0857686
                                                              ],
                                                              [
                                                                  -115.2173653,
                                                                  36.0857942
                                                              ],
                                                              [
                                                                  -115.2165986,
                                                                  36.0858383
                                                              ],
                                                              [
                                                                  -115.215646,
                                                                  36.0858972
                                                              ],
                                                              [
                                                                  -115.2152087,
                                                                  36.085918
                                                              ],
                                                              [
                                                                  -115.2145126,
                                                                  36.0859561
                                                              ],
                                                              [
                                                                  -115.2140113,
                                                                  36.0859826
                                                              ],
                                                              [
                                                                  -115.2137779,
                                                                  36.0859958
                                                              ],
                                                              [
                                                                  -115.2135525,
                                                                  36.0860134
                                                              ],
                                                              [
                                                                  -115.2131373,
                                                                  36.0860369
                                                              ],
                                                              [
                                                                  -115.2129013,
                                                                  36.0860464
                                                              ],
                                                              [
                                                                  -115.2125612,
                                                                  36.0860591
                                                              ],
                                                              [
                                                                  -115.2124013,
                                                                  36.086067
                                                              ],
                                                              [
                                                                  -115.2122413,
                                                                  36.0860837
                                                              ],
                                                              [
                                                                  -115.2119053,
                                                                  36.0861034
                                                              ],
                                                              [
                                                                  -115.2115693,
                                                                  36.0861167
                                                              ],
                                                              [
                                                                  -115.2111253,
                                                                  36.0861418
                                                              ],
                                                              [
                                                                  -115.2109493,
                                                                  36.0861532
                                                              ],
                                                              [
                                                                  -115.210084,
                                                                  36.0861983
                                                              ],
                                                              [
                                                                  -115.2097226,
                                                                  36.086214
                                                              ],
                                                              [
                                                                  -115.2095592,
                                                                  36.0862202
                                                              ],
                                                              [
                                                                  -115.2093353,
                                                                  36.0862367
                                                              ],
                                                              [
                                                                  -115.2092546,
                                                                  36.0862381
                                                              ],
                                                              [
                                                                  -115.2091826,
                                                                  36.0862376
                                                              ],
                                                              [
                                                                  -115.2091393,
                                                                  36.0862408
                                                              ],
                                                              [
                                                                  -115.2091099,
                                                                  36.0862446
                                                              ],
                                                              [
                                                                  -115.2090672,
                                                                  36.086247
                                                              ],
                                                              [
                                                                  -115.2089118,
                                                                  36.0862519
                                                              ],
                                                              [
                                                                  -115.2080353,
                                                                  36.0863025
                                                              ],
                                                              [
                                                                  -115.2077838,
                                                                  36.0863134
                                                              ],
                                                              [
                                                                  -115.2069133,
                                                                  36.0863041
                                                              ],
                                                              [
                                                                  -115.2066446,
                                                                  36.0863022
                                                              ],
                                                              [
                                                                  -115.2065692,
                                                                  36.0863106
                                                              ],
                                                              [
                                                                  -115.2065219,
                                                                  36.0863179
                                                              ],
                                                              [
                                                                  -115.2064806,
                                                                  36.0863208
                                                              ],
                                                              [
                                                                  -115.2064479,
                                                                  36.0863224
                                                              ],
                                                              [
                                                                  -115.206373,
                                                                  36.0863194
                                                              ],
                                                              [
                                                                  -115.2062851,
                                                                  36.0863188
                                                              ],
                                                              [
                                                                  -115.2061217,
                                                                  36.0863161
                                                              ],
                                                              [
                                                                  -115.2057065,
                                                                  36.0863188
                                                              ],
                                                              [
                                                                  -115.2049313,
                                                                  36.0863156
                                                              ],
                                                              [
                                                                  -115.2047658,
                                                                  36.0863145
                                                              ],
                                                              [
                                                                  -115.2046019,
                                                                  36.0863148
                                                              ],
                                                              [
                                                                  -115.2043473,
                                                                  36.0863164
                                                              ],
                                                              [
                                                                  -115.2038553,
                                                                  36.0863148
                                                              ],
                                                              [
                                                                  -115.2033,
                                                                  36.0863137
                                                              ],
                                                              [
                                                                  -115.2027799,
                                                                  36.0863148
                                                              ],
                                                              [
                                                                  -115.2025131,
                                                                  36.0863143
                                                              ],
                                                              [
                                                                  -115.2021379,
                                                                  36.0863119
                                                              ],
                                                              [
                                                                  -115.201956,
                                                                  36.0863108
                                                              ],
                                                              [
                                                                  -115.2019084,
                                                                  36.0863102
                                                              ],
                                                              [
                                                                  -115.2015013,
                                                                  36.0863097
                                                              ],
                                                              [
                                                                  -115.2010506,
                                                                  36.086307
                                                              ],
                                                              [
                                                                  -115.200384,
                                                                  36.086307
                                                              ],
                                                              [
                                                                  -115.2003005,
                                                                  36.0863092
                                                              ],
                                                              [
                                                                  -115.2001571,
                                                                  36.0863108
                                                              ],
                                                              [
                                                                  -115.1999551,
                                                                  36.0863075
                                                              ],
                                                              [
                                                                  -115.1991853,
                                                                  36.0863019
                                                              ],
                                                              [
                                                                  -115.1984527,
                                                                  36.0862972
                                                              ],
                                                              [
                                                                  -115.1981207,
                                                                  36.0862983
                                                              ],
                                                              [
                                                                  -115.1980419,
                                                                  36.0862994
                                                              ],
                                                              [
                                                                  -115.1978086,
                                                                  36.0862983
                                                              ],
                                                              [
                                                                  -115.1969067,
                                                                  36.0863037
                                                              ],
                                                              [
                                                                  -115.1965,
                                                                  36.0863021
                                                              ],
                                                              [
                                                                  -115.1958426,
                                                                  36.0863043
                                                              ],
                                                              [
                                                                  -115.19531,
                                                                  36.0863002
                                                              ],
                                                              [
                                                                  -115.1952473,
                                                                  36.0862872
                                                              ],
                                                              [
                                                                  -115.1951785,
                                                                  36.0862819
                                                              ],
                                                              [
                                                                  -115.1948439,
                                                                  36.0863005
                                                              ],
                                                              [
                                                                  -115.1945093,
                                                                  36.0863051
                                                              ],
                                                              [
                                                                  -115.1943779,
                                                                  36.0862987
                                                              ],
                                                              [
                                                                  -115.1942465,
                                                                  36.0862956
                                                              ],
                                                              [
                                                                  -115.1936289,
                                                                  36.086302
                                                              ],
                                                              [
                                                                  -115.1930287,
                                                                  36.0863116
                                                              ],
                                                              [
                                                                  -115.1926973,
                                                                  36.0863089
                                                              ],
                                                              [
                                                                  -115.192238,
                                                                  36.0862845
                                                              ],
                                                              [
                                                                  -115.191726,
                                                                  36.0862813
                                                              ],
                                                              [
                                                                  -115.1916352,
                                                                  36.0862845
                                                              ],
                                                              [
                                                                  -115.1915118,
                                                                  36.0862856
                                                              ],
                                                              [
                                                                  -115.1912075,
                                                                  36.086284
                                                              ],
                                                              [
                                                                  -115.1910812,
                                                                  36.0863028
                                                              ],
                                                              [
                                                                  -115.1908886,
                                                                  36.0863093
                                                              ],
                                                              [
                                                                  -115.1906819,
                                                                  36.0863087
                                                              ],
                                                              [
                                                                  -115.1899653,
                                                                  36.086308
                                                              ],
                                                              [
                                                                  -115.1897812,
                                                                  36.0863061
                                                              ],
                                                              [
                                                                  -115.1897612,
                                                                  36.0863393
                                                              ],
                                                              [
                                                                  -115.1897539,
                                                                  36.0863657
                                                              ],
                                                              [
                                                                  -115.1897294,
                                                                  36.0864668
                                                              ],
                                                              [
                                                                  -115.1897264,
                                                                  36.0865679
                                                              ],
                                                              [
                                                                  -115.1897217,
                                                                  36.0867271
                                                              ],
                                                              [
                                                                  -115.1897344,
                                                                  36.0870784
                                                              ],
                                                              [
                                                                  -115.1897497,
                                                                  36.0872663
                                                              ],
                                                              [
                                                                  -115.1897604,
                                                                  36.0875895
                                                              ],
                                                              [
                                                                  -115.1897637,
                                                                  36.0881114
                                                              ],
                                                              [
                                                                  -115.1897523,
                                                                  36.0882247
                                                              ],
                                                              [
                                                                  -115.1897497,
                                                                  36.0883988
                                                              ],
                                                              [
                                                                  -115.1897456,
                                                                  36.0886585
                                                              ],
                                                              [
                                                                  -115.1897457,
                                                                  36.088975
                                                              ],
                                                              [
                                                                  -115.189745,
                                                                  36.0891539
                                                              ],
                                                              [
                                                                  -115.1897383,
                                                                  36.0894655
                                                              ],
                                                              [
                                                                  -115.1897403,
                                                                  36.0896809
                                                              ],
                                                              [
                                                                  -115.189741,
                                                                  36.0897785
                                                              ],
                                                              [
                                                                  -115.1897443,
                                                                  36.0899665
                                                              ],
                                                              [
                                                                  -115.1897453,
                                                                  36.0900976
                                                              ],
                                                              [
                                                                  -115.189744,
                                                                  36.0902263
                                                              ],
                                                              [
                                                                  -115.1897453,
                                                                  36.0903096
                                                              ],
                                                              [
                                                                  -115.189748,
                                                                  36.0903971
                                                              ],
                                                              [
                                                                  -115.189744,
                                                                  36.0906387
                                                              ],
                                                              [
                                                                  -115.189744,
                                                                  36.0907791
                                                              ],
                                                              [
                                                                  -115.1897461,
                                                                  36.0908638
                                                              ],
                                                              [
                                                                  -115.1897447,
                                                                  36.090989
                                                              ],
                                                              [
                                                                  -115.1897407,
                                                                  36.0911238
                                                              ],
                                                              [
                                                                  -115.1897407,
                                                                  36.0912393
                                                              ],
                                                              [
                                                                  -115.1897394,
                                                                  36.0917892
                                                              ],
                                                              [
                                                                  -115.1897421,
                                                                  36.0923103
                                                              ],
                                                              [
                                                                  -115.1897448,
                                                                  36.0926371
                                                              ],
                                                              [
                                                                  -115.1897481,
                                                                  36.0926952
                                                              ],
                                                              [
                                                                  -115.1897434,
                                                                  36.092743
                                                              ],
                                                              [
                                                                  -115.1897534,
                                                                  36.0928117
                                                              ],
                                                              [
                                                                  -115.1897591,
                                                                  36.0928462
                                                              ],
                                                              [
                                                                  -115.1897585,
                                                                  36.0928774
                                                              ],
                                                              [
                                                                  -115.189788,
                                                                  36.0929624
                                                              ],
                                                              [
                                                                  -115.1897779,
                                                                  36.0932344
                                                              ],
                                                              [
                                                                  -115.1897853,
                                                                  36.0935895
                                                              ],
                                                              [
                                                                  -115.189778,
                                                                  36.093692
                                                              ],
                                                              [
                                                                  -115.1897747,
                                                                  36.0938785
                                                              ],
                                                              [
                                                                  -115.189774,
                                                                  36.0943326
                                                              ],
                                                              [
                                                                  -115.189778,
                                                                  36.0944698
                                                              ],
                                                              [
                                                                  -115.1897768,
                                                                  36.0945661
                                                              ],
                                                              [
                                                                  -115.1897762,
                                                                  36.0946642
                                                              ],
                                                              [
                                                                  -115.1897722,
                                                                  36.0949213
                                                              ],
                                                              [
                                                                  -115.1897722,
                                                                  36.0952352
                                                              ],
                                                              [
                                                                  -115.1897695,
                                                                  36.0954284
                                                              ],
                                                              [
                                                                  -115.1897769,
                                                                  36.095943
                                                              ],
                                                              [
                                                                  -115.1897742,
                                                                  36.0960774
                                                              ],
                                                              [
                                                                  -115.1897816,
                                                                  36.0962109
                                                              ],
                                                              [
                                                                  -115.189793,
                                                                  36.0964255
                                                              ],
                                                              [
                                                                  -115.1898037,
                                                                  36.0966642
                                                              ],
                                                              [
                                                                  -115.1897682,
                                                                  36.0967508
                                                              ],
                                                              [
                                                                  -115.1897635,
                                                                  36.0968438
                                                              ],
                                                              [
                                                                  -115.1897642,
                                                                  36.0972267
                                                              ],
                                                              [
                                                                  -115.1897662,
                                                                  36.09796
                                                              ],
                                                              [
                                                                  -115.1897675,
                                                                  36.0983142
                                                              ],
                                                              [
                                                                  -115.1897668,
                                                                  36.0986576
                                                              ],
                                                              [
                                                                  -115.1897662,
                                                                  36.0987938
                                                              ],
                                                              [
                                                                  -115.1897615,
                                                                  36.0990643
                                                              ],
                                                              [
                                                                  -115.1897652,
                                                                  36.0993685
                                                              ],
                                                              [
                                                                  -115.1897655,
                                                                  36.0996652
                                                              ],
                                                              [
                                                                  -115.1897749,
                                                                  36.0999044
                                                              ],
                                                              [
                                                                  -115.1897915,
                                                                  36.0999982
                                                              ],
                                                              [
                                                                  -115.1897816,
                                                                  36.100112
                                                              ],
                                                              [
                                                                  -115.1898065,
                                                                  36.1002006
                                                              ],
                                                              [
                                                                  -115.1897857,
                                                                  36.1002184
                                                              ],
                                                              [
                                                                  -115.1897658,
                                                                  36.100409
                                                              ],
                                                              [
                                                                  -115.1897598,
                                                                  36.1004906
                                                              ],
                                                              [
                                                                  -115.1897532,
                                                                  36.1008268
                                                              ],
                                                              [
                                                                  -115.1897646,
                                                                  36.1009597
                                                              ],
                                                              [
                                                                  -115.1897731,
                                                                  36.1010087
                                                              ],
                                                              [
                                                                  -115.1897669,
                                                                  36.1010779
                                                              ],
                                                              [
                                                                  -115.1897589,
                                                                  36.101146
                                                              ],
                                                              [
                                                                  -115.1897556,
                                                                  36.1013023
                                                              ],
                                                              [
                                                                  -115.1898059,
                                                                  36.1014611
                                                              ],
                                                              [
                                                                  -115.1898045,
                                                                  36.1015406
                                                              ],
                                                              [
                                                                  -115.1898177,
                                                                  36.1017073
                                                              ],
                                                              [
                                                                  -115.1898337,
                                                                  36.101877
                                                              ],
                                                              [
                                                                  -115.1898025,
                                                                  36.1018991
                                                              ],
                                                              [
                                                                  -115.1898003,
                                                                  36.101925
                                                              ],
                                                              [
                                                                  -115.189835,
                                                                  36.1019595
                                                              ],
                                                              [
                                                                  -115.189837,
                                                                  36.102153
                                                              ],
                                                              [
                                                                  -115.189825,
                                                                  36.1022717
                                                              ],
                                                              [
                                                                  -115.1898176,
                                                                  36.1023628
                                                              ],
                                                              [
                                                                  -115.1898076,
                                                                  36.1028714
                                                              ],
                                                              [
                                                                  -115.1898089,
                                                                  36.1031373
                                                              ],
                                                              [
                                                                  -115.189818,
                                                                  36.1033768
                                                              ],
                                                              [
                                                                  -115.189817,
                                                                  36.1036076
                                                              ],
                                                              [
                                                                  -115.1898183,
                                                                  36.103749
                                                              ],
                                                              [
                                                                  -115.189823,
                                                                  36.1039608
                                                              ],
                                                              [
                                                                  -115.1898123,
                                                                  36.1041669
                                                              ],
                                                              [
                                                                  -115.1898103,
                                                                  36.1043687
                                                              ],
                                                              [
                                                                  -115.1898123,
                                                                  36.1044598
                                                              ],
                                                              [
                                                                  -115.1898184,
                                                                  36.1045684
                                                              ],
                                                              [
                                                                  -115.1898164,
                                                                  36.1046073
                                                              ],
                                                              [
                                                                  -115.1897799,
                                                                  36.1046693
                                                              ],
                                                              [
                                                                  -115.1897769,
                                                                  36.1051194
                                                              ],
                                                              [
                                                                  -115.1897733,
                                                                  36.1053428
                                                              ],
                                                              [
                                                                  -115.1897698,
                                                                  36.1055625
                                                              ],
                                                              [
                                                                  -115.1897485,
                                                                  36.1059257
                                                              ],
                                                              [
                                                                  -115.1897385,
                                                                  36.1059873
                                                              ],
                                                              [
                                                                  -115.1897319,
                                                                  36.106059
                                                              ],
                                                              [
                                                                  -115.1897226,
                                                                  36.1061179
                                                              ],
                                                              [
                                                                  -115.1897119,
                                                                  36.1061695
                                                              ],
                                                              [
                                                                  -115.1896965,
                                                                  36.1062306
                                                              ],
                                                              [
                                                                  -115.1896845,
                                                                  36.1062952
                                                              ],
                                                              [
                                                                  -115.1896459,
                                                                  36.1064435
                                                              ],
                                                              [
                                                                  -115.1896061,
                                                                  36.1065333
                                                              ],
                                                              [
                                                                  -115.1895934,
                                                                  36.1065555
                                                              ],
                                                              [
                                                                  -115.18958,
                                                                  36.1065783
                                                              ],
                                                              [
                                                                  -115.1895733,
                                                                  36.1066058
                                                              ],
                                                              [
                                                                  -115.1895408,
                                                                  36.1066701
                                                              ],
                                                              [
                                                                  -115.1894847,
                                                                  36.1067758
                                                              ],
                                                              [
                                                                  -115.1894707,
                                                                  36.106799
                                                              ],
                                                              [
                                                                  -115.1894587,
                                                                  36.1068166
                                                              ],
                                                              [
                                                                  -115.1894474,
                                                                  36.1068385
                                                              ],
                                                              [
                                                                  -115.1894333,
                                                                  36.1068566
                                                              ],
                                                              [
                                                                  -115.1894199,
                                                                  36.1068786
                                                              ],
                                                              [
                                                                  -115.1893467,
                                                                  36.1069906
                                                              ],
                                                              [
                                                                  -115.189322,
                                                                  36.1070298
                                                              ],
                                                              [
                                                                  -115.1892694,
                                                                  36.1070925
                                                              ],
                                                              [
                                                                  -115.1892433,
                                                                  36.107123
                                                              ],
                                                              [
                                                                  -115.1892253,
                                                                  36.1071458
                                                              ],
                                                              [
                                                                  -115.189196,
                                                                  36.1071823
                                                              ],
                                                              [
                                                                  -115.1891053,
                                                                  36.1072895
                                                              ],
                                                              [
                                                                  -115.1889999,
                                                                  36.1074268
                                                              ],
                                                              [
                                                                  -115.1889806,
                                                                  36.1074562
                                                              ],
                                                              [
                                                                  -115.1888953,
                                                                  36.1075895
                                                              ],
                                                              [
                                                                  -115.1888853,
                                                                  36.1075995
                                                              ],
                                                              [
                                                                  -115.1888653,
                                                                  36.1076295
                                                              ],
                                                              [
                                                                  -115.1888053,
                                                                  36.1077095
                                                              ],
                                                              [
                                                                  -115.1887893,
                                                                  36.1077246
                                                              ],
                                                              [
                                                                  -115.1887793,
                                                                  36.1077379
                                                              ],
                                                              [
                                                                  -115.1887653,
                                                                  36.1077595
                                                              ],
                                                              [
                                                                  -115.1887053,
                                                                  36.1078495
                                                              ],
                                                              [
                                                                  -115.1886953,
                                                                  36.1078695
                                                              ],
                                                              [
                                                                  -115.1886853,
                                                                  36.1078895
                                                              ],
                                                              [
                                                                  -115.1886753,
                                                                  36.1078995
                                                              ],
                                                              [
                                                                  -115.1886653,
                                                                  36.1079095
                                                              ],
                                                              [
                                                                  -115.1886653,
                                                                  36.1079195
                                                              ],
                                                              [
                                                                  -115.1886253,
                                                                  36.1079895
                                                              ],
                                                              [
                                                                  -115.1885927,
                                                                  36.1080432
                                                              ],
                                                              [
                                                                  -115.1885753,
                                                                  36.1080595
                                                              ],
                                                              [
                                                                  -115.1885653,
                                                                  36.1080795
                                                              ],
                                                              [
                                                                  -115.1884939,
                                                                  36.1081503
                                                              ],
                                                              [
                                                                  -115.1884573,
                                                                  36.1081862
                                                              ],
                                                              [
                                                                  -115.1884353,
                                                                  36.1082095
                                                              ],
                                                              [
                                                                  -115.1883759,
                                                                  36.1082503
                                                              ],
                                                              [
                                                                  -115.1882679,
                                                                  36.1083208
                                                              ],
                                                              [
                                                                  -115.1882071,
                                                                  36.108346
                                                              ],
                                                              [
                                                                  -115.1881138,
                                                                  36.108377
                                                              ],
                                                              [
                                                                  -115.1880805,
                                                                  36.1083849
                                                              ],
                                                              [
                                                                  -115.1880424,
                                                                  36.1083965
                                                              ],
                                                              [
                                                                  -115.1879666,
                                                                  36.108413
                                                              ],
                                                              [
                                                                  -115.1878232,
                                                                  36.1084127
                                                              ],
                                                              [
                                                                  -115.1877325,
                                                                  36.1084127
                                                              ],
                                                              [
                                                                  -115.1876757,
                                                                  36.1084089
                                                              ],
                                                              [
                                                                  -115.1876099,
                                                                  36.1084043
                                                              ],
                                                              [
                                                                  -115.1875373,
                                                                  36.1083932
                                                              ],
                                                              [
                                                                  -115.1875203,
                                                                  36.1083906
                                                              ],
                                                              [
                                                                  -115.1875053,
                                                                  36.1083995
                                                              ],
                                                              [
                                                                  -115.1874692,
                                                                  36.1084109
                                                              ],
                                                              [
                                                                  -115.1874391,
                                                                  36.108409
                                                              ],
                                                              [
                                                                  -115.1873985,
                                                                  36.1084209
                                                              ],
                                                              [
                                                                  -115.187335,
                                                                  36.1084366
                                                              ],
                                                              [
                                                                  -115.1872804,
                                                                  36.1084268
                                                              ],
                                                              [
                                                                  -115.1871577,
                                                                  36.1084063
                                                              ],
                                                              [
                                                                  -115.1870196,
                                                                  36.1083801
                                                              ],
                                                              [
                                                                  -115.1868284,
                                                                  36.1083474
                                                              ],
                                                              [
                                                                  -115.1864099,
                                                                  36.1082833
                                                              ],
                                                              [
                                                                  -115.1861839,
                                                                  36.1082501
                                                              ],
                                                              [
                                                                  -115.1859613,
                                                                  36.1082223
                                                              ],
                                                              [
                                                                  -115.1858693,
                                                                  36.1082123
                                                              ],
                                                              [
                                                                  -115.1856026,
                                                                  36.108185
                                                              ],
                                                              [
                                                                  -115.1854945,
                                                                  36.1081777
                                                              ],
                                                              [
                                                                  -115.1849253,
                                                                  36.1081436
                                                              ],
                                                              [
                                                                  -115.1847206,
                                                                  36.1081452
                                                              ],
                                                              [
                                                                  -115.1842952,
                                                                  36.1081406
                                                              ],
                                                              [
                                                                  -115.1839718,
                                                                  36.108168
                                                              ],
                                                              [
                                                                  -115.1833832,
                                                                  36.108152
                                                              ],
                                                              [
                                                                  -115.183347,
                                                                  36.1082282
                                                              ],
                                                              [
                                                                  -115.1833176,
                                                                  36.1083344
                                                              ],
                                                              [
                                                                  -115.183263,
                                                                  36.1086208
                                                              ],
                                                              [
                                                                  -115.1831896,
                                                                  36.10877
                                                              ],
                                                              [
                                                                  -115.1831537,
                                                                  36.1088481
                                                              ],
                                                              [
                                                                  -115.1831238,
                                                                  36.1088773
                                                              ],
                                                              [
                                                                  -115.1830572,
                                                                  36.1088976
                                                              ],
                                                              [
                                                                  -115.1830252,
                                                                  36.108907
                                                              ],
                                                              [
                                                                  -115.1829925,
                                                                  36.10891
                                                              ],
                                                              [
                                                                  -115.1829525,
                                                                  36.1089138
                                                              ],
                                                              [
                                                                  -115.1829145,
                                                                  36.1089146
                                                              ],
                                                              [
                                                                  -115.1828724,
                                                                  36.1089113
                                                              ],
                                                              [
                                                                  -115.1827982,
                                                                  36.1089113
                                                              ],
                                                              [
                                                                  -115.1825511,
                                                                  36.1089048
                                                              ],
                                                              [
                                                                  -115.1824399,
                                                                  36.108904
                                                              ],
                                                              [
                                                                  -115.1823857,
                                                                  36.1089013
                                                              ],
                                                              [
                                                                  -115.1823031,
                                                                  36.1088997
                                                              ],
                                                              [
                                                                  -115.1822238,
                                                                  36.1089038
                                                              ],
                                                              [
                                                                  -115.1819156,
                                                                  36.108867
                                                              ],
                                                              [
                                                                  -115.1818243,
                                                                  36.1088602
                                                              ],
                                                              [
                                                                  -115.1817665,
                                                                  36.1088548
                                                              ],
                                                              [
                                                                  -115.1816996,
                                                                  36.1088481
                                                              ],
                                                              [
                                                                  -115.1816203,
                                                                  36.1088508
                                                              ],
                                                              [
                                                                  -115.1815336,
                                                                  36.1088502
                                                              ],
                                                              [
                                                                  -115.1814028,
                                                                  36.1088481
                                                              ],
                                                              [
                                                                  -115.181306,
                                                                  36.1088546
                                                              ],
                                                              [
                                                                  -115.1811891,
                                                                  36.1088795
                                                              ],
                                                              [
                                                                  -115.1811452,
                                                                  36.1090871
                                                              ],
                                                              [
                                                                  -115.1811389,
                                                                  36.1093532
                                                              ],
                                                              [
                                                                  -115.1811342,
                                                                  36.1096517
                                                              ],
                                                              [
                                                                  -115.1811309,
                                                                  36.1097892
                                                              ],
                                                              [
                                                                  -115.1811329,
                                                                  36.1098733
                                                              ],
                                                              [
                                                                  -115.1811329,
                                                                  36.1099522
                                                              ],
                                                              [
                                                                  -115.1811356,
                                                                  36.110046
                                                              ],
                                                              [
                                                                  -115.1811389,
                                                                  36.1101268
                                                              ],
                                                              [
                                                                  -115.1811482,
                                                                  36.1103128
                                                              ],
                                                              [
                                                                  -115.1811629,
                                                                  36.1105822
                                                              ],
                                                              [
                                                                  -115.1811749,
                                                                  36.1108006
                                                              ],
                                                              [
                                                                  -115.1811909,
                                                                  36.1110833
                                                              ],
                                                              [
                                                                  -115.1812056,
                                                                  36.1112093
                                                              ],
                                                              [
                                                                  -115.1812196,
                                                                  36.111329
                                                              ],
                                                              [
                                                                  -115.1812283,
                                                                  36.1113663
                                                              ],
                                                              [
                                                                  -115.1812363,
                                                                  36.111398199999996
                                                              ],
                                                              [
                                                                  -115.1812517,
                                                                  36.1114609
                                                              ],
                                                              [
                                                                  -115.1812603,
                                                                  36.1115166
                                                              ],
                                                              [
                                                                  -115.1812856,
                                                                  36.1115623
                                                              ],
                                                              [
                                                                  -115.181297,
                                                                  36.1115977
                                                              ],
                                                              [
                                                                  -115.1813163,
                                                                  36.1116501
                                                              ],
                                                              [
                                                                  -115.181345,
                                                                  36.1117093
                                                              ],
                                                              [
                                                                  -115.1813903,
                                                                  36.1117782
                                                              ],
                                                              [
                                                                  -115.181405,
                                                                  36.1118045
                                                              ],
                                                              [
                                                                  -115.181429,
                                                                  36.1118396
                                                              ],
                                                              [
                                                                  -115.1814596,
                                                                  36.1118847
                                                              ],
                                                              [
                                                                  -115.181505,
                                                                  36.1119309
                                                              ],
                                                              [
                                                                  -115.181525,
                                                                  36.1119596
                                                              ],
                                                              [
                                                                  -115.1815477,
                                                                  36.1119848
                                                              ],
                                                              [
                                                                  -115.1815766,
                                                                  36.1120233
                                                              ],
                                                              [
                                                                  -115.1816073,
                                                                  36.1120509
                                                              ],
                                                              [
                                                                  -115.1817239,
                                                                  36.1121676
                                                              ],
                                                              [
                                                                  -115.1817899,
                                                                  36.1122193
                                                              ],
                                                              [
                                                                  -115.1818579,
                                                                  36.1122736
                                                              ],
                                                              [
                                                                  -115.1820606,
                                                                  36.1124114
                                                              ],
                                                              [
                                                                  -115.1821093,
                                                                  36.1124436
                                                              ],
                                                              [
                                                                  -115.1822899,
                                                                  36.1125587
                                                              ],
                                                              [
                                                                  -115.1825019,
                                                                  36.1127047
                                                              ],
                                                              [
                                                                  -115.1828626,
                                                                  36.1129371
                                                              ],
                                                              [
                                                                  -115.1829446,
                                                                  36.113003
                                                              ],
                                                              [
                                                                  -115.1830259,
                                                                  36.1130871
                                                              ],
                                                              [
                                                                  -115.1831065,
                                                                  36.1131714
                                                              ],
                                                              [
                                                                  -115.1831679,
                                                                  36.113256
                                                              ],
                                                              [
                                                                  -115.1831979,
                                                                  36.113306
                                                              ],
                                                              [
                                                                  -115.1832532,
                                                                  36.113396
                                                              ],
                                                              [
                                                                  -115.1832792,
                                                                  36.1134509
                                                              ],
                                                              [
                                                                  -115.1833252,
                                                                  36.113559
                                                              ],
                                                              [
                                                                  -115.1833518,
                                                                  36.1136322
                                                              ],
                                                              [
                                                                  -115.1833626,
                                                                  36.1138452
                                                              ],
                                                              [
                                                                  -115.1833692,
                                                                  36.1141368
                                                              ],
                                                              [
                                                                  -115.1833705,
                                                                  36.1147062
                                                              ],
                                                              [
                                                                  -115.1833655,
                                                                  36.1148033
                                                              ],
                                                              [
                                                                  -115.1833555,
                                                                  36.1149452
                                                              ],
                                                              [
                                                                  -115.1833522,
                                                                  36.1150784
                                                              ],
                                                              [
                                                                  -115.1833435,
                                                                  36.1151705
                                                              ],
                                                              [
                                                                  -115.1833322,
                                                                  36.1152184
                                                              ],
                                                              [
                                                                  -115.1833115,
                                                                  36.1153149
                                                              ],
                                                              [
                                                                  -115.1832848,
                                                                  36.1153838
                                                              ],
                                                              [
                                                                  -115.1832475,
                                                                  36.1154603
                                                              ],
                                                              [
                                                                  -115.1831875,
                                                                  36.1155849
                                                              ],
                                                              [
                                                                  -115.1831262,
                                                                  36.1157108
                                                              ],
                                                              [
                                                                  -115.1830615,
                                                                  36.1158414
                                                              ],
                                                              [
                                                                  -115.1829968,
                                                                  36.1159681
                                                              ],
                                                              [
                                                                  -115.1828269,
                                                                  36.1162902
                                                              ],
                                                              [
                                                                  -115.1827885,
                                                                  36.116363
                                                              ],
                                                              [
                                                                  -115.1827159,
                                                                  36.1165068
                                                              ],
                                                              [
                                                                  -115.1826118,
                                                                  36.1166814
                                                              ],
                                                              [
                                                                  -115.1825052,
                                                                  36.1168935
                                                              ],
                                                              [
                                                                  -115.1823452,
                                                                  36.1171887
                                                              ],
                                                              [
                                                                  -115.1822585,
                                                                  36.1173535
                                                              ],
                                                              [
                                                                  -115.1822085,
                                                                  36.1174514
                                                              ],
                                                              [
                                                                  -115.1821585,
                                                                  36.1175452
                                                              ],
                                                              [
                                                                  -115.1821359,
                                                                  36.1175952
                                                              ],
                                                              [
                                                                  -115.1821045,
                                                                  36.1176425
                                                              ],
                                                              [
                                                                  -115.1820739,
                                                                  36.1176984
                                                              ],
                                                              [
                                                                  -115.1820385,
                                                                  36.1177535
                                                              ],
                                                              [
                                                                  -115.1819845,
                                                                  36.1178141
                                                              ],
                                                              [
                                                                  -115.1818426,
                                                                  36.1180119
                                                              ],
                                                              [
                                                                  -115.1818193,
                                                                  36.1180484
                                                              ],
                                                              [
                                                                  -115.1817979,
                                                                  36.1180735
                                                              ],
                                                              [
                                                                  -115.1817766,
                                                                  36.1181057
                                                              ],
                                                              [
                                                                  -115.1817606,
                                                                  36.1181284
                                                              ],
                                                              [
                                                                  -115.1817453,
                                                                  36.1181595
                                                              ],
                                                              [
                                                                  -115.1817172,
                                                                  36.1181857
                                                              ],
                                                              [
                                                                  -115.1816992,
                                                                  36.11822
                                                              ],
                                                              [
                                                                  -115.1816759,
                                                                  36.1182495
                                                              ],
                                                              [
                                                                  -115.1816632,
                                                                  36.118279
                                                              ],
                                                              [
                                                                  -115.1816472,
                                                                  36.1183022
                                                              ],
                                                              [
                                                                  -115.1816338,
                                                                  36.1183344
                                                              ],
                                                              [
                                                                  -115.1816152,
                                                                  36.1183695
                                                              ],
                                                              [
                                                                  -115.1815979,
                                                                  36.1184033
                                                              ],
                                                              [
                                                                  -115.1815859,
                                                                  36.1184365
                                                              ],
                                                              [
                                                                  -115.1815759,
                                                                  36.1184617
                                                              ],
                                                              [
                                                                  -115.1815659,
                                                                  36.1184871
                                                              ],
                                                              [
                                                                  -115.1815572,
                                                                  36.1185187
                                                              ],
                                                              [
                                                                  -115.1815479,
                                                                  36.1185482
                                                              ],
                                                              [
                                                                  -115.1815365,
                                                                  36.1185841
                                                              ],
                                                              [
                                                                  -115.1815259,
                                                                  36.1186255
                                                              ],
                                                              [
                                                                  -115.1815159,
                                                                  36.1186571
                                                              ],
                                                              [
                                                                  -115.1815059,
                                                                  36.1186944
                                                              ],
                                                              [
                                                                  -115.1815026,
                                                                  36.1187309
                                                              ],
                                                              [
                                                                  -115.1814979,
                                                                  36.1187668
                                                              ],
                                                              [
                                                                  -115.1814932,
                                                                  36.1188082
                                                              ],
                                                              [
                                                                  -115.1814906,
                                                                  36.1188511
                                                              ],
                                                              [
                                                                  -115.1814953,
                                                                  36.1188895
                                                              ],
                                                              [
                                                                  -115.1814953,
                                                                  36.1189195
                                                              ],
                                                              [
                                                                  -115.1814953,
                                                                  36.1189495
                                                              ],
                                                              [
                                                                  -115.1814953,
                                                                  36.1189895
                                                              ],
                                                              [
                                                                  -115.1814953,
                                                                  36.1190195
                                                              ],
                                                              [
                                                                  -115.1814853,
                                                                  36.1191795
                                                              ],
                                                              [
                                                                  -115.1814853,
                                                                  36.1191995
                                                              ],
                                                              [
                                                                  -115.1814853,
                                                                  36.1192195
                                                              ],
                                                              [
                                                                  -115.1814786,
                                                                  36.1192663
                                                              ],
                                                              [
                                                                  -115.1814753,
                                                                  36.1193095
                                                              ],
                                                              [
                                                                  -115.1814686,
                                                                  36.119349
                                                              ],
                                                              [
                                                                  -115.1814606,
                                                                  36.119389
                                                              ],
                                                              [
                                                                  -115.1814553,
                                                                  36.1194195
                                                              ],
                                                              [
                                                                  -115.1814453,
                                                                  36.1194495
                                                              ],
                                                              [
                                                                  -115.1814353,
                                                                  36.1194895
                                                              ],
                                                              [
                                                                  -115.1814253,
                                                                  36.1195195
                                                              ],
                                                              [
                                                                  -115.1814153,
                                                                  36.1195395
                                                              ],
                                                              [
                                                                  -115.1814153,
                                                                  36.1195495
                                                              ],
                                                              [
                                                                  -115.1814053,
                                                                  36.1195695
                                                              ],
                                                              [
                                                                  -115.1813879,
                                                                  36.1195984
                                                              ],
                                                              [
                                                                  -115.1813759,
                                                                  36.1196195
                                                              ],
                                                              [
                                                                  -115.1813619,
                                                                  36.1196422
                                                              ],
                                                              [
                                                                  -115.1813553,
                                                                  36.1196695
                                                              ],
                                                              [
                                                                  -115.1813353,
                                                                  36.1197095
                                                              ],
                                                              [
                                                                  -115.1813153,
                                                                  36.1197395
                                                              ],
                                                              [
                                                                  -115.1812953,
                                                                  36.1197695
                                                              ],
                                                              [
                                                                  -115.1812253,
                                                                  36.1198495
                                                              ],
                                                              [
                                                                  -115.1811353,
                                                                  36.1199695
                                                              ],
                                                              [
                                                                  -115.1811153,
                                                                  36.1199895
                                                              ],
                                                              [
                                                                  -115.1810553,
                                                                  36.1200395
                                                              ],
                                                              [
                                                                  -115.1810453,
                                                                  36.1200495
                                                              ],
                                                              [
                                                                  -115.1809953,
                                                                  36.1200895
                                                              ],
                                                              [
                                                                  -115.1809353,
                                                                  36.1201395
                                                              ],
                                                              [
                                                                  -115.1809153,
                                                                  36.1201495
                                                              ],
                                                              [
                                                                  -115.1808453,
                                                                  36.1201895
                                                              ],
                                                              [
                                                                  -115.1807553,
                                                                  36.1202595
                                                              ],
                                                              [
                                                                  -115.1806453,
                                                                  36.1203295
                                                              ],
                                                              [
                                                                  -115.1806053,
                                                                  36.1203595
                                                              ],
                                                              [
                                                                  -115.1805753,
                                                                  36.1203795
                                                              ],
                                                              [
                                                                  -115.1804553,
                                                                  36.1204395
                                                              ],
                                                              [
                                                                  -115.1803853,
                                                                  36.1204795
                                                              ],
                                                              [
                                                                  -115.1803253,
                                                                  36.1205095
                                                              ],
                                                              [
                                                                  -115.1801553,
                                                                  36.1206195
                                                              ],
                                                              [
                                                                  -115.1800653,
                                                                  36.1206795
                                                              ],
                                                              [
                                                                  -115.1799802,
                                                                  36.1207381
                                                              ],
                                                              [
                                                                  -115.1798095,
                                                                  36.1208952
                                                              ],
                                                              [
                                                                  -115.1797575,
                                                                  36.1209435
                                                              ],
                                                              [
                                                                  -115.1796918,
                                                                  36.1210133
                                                              ],
                                                              [
                                                                  -115.1796363,
                                                                  36.1210587
                                                              ],
                                                              [
                                                                  -115.1795843,
                                                                  36.1211322
                                                              ],
                                                              [
                                                                  -115.1795227,
                                                                  36.12123
                                                              ],
                                                              [
                                                                  -115.1793143,
                                                                  36.1215586
                                                              ],
                                                              [
                                                                  -115.1792203,
                                                                  36.1216913
                                                              ],
                                                              [
                                                                  -115.1790589,
                                                                  36.1219473
                                                              ],
                                                              [
                                                                  -115.1788773,
                                                                  36.1222396
                                                              ],
                                                              [
                                                                  -115.1787343,
                                                                  36.1224778
                                                              ],
                                                              [
                                                                  -115.1786149,
                                                                  36.1226748
                                                              ],
                                                              [
                                                                  -115.1785648,
                                                                  36.1227895
                                                              ],
                                                              [
                                                                  -115.1785198,
                                                                  36.1228744
                                                              ],
                                                              [
                                                                  -115.1784138,
                                                                  36.12306
                                                              ],
                                                              [
                                                                  -115.1782103,
                                                                  36.1234395
                                                              ],
                                                              [
                                                                  -115.1779768,
                                                                  36.1238438
                                                              ],
                                                              [
                                                                  -115.1778688,
                                                                  36.1240338
                                                              ],
                                                              [
                                                                  -115.1777628,
                                                                  36.1242135
                                                              ],
                                                              [
                                                                  -115.1776568,
                                                                  36.1243714
                                                              ],
                                                              [
                                                                  -115.1774865,
                                                                  36.1246468
                                                              ],
                                                              [
                                                                  -115.1774274,
                                                                  36.1247389
                                                              ],
                                                              [
                                                                  -115.1769538,
                                                                  36.1254589
                                                              ],
                                                              [
                                                                  -115.1768881,
                                                                  36.1255603
                                                              ],
                                                              [
                                                                  -115.1766496,
                                                                  36.1259654
                                                              ],
                                                              [
                                                                  -115.1765437,
                                                                  36.1260887
                                                              ],
                                                              [
                                                                  -115.1764435,
                                                                  36.1262188
                                                              ],
                                                              [
                                                                  -115.1762512,
                                                                  36.1264854
                                                              ],
                                                              [
                                                                  -115.1761825,
                                                                  36.1266168
                                                              ],
                                                              [
                                                                  -115.1760726,
                                                                  36.1267849
                                                              ],
                                                              [
                                                                  -115.1759695,
                                                                  36.1269435
                                                              ],
                                                              [
                                                                  -115.1758426,
                                                                  36.1271292
                                                              ],
                                                              [
                                                                  -115.1757048,
                                                                  36.127343
                                                              ],
                                                              [
                                                                  -115.1756478,
                                                                  36.1274222
                                                              ],
                                                              [
                                                                  -115.1755493,
                                                                  36.1275263
                                                              ],
                                                              [
                                                                  -115.1754054,
                                                                  36.127741
                                                              ],
                                                              [
                                                                  -115.1753688,
                                                                  36.1277665
                                                              ],
                                                              [
                                                                  -115.175325,
                                                                  36.1277568
                                                              ],
                                                              [
                                                                  -115.1752856,
                                                                  36.1277473
                                                              ],
                                                              [
                                                                  -115.175274,
                                                                  36.127743
                                                              ],
                                                              [
                                                                  -115.1752553,
                                                                  36.1277395
                                                              ],
                                                              [
                                                                  -115.1752353,
                                                                  36.1277295
                                                              ],
                                                              [
                                                                  -115.1751953,
                                                                  36.1277195
                                                              ],
                                                              [
                                                                  -115.1751253,
                                                                  36.1276995
                                                              ],
                                                              [
                                                                  -115.1750753,
                                                                  36.1276895
                                                              ],
                                                              [
                                                                  -115.1750203,
                                                                  36.1276844
                                                              ],
                                                              [
                                                                  -115.1749933,
                                                                  36.1276727
                                                              ],
                                                              [
                                                                  -115.1750447,
                                                                  36.1273584
                                                              ],
                                                              [
                                                                  -115.1750537,
                                                                  36.1272944
                                                              ],
                                                              [
                                                                  -115.1750564,
                                                                  36.1272138
                                                              ],
                                                              [
                                                                  -115.1750363,
                                                                  36.1271744
                                                              ],
                                                              [
                                                                  -115.1750066,
                                                                  36.1271525
                                                              ],
                                                              [
                                                                  -115.1749753,
                                                                  36.1271414
                                                              ],
                                                              [
                                                                  -115.1748453,
                                                                  36.1271206
                                                              ],
                                                              [
                                                                  -115.1746373,
                                                                  36.1270941
                                                              ],
                                                              [
                                                                  -115.1745646,
                                                                  36.1270873
                                                              ],
                                                              [
                                                                  -115.1744956,
                                                                  36.1270803
                                                              ],
                                                              [
                                                                  -115.1743853,
                                                                  36.1270695
                                                              ],
                                                              [
                                                                  -115.1740453,
                                                                  36.1270444
                                                              ],
                                                              [
                                                                  -115.1740026,
                                                                  36.1270408
                                                              ],
                                                              [
                                                                  -115.173928,
                                                                  36.1270341
                                                              ],
                                                              [
                                                                  -115.1739136,
                                                                  36.1270292
                                                              ],
                                                              [
                                                                  -115.1738956,
                                                                  36.1270208
                                                              ],
                                                              [
                                                                  -115.1738853,
                                                                  36.1270111
                                                              ],
                                                              [
                                                                  -115.1738793,
                                                                  36.1270003
                                                              ],
                                                              [
                                                                  -115.173877,
                                                                  36.1269906
                                                              ],
                                                              [
                                                                  -115.1738777,
                                                                  36.1269806
                                                              ],
                                                              [
                                                                  -115.1739137,
                                                                  36.1268012
                                                              ],
                                                              [
                                                                  -115.173944,
                                                                  36.1265857
                                                              ],
                                                              [
                                                                  -115.1739427,
                                                                  36.126543
                                                              ],
                                                              [
                                                                  -115.1739277,
                                                                  36.1265116
                                                              ],
                                                              [
                                                                  -115.1738876,
                                                                  36.1264863
                                                              ],
                                                              [
                                                                  -115.173863,
                                                                  36.1264738
                                                              ],
                                                              [
                                                                  -115.173706,
                                                                  36.1264441
                                                              ],
                                                              [
                                                                  -115.1736756,
                                                                  36.1264368
                                                              ],
                                                              [
                                                                  -115.1735153,
                                                                  36.1263938
                                                              ],
                                                              [
                                                                  -115.1734553,
                                                                  36.1263792
                                                              ],
                                                              [
                                                                  -115.173274,
                                                                  36.1263265
                                                              ],
                                                              [
                                                                  -115.1732053,
                                                                  36.1263038
                                                              ],
                                                              [
                                                                  -115.1731,
                                                                  36.1262722
                                                              ],
                                                              [
                                                                  -115.1725136,
                                                                  36.1260515
                                                              ],
                                                              [
                                                                  -115.1723158,
                                                                  36.1260425
                                                              ],
                                                              [
                                                                  -115.172118,
                                                                  36.1260475
                                                              ],
                                                              [
                                                                  -115.1719175,
                                                                  36.1260602
                                                              ],
                                                              [
                                                                  -115.1717131,
                                                                  36.1260771
                                                              ],
                                                              [
                                                                  -115.1713593,
                                                                  36.1261148
                                                              ],
                                                              [
                                                                  -115.170976,
                                                                  36.1261324
                                                              ],
                                                              [
                                                                  -115.1709817,
                                                                  36.1262156
                                                              ],
                                                              [
                                                                  -115.170999,
                                                                  36.1262659
                                                              ],
                                                              [
                                                                  -115.1710472,
                                                                  36.126287
                                                              ],
                                                              [
                                                                  -115.1710891,
                                                                  36.1263035
                                                              ],
                                                              [
                                                                  -115.1711772,
                                                                  36.1263059
                                                              ],
                                                              [
                                                                  -115.171282,
                                                                  36.1262752
                                                              ]
                                                          ],
                                          "type":  "LineString"
                                      }
                     }
                 ]
}
