{
    "type":  "FeatureCollection",
    "features":  [
                     {
                         "type":  "Feature",
                         "properties":  {
                                            "name":  "F1 REURN  ZONE B TO KH"
                                        },
                         "geometry":  {
                                          "coordinates":  [
                                                              [
                                                                  -115.178088,
                                                                  36.118169
                                                              ],
                                                              [
                                                                  -115.17808,
                                                                  36.118203
                                                              ],
                                                              [
                                                                  -115.178079,
                                                                  36.118242
                                                              ],
                                                              [
                                                                  -115.17808,
                                                                  36.118307
                                                              ],
                                                              [
                                                                  -115.17808,
                                                                  36.1183946
                                                              ],
                                                              [
                                                                  -115.17865,
                                                                  36.1184124
                                                              ],
                                                              [
                                                                  -115.17925,
                                                                  36.1184308
                                                              ],
                                                              [
                                                                  -115.1799095,
                                                                  36.1184843
                                                              ],
                                                              [
                                                                  -115.1798924,
                                                                  36.1186396
                                                              ],
                                                              [
                                                                  -115.1798888,
                                                                  36.1187949
                                                              ],
                                                              [
                                                                  -115.1798714,
                                                                  36.1191147
                                                              ],
                                                              [
                                                                  -115.1798557,
                                                                  36.1194384
                                                              ],
                                                              [
                                                                  -115.1798427,
                                                                  36.1197686
                                                              ],
                                                              [
                                                                  -115.1798474,
                                                                  36.1199207
                                                              ],
                                                              [
                                                                  -115.1798501,
                                                                  36.1200625
                                                              ],
                                                              [
                                                                  -115.1798514,
                                                                  36.1202784
                                                              ],
                                                              [
                                                                  -115.1798556,
                                                                  36.1203747
                                                              ],
                                                              [
                                                                  -115.1798772,
                                                                  36.1204699
                                                              ],
                                                              [
                                                                  -115.1799125,
                                                                  36.1205457
                                                              ],
                                                              [
                                                                  -115.1799705,
                                                                  36.1206095
                                                              ],
                                                              [
                                                                  -115.1800232,
                                                                  36.1206578
                                                              ],
                                                              [
                                                                  -115.1801009,
                                                                  36.1207232
                                                              ],
                                                              [
                                                                  -115.180151,
                                                                  36.120743
                                                              ],
                                                              [
                                                                  -115.180186,
                                                                  36.120754
                                                              ],
                                                              [
                                                                  -115.1802315,
                                                                  36.1207467
                                                              ],
                                                              [
                                                                  -115.1803291,
                                                                  36.1207038
                                                              ],
                                                              [
                                                                  -115.1804334,
                                                                  36.1206454
                                                              ],
                                                              [
                                                                  -115.1806044,
                                                                  36.1205642
                                                              ],
                                                              [
                                                                  -115.1807691,
                                                                  36.1204496
                                                              ],
                                                              [
                                                                  -115.1809579,
                                                                  36.120337
                                                              ],
                                                              [
                                                                  -115.1810639,
                                                                  36.1202532
                                                              ],
                                                              [
                                                                  -115.1811551,
                                                                  36.1201586
                                                              ],
                                                              [
                                                                  -115.1812988,
                                                                  36.1200142
                                                              ],
                                                              [
                                                                  -115.1814683,
                                                                  36.1197919
                                                              ],
                                                              [
                                                                  -115.1815582,
                                                                  36.1196053
                                                              ],
                                                              [
                                                                  -115.1816454,
                                                                  36.1193958
                                                              ],
                                                              [
                                                                  -115.1816757,
                                                                  36.119147
                                                              ],
                                                              [
                                                                  -115.1816754,
                                                                  36.1189042
                                                              ],
                                                              [
                                                                  -115.1816863,
                                                                  36.1186718
                                                              ],
                                                              [
                                                                  -115.1817151,
                                                                  36.1185728
                                                              ],
                                                              [
                                                                  -115.1817519,
                                                                  36.1184748
                                                              ],
                                                              [
                                                                  -115.1817942,
                                                                  36.1183764
                                                              ],
                                                              [
                                                                  -115.1818512,
                                                                  36.1182823
                                                              ],
                                                              [
                                                                  -115.1819111,
                                                                  36.1181919
                                                              ],
                                                              [
                                                                  -115.1819805,
                                                                  36.1181037
                                                              ],
                                                              [
                                                                  -115.1820995,
                                                                  36.1179448
                                                              ],
                                                              [
                                                                  -115.1822205,
                                                                  36.1177799
                                                              ],
                                                              [
                                                                  -115.1823132,
                                                                  36.1176185
                                                              ],
                                                              [
                                                                  -115.1824219,
                                                                  36.1174056
                                                              ],
                                                              [
                                                                  -115.1825059,
                                                                  36.1172515
                                                              ],
                                                              [
                                                                  -115.1825933,
                                                                  36.1170819
                                                              ],
                                                              [
                                                                  -115.1826839,
                                                                  36.1169089
                                                              ],
                                                              [
                                                                  -115.1827854,
                                                                  36.1167153
                                                              ],
                                                              [
                                                                  -115.1828896,
                                                                  36.1165163
                                                              ],
                                                              [
                                                                  -115.1829843,
                                                                  36.116337
                                                              ],
                                                              [
                                                                  -115.18308,
                                                                  36.1161544
                                                              ],
                                                              [
                                                                  -115.1832096,
                                                                  36.1158998
                                                              ],
                                                              [
                                                                  -115.1832964,
                                                                  36.1157341
                                                              ],
                                                              [
                                                                  -115.1834157,
                                                                  36.1155
                                                              ],
                                                              [
                                                                  -115.183465,
                                                                  36.1153713
                                                              ],
                                                              [
                                                                  -115.183501,
                                                                  36.1152405
                                                              ],
                                                              [
                                                                  -115.1835236,
                                                                  36.115063
                                                              ],
                                                              [
                                                                  -115.183529,
                                                                  36.1148204
                                                              ],
                                                              [
                                                                  -115.1835279,
                                                                  36.1145618
                                                              ],
                                                              [
                                                                  -115.1835282,
                                                                  36.1144054
                                                              ],
                                                              [
                                                                  -115.1835282,
                                                                  36.1141565
                                                              ],
                                                              [
                                                                  -115.1835289,
                                                                  36.113968
                                                              ],
                                                              [
                                                                  -115.1835309,
                                                                  36.1137188
                                                              ],
                                                              [
                                                                  -115.1835079,
                                                                  36.1136002
                                                              ],
                                                              [
                                                                  -115.1834567,
                                                                  36.1134806
                                                              ],
                                                              [
                                                                  -115.1833522,
                                                                  36.1132802
                                                              ],
                                                              [
                                                                  -115.1832335,
                                                                  36.1130953
                                                              ],
                                                              [
                                                                  -115.1829769,
                                                                  36.1128602
                                                              ],
                                                              [
                                                                  -115.1827894,
                                                                  36.1127375
                                                              ],
                                                              [
                                                                  -115.1826037,
                                                                  36.1126082
                                                              ],
                                                              [
                                                                  -115.1824187,
                                                                  36.112487
                                                              ],
                                                              [
                                                                  -115.1821551,
                                                                  36.1123005
                                                              ],
                                                              [
                                                                  -115.1819354,
                                                                  36.1121483
                                                              ],
                                                              [
                                                                  -115.1818224,
                                                                  36.1120586
                                                              ],
                                                              [
                                                                  -115.1817095,
                                                                  36.1119612
                                                              ],
                                                              [
                                                                  -115.1815255,
                                                                  36.1117385
                                                              ],
                                                              [
                                                                  -115.1814765,
                                                                  36.111654
                                                              ],
                                                              [
                                                                  -115.1814422,
                                                                  36.1115672
                                                              ],
                                                              [
                                                                  -115.1814039,
                                                                  36.111463
                                                              ],
                                                              [
                                                                  -115.1813776,
                                                                  36.1113577
                                                              ],
                                                              [
                                                                  -115.1813504,
                                                                  36.111197
                                                              ],
                                                              [
                                                                  -115.1813374,
                                                                  36.1109456
                                                              ],
                                                              [
                                                                  -115.181327,
                                                                  36.1108082
                                                              ],
                                                              [
                                                                  -115.1813157,
                                                                  36.1106021
                                                              ],
                                                              [
                                                                  -115.181305,
                                                                  36.1104611
                                                              ],
                                                              [
                                                                  -115.181297,
                                                                  36.1103215
                                                              ],
                                                              [
                                                                  -115.1812817,
                                                                  36.1100725
                                                              ],
                                                              [
                                                                  -115.181274,
                                                                  36.109905
                                                              ],
                                                              [
                                                                  -115.181273,
                                                                  36.109832
                                                              ],
                                                              [
                                                                  -115.181282,
                                                                  36.109657
                                                              ],
                                                              [
                                                                  -115.181283,
                                                                  36.109557
                                                              ],
                                                              [
                                                                  -115.1812927,
                                                                  36.1094558
                                                              ],
                                                              [
                                                                  -115.1812987,
                                                                  36.1091617
                                                              ],
                                                              [
                                                                  -115.1813,
                                                                  36.109047
                                                              ],
                                                              [
                                                                  -115.1813126,
                                                                  36.1089902
                                                              ],
                                                              [
                                                                  -115.18136,
                                                                  36.108953
                                                              ],
                                                              [
                                                                  -115.181513,
                                                                  36.108914
                                                              ],
                                                              [
                                                                  -115.1816137,
                                                                  36.1089152
                                                              ],
                                                              [
                                                                  -115.181796,
                                                                  36.1089153
                                                              ],
                                                              [
                                                                  -115.1819713,
                                                                  36.1089435
                                                              ],
                                                              [
                                                                  -115.182248,
                                                                  36.1089685
                                                              ],
                                                              [
                                                                  -115.182489,
                                                                  36.1089758
                                                              ],
                                                              [
                                                                  -115.182748,
                                                                  36.108979
                                                              ],
                                                              [
                                                                  -115.182887,
                                                                  36.108976
                                                              ],
                                                              [
                                                                  -115.183046,
                                                                  36.10895
                                                              ],
                                                              [
                                                                  -115.183124,
                                                                  36.108931
                                                              ],
                                                              [
                                                                  -115.183195,
                                                                  36.108898
                                                              ],
                                                              [
                                                                  -115.183232,
                                                                  36.108876
                                                              ],
                                                              [
                                                                  -115.183291,
                                                                  36.108771
                                                              ],
                                                              [
                                                                  -115.1833644,
                                                                  36.1086355
                                                              ],
                                                              [
                                                                  -115.1834211,
                                                                  36.1084901
                                                              ],
                                                              [
                                                                  -115.1834591,
                                                                  36.1083382
                                                              ],
                                                              [
                                                                  -115.1835087,
                                                                  36.108293
                                                              ],
                                                              [
                                                                  -115.183569,
                                                                  36.108264
                                                              ],
                                                              [
                                                                  -115.1837444,
                                                                  36.1082623
                                                              ],
                                                              [
                                                                  -115.1839294,
                                                                  36.1082654
                                                              ],
                                                              [
                                                                  -115.1841167,
                                                                  36.1082592
                                                              ],
                                                              [
                                                                  -115.184304,
                                                                  36.1082627
                                                              ],
                                                              [
                                                                  -115.18459,
                                                                  36.1082574
                                                              ],
                                                              [
                                                                  -115.184876,
                                                                  36.108264
                                                              ],
                                                              [
                                                                  -115.185158,
                                                                  36.1082673
                                                              ],
                                                              [
                                                                  -115.18551,
                                                                  36.108297
                                                              ],
                                                              [
                                                                  -115.1857053,
                                                                  36.1083373
                                                              ],
                                                              [
                                                                  -115.1859087,
                                                                  36.1083625
                                                              ],
                                                              [
                                                                  -115.1860443,
                                                                  36.1083793
                                                              ],
                                                              [
                                                                  -115.186176,
                                                                  36.1083993
                                                              ],
                                                              [
                                                                  -115.1863833,
                                                                  36.1084234
                                                              ],
                                                              [
                                                                  -115.18654,
                                                                  36.108447
                                                              ],
                                                              [
                                                                  -115.186692,
                                                                  36.108479
                                                              ],
                                                              [
                                                                  -115.1868021,
                                                                  36.1085307
                                                              ],
                                                              [
                                                                  -115.1868511,
                                                                  36.1085749
                                                              ],
                                                              [
                                                                  -115.1868867,
                                                                  36.1086224
                                                              ],
                                                              [
                                                                  -115.1869114,
                                                                  36.10875
                                                              ],
                                                              [
                                                                  -115.1869167,
                                                                  36.108926
                                                              ],
                                                              [
                                                                  -115.1869221,
                                                                  36.1090666
                                                              ],
                                                              [
                                                                  -115.186944,
                                                                  36.109189
                                                              ],
                                                              [
                                                                  -115.187015,
                                                                  36.109292
                                                              ],
                                                              [
                                                                  -115.187109,
                                                                  36.10938
                                                              ],
                                                              [
                                                                  -115.187188,
                                                                  36.109425
                                                              ],
                                                              [
                                                                  -115.1872773,
                                                                  36.1094747
                                                              ],
                                                              [
                                                                  -115.18739,
                                                                  36.1095027
                                                              ],
                                                              [
                                                                  -115.18753,
                                                                  36.1095005
                                                              ],
                                                              [
                                                                  -115.1877,
                                                                  36.109467
                                                              ],
                                                              [
                                                                  -115.1879446,
                                                                  36.1093743
                                                              ],
                                                              [
                                                                  -115.1880973,
                                                                  36.1092932
                                                              ],
                                                              [
                                                                  -115.18828,
                                                                  36.109167
                                                              ],
                                                              [
                                                                  -115.1883973,
                                                                  36.1090618
                                                              ],
                                                              [
                                                                  -115.188499,
                                                                  36.1089565
                                                              ],
                                                              [
                                                                  -115.1885663,
                                                                  36.1088842
                                                              ],
                                                              [
                                                                  -115.1886546,
                                                                  36.1087679
                                                              ],
                                                              [
                                                                  -115.1887616,
                                                                  36.108605
                                                              ],
                                                              [
                                                                  -115.1888186,
                                                                  36.1085094
                                                              ],
                                                              [
                                                                  -115.188922,
                                                                  36.108339
                                                              ],
                                                              [
                                                                  -115.188976,
                                                                  36.108244
                                                              ],
                                                              [
                                                                  -115.189002,
                                                                  36.108194
                                                              ],
                                                              [
                                                                  -115.189072,
                                                                  36.108049
                                                              ],
                                                              [
                                                                  -115.189102,
                                                                  36.108004
                                                              ],
                                                              [
                                                                  -115.189161,
                                                                  36.107896
                                                              ],
                                                              [
                                                                  -115.189185,
                                                                  36.107861
                                                              ],
                                                              [
                                                                  -115.189239,
                                                                  36.107757
                                                              ],
                                                              [
                                                                  -115.189248,
                                                                  36.107739
                                                              ],
                                                              [
                                                                  -115.189264,
                                                                  36.107708
                                                              ],
                                                              [
                                                                  -115.189272,
                                                                  36.107695
                                                              ],
                                                              [
                                                                  -115.189309,
                                                                  36.107628
                                                              ],
                                                              [
                                                                  -115.189348,
                                                                  36.107569
                                                              ],
                                                              [
                                                                  -115.189366,
                                                                  36.107539
                                                              ],
                                                              [
                                                                  -115.189457,
                                                                  36.107376
                                                              ],
                                                              [
                                                                  -115.18953,
                                                                  36.107242
                                                              ],
                                                              [
                                                                  -115.189547,
                                                                  36.107209
                                                              ],
                                                              [
                                                                  -115.189562,
                                                                  36.107179
                                                              ],
                                                              [
                                                                  -115.189616,
                                                                  36.107065
                                                              ],
                                                              [
                                                                  -115.18973,
                                                                  36.106827
                                                              ],
                                                              [
                                                                  -115.189765,
                                                                  36.106741
                                                              ],
                                                              [
                                                                  -115.18979,
                                                                  36.106687
                                                              ],
                                                              [
                                                                  -115.18981,
                                                                  36.106627
                                                              ],
                                                              [
                                                                  -115.1898515,
                                                                  36.1065216
                                                              ],
                                                              [
                                                                  -115.1899216,
                                                                  36.1063467
                                                              ],
                                                              [
                                                                  -115.1899676,
                                                                  36.106148
                                                              ],
                                                              [
                                                                  -115.1900036,
                                                                  36.1058462
                                                              ],
                                                              [
                                                                  -115.1899953,
                                                                  36.1054695
                                                              ],
                                                              [
                                                                  -115.1899859,
                                                                  36.105072
                                                              ],
                                                              [
                                                                  -115.1899902,
                                                                  36.1048621
                                                              ],
                                                              [
                                                                  -115.189984,
                                                                  36.1045711
                                                              ],
                                                              [
                                                                  -115.1899796,
                                                                  36.1042899
                                                              ],
                                                              [
                                                                  -115.1899809,
                                                                  36.1039656
                                                              ],
                                                              [
                                                                  -115.1899816,
                                                                  36.103615
                                                              ],
                                                              [
                                                                  -115.1899833,
                                                                  36.1033822
                                                              ],
                                                              [
                                                                  -115.1899766,
                                                                  36.1031532
                                                              ],
                                                              [
                                                                  -115.1899733,
                                                                  36.1028734
                                                              ],
                                                              [
                                                                  -115.18998,
                                                                  36.1026075
                                                              ],
                                                              [
                                                                  -115.189985,
                                                                  36.1023682
                                                              ],
                                                              [
                                                                  -115.1899883,
                                                                  36.1021588
                                                              ],
                                                              [
                                                                  -115.1899869,
                                                                  36.1019477
                                                              ],
                                                              [
                                                                  -115.1899756,
                                                                  36.1017662
                                                              ],
                                                              [
                                                                  -115.1899906,
                                                                  36.1016724
                                                              ],
                                                              [
                                                                  -115.1899831,
                                                                  36.1015572
                                                              ],
                                                              [
                                                                  -115.1899956,
                                                                  36.1014431
                                                              ],
                                                              [
                                                                  -115.1900172,
                                                                  36.1012058
                                                              ],
                                                              [
                                                                  -115.1899935,
                                                                  36.101109
                                                              ],
                                                              [
                                                                  -115.1899952,
                                                                  36.1010111
                                                              ],
                                                              [
                                                                  -115.1899823,
                                                                  36.1008111
                                                              ],
                                                              [
                                                                  -115.1899756,
                                                                  36.1005317
                                                              ],
                                                              [
                                                                  -115.1899709,
                                                                  36.1002341
                                                              ],
                                                              [
                                                                  -115.189987,
                                                                  36.0999913
                                                              ],
                                                              [
                                                                  -115.1899753,
                                                                  36.0997646
                                                              ],
                                                              [
                                                                  -115.189975,
                                                                  36.0995966
                                                              ],
                                                              [
                                                                  -115.1899744,
                                                                  36.0993392
                                                              ],
                                                              [
                                                                  -115.1899668,
                                                                  36.0990418
                                                              ],
                                                              [
                                                                  -115.1899701,
                                                                  36.0988327
                                                              ],
                                                              [
                                                                  -115.1899688,
                                                                  36.0986292
                                                              ],
                                                              [
                                                                  -115.1899681,
                                                                  36.0983501
                                                              ],
                                                              [
                                                                  -115.1899671,
                                                                  36.098159
                                                              ],
                                                              [
                                                                  -115.1899658,
                                                                  36.0979547
                                                              ],
                                                              [
                                                                  -115.1899675,
                                                                  36.0975985
                                                              ],
                                                              [
                                                                  -115.1899698,
                                                                  36.0972455
                                                              ],
                                                              [
                                                                  -115.1899721,
                                                                  36.0969951
                                                              ],
                                                              [
                                                                  -115.1899742,
                                                                  36.0967761
                                                              ],
                                                              [
                                                                  -115.1899725,
                                                                  36.0964115
                                                              ],
                                                              [
                                                                  -115.1899755,
                                                                  36.0961345
                                                              ],
                                                              [
                                                                  -115.189975,
                                                                  36.0957925
                                                              ],
                                                              [
                                                                  -115.1899386,
                                                                  36.0957286
                                                              ],
                                                              [
                                                                  -115.189933,
                                                                  36.095654
                                                              ],
                                                              [
                                                                  -115.1899349,
                                                                  36.0954786
                                                              ],
                                                              [
                                                                  -115.1899262,
                                                                  36.0952257
                                                              ],
                                                              [
                                                                  -115.1899383,
                                                                  36.0949652
                                                              ],
                                                              [
                                                                  -115.1899366,
                                                                  36.0947389
                                                              ],
                                                              [
                                                                  -115.1899346,
                                                                  36.0945259
                                                              ],
                                                              [
                                                                  -115.1899122,
                                                                  36.0944177
                                                              ],
                                                              [
                                                                  -115.1899341,
                                                                  36.0942772
                                                              ],
                                                              [
                                                                  -115.1899381,
                                                                  36.0939344
                                                              ],
                                                              [
                                                                  -115.1899452,
                                                                  36.0936695
                                                              ],
                                                              [
                                                                  -115.1899407,
                                                                  36.0934665
                                                              ],
                                                              [
                                                                  -115.1899434,
                                                                  36.0931837
                                                              ],
                                                              [
                                                                  -115.1899441,
                                                                  36.0928857
                                                              ],
                                                              [
                                                                  -115.1899527,
                                                                  36.0927987
                                                              ],
                                                              [
                                                                  -115.1899412,
                                                                  36.0927117
                                                              ],
                                                              [
                                                                  -115.1899362,
                                                                  36.0924587
                                                              ],
                                                              [
                                                                  -115.1899409,
                                                                  36.0922879
                                                              ],
                                                              [
                                                                  -115.1899427,
                                                                  36.091797
                                                              ],
                                                              [
                                                                  -115.1899436,
                                                                  36.091513
                                                              ],
                                                              [
                                                                  -115.1899419,
                                                                  36.0912322
                                                              ],
                                                              [
                                                                  -115.1899443,
                                                                  36.0909651
                                                              ],
                                                              [
                                                                  -115.189946,
                                                                  36.0907271
                                                              ],
                                                              [
                                                                  -115.1899494,
                                                                  36.090515
                                                              ],
                                                              [
                                                                  -115.1899513,
                                                                  36.090244
                                                              ],
                                                              [
                                                                  -115.1899549,
                                                                  36.0899837
                                                              ],
                                                              [
                                                                  -115.1899494,
                                                                  36.0897548
                                                              ],
                                                              [
                                                                  -115.1899494,
                                                                  36.0895103
                                                              ],
                                                              [
                                                                  -115.1899494,
                                                                  36.0891478
                                                              ],
                                                              [
                                                                  -115.1899474,
                                                                  36.0889686
                                                              ],
                                                              [
                                                                  -115.1899478,
                                                                  36.0888134
                                                              ],
                                                              [
                                                                  -115.1899475,
                                                                  36.0886608
                                                              ],
                                                              [
                                                                  -115.1899515,
                                                                  36.088364
                                                              ],
                                                              [
                                                                  -115.1899495,
                                                                  36.088127
                                                              ],
                                                              [
                                                                  -115.1899513,
                                                                  36.0878659
                                                              ],
                                                              [
                                                                  -115.1899531,
                                                                  36.0876118
                                                              ],
                                                              [
                                                                  -115.189954,
                                                                  36.0874392
                                                              ],
                                                              [
                                                                  -115.189948,
                                                                  36.087183
                                                              ],
                                                              [
                                                                  -115.18995,
                                                                  36.087104
                                                              ],
                                                              [
                                                                  -115.1899711,
                                                                  36.0870317
                                                              ],
                                                              [
                                                                  -115.1899888,
                                                                  36.0868946
                                                              ],
                                                              [
                                                                  -115.189996,
                                                                  36.08678
                                                              ],
                                                              [
                                                                  -115.190001,
                                                                  36.0866555
                                                              ],
                                                              [
                                                                  -115.189997,
                                                                  36.08653
                                                              ],
                                                              [
                                                                  -115.19002,
                                                                  36.086455
                                                              ],
                                                              [
                                                                  -115.190036,
                                                                  36.086447
                                                              ],
                                                              [
                                                                  -115.190067,
                                                                  36.086435
                                                              ],
                                                              [
                                                                  -115.1903692,
                                                                  36.086423
                                                              ],
                                                              [
                                                                  -115.19067,
                                                                  36.086397
                                                              ],
                                                              [
                                                                  -115.1908603,
                                                                  36.0863975
                                                              ],
                                                              [
                                                                  -115.1910693,
                                                                  36.0863952
                                                              ],
                                                              [
                                                                  -115.19119,
                                                                  36.086387
                                                              ],
                                                              [
                                                                  -115.191563,
                                                                  36.086383
                                                              ],
                                                              [
                                                                  -115.1919682,
                                                                  36.0863816
                                                              ],
                                                              [
                                                                  -115.192281,
                                                                  36.0863846
                                                              ],
                                                              [
                                                                  -115.1926933,
                                                                  36.0864075
                                                              ],
                                                              [
                                                                  -115.193029,
                                                                  36.0864097
                                                              ],
                                                              [
                                                                  -115.193646,
                                                                  36.0864003
                                                              ],
                                                              [
                                                                  -115.1942597,
                                                                  36.0863882
                                                              ],
                                                              [
                                                                  -115.1946988,
                                                                  36.0863948
                                                              ],
                                                              [
                                                                  -115.1950417,
                                                                  36.0863862
                                                              ],
                                                              [
                                                                  -115.1951618,
                                                                  36.0863709
                                                              ],
                                                              [
                                                                  -115.1952812,
                                                                  36.0863944
                                                              ],
                                                              [
                                                                  -115.1955823,
                                                                  36.0864025
                                                              ],
                                                              [
                                                                  -115.195865,
                                                                  36.0864017
                                                              ],
                                                              [
                                                                  -115.196467,
                                                                  36.086398
                                                              ],
                                                              [
                                                                  -115.196931,
                                                                  36.0863996
                                                              ],
                                                              [
                                                                  -115.1974147,
                                                                  36.0863966
                                                              ],
                                                              [
                                                                  -115.197825,
                                                                  36.0863965
                                                              ],
                                                              [
                                                                  -115.1981353,
                                                                  36.086395
                                                              ],
                                                              [
                                                                  -115.19843,
                                                                  36.0863951
                                                              ],
                                                              [
                                                                  -115.198815,
                                                                  36.0863936
                                                              ],
                                                              [
                                                                  -115.1990097,
                                                                  36.0863942
                                                              ],
                                                              [
                                                                  -115.199388,
                                                                  36.086399
                                                              ],
                                                              [
                                                                  -115.199788,
                                                                  36.0863979
                                                              ],
                                                              [
                                                                  -115.2002067,
                                                                  36.0864013
                                                              ],
                                                              [
                                                                  -115.2004642,
                                                                  36.0864037
                                                              ],
                                                              [
                                                                  -115.2007623,
                                                                  36.0864036
                                                              ],
                                                              [
                                                                  -115.201045,
                                                                  36.0864033
                                                              ],
                                                              [
                                                                  -115.2013097,
                                                                  36.0864044
                                                              ],
                                                              [
                                                                  -115.2016238,
                                                                  36.0864032
                                                              ],
                                                              [
                                                                  -115.2019333,
                                                                  36.0864057
                                                              ],
                                                              [
                                                                  -115.202358,
                                                                  36.0864061
                                                              ],
                                                              [
                                                                  -115.2027956,
                                                                  36.0864081
                                                              ],
                                                              [
                                                                  -115.2032892,
                                                                  36.086408
                                                              ],
                                                              [
                                                                  -115.2038526,
                                                                  36.0864094
                                                              ],
                                                              [
                                                                  -115.2043353,
                                                                  36.086408
                                                              ],
                                                              [
                                                                  -115.204621,
                                                                  36.0864085
                                                              ],
                                                              [
                                                                  -115.2049367,
                                                                  36.0864125
                                                              ],
                                                              [
                                                                  -115.205329,
                                                                  36.0864126
                                                              ],
                                                              [
                                                                  -115.2057306,
                                                                  36.0864167
                                                              ],
                                                              [
                                                                  -115.206159,
                                                                  36.086416
                                                              ],
                                                              [
                                                                  -115.2062868,
                                                                  36.086419
                                                              ],
                                                              [
                                                                  -115.2063753,
                                                                  36.086418
                                                              ],
                                                              [
                                                                  -115.206528,
                                                                  36.0864333
                                                              ],
                                                              [
                                                                  -115.2066034,
                                                                  36.0864395
                                                              ],
                                                              [
                                                                  -115.206688,
                                                                  36.0864232
                                                              ],
                                                              [
                                                                  -115.2067851,
                                                                  36.086421
                                                              ],
                                                              [
                                                                  -115.207123,
                                                                  36.0864266
                                                              ],
                                                              [
                                                                  -115.207467,
                                                                  36.0864278
                                                              ],
                                                              [
                                                                  -115.207812,
                                                                  36.086425
                                                              ],
                                                              [
                                                                  -115.2081507,
                                                                  36.0864283
                                                              ],
                                                              [
                                                                  -115.208506,
                                                                  36.0864066
                                                              ],
                                                              [
                                                                  -115.2088365,
                                                                  36.0863855
                                                              ],
                                                              [
                                                                  -115.209173,
                                                                  36.0863638
                                                              ],
                                                              [
                                                                  -115.2093781,
                                                                  36.0863321
                                                              ],
                                                              [
                                                                  -115.2096067,
                                                                  36.0863174
                                                              ],
                                                              [
                                                                  -115.2099101,
                                                                  36.0863078
                                                              ],
                                                              [
                                                                  -115.2103061,
                                                                  36.0862824
                                                              ],
                                                              [
                                                                  -115.2107215,
                                                                  36.0862606
                                                              ],
                                                              [
                                                                  -115.2109939,
                                                                  36.0862449
                                                              ],
                                                              [
                                                                  -115.2113598,
                                                                  36.0862284
                                                              ],
                                                              [
                                                                  -115.2117421,
                                                                  36.0862118
                                                              ],
                                                              [
                                                                  -115.2120917,
                                                                  36.0862002
                                                              ],
                                                              [
                                                                  -115.2122724,
                                                                  36.0861782
                                                              ],
                                                              [
                                                                  -115.2124305,
                                                                  36.086164
                                                              ],
                                                              [
                                                                  -115.2125887,
                                                                  36.0861563
                                                              ],
                                                              [
                                                                  -115.212901,
                                                                  36.086147
                                                              ],
                                                              [
                                                                  -115.2131354,
                                                                  36.0861338
                                                              ],
                                                              [
                                                                  -115.2133711,
                                                                  36.0861194
                                                              ],
                                                              [
                                                                  -115.2135941,
                                                                  36.0861068
                                                              ],
                                                              [
                                                                  -115.2137974,
                                                                  36.0860944
                                                              ],
                                                              [
                                                                  -115.2140234,
                                                                  36.0860795
                                                              ],
                                                              [
                                                                  -115.2142682,
                                                                  36.0860672
                                                              ],
                                                              [
                                                                  -115.2145117,
                                                                  36.0860559
                                                              ],
                                                              [
                                                                  -115.21486,
                                                                  36.0860363
                                                              ],
                                                              [
                                                                  -115.2152157,
                                                                  36.0860173
                                                              ],
                                                              [
                                                                  -115.215663,
                                                                  36.0859946
                                                              ],
                                                              [
                                                                  -115.216138,
                                                                  36.085961
                                                              ],
                                                              [
                                                                  -115.216609,
                                                                  36.0859343
                                                              ],
                                                              [
                                                                  -115.216994,
                                                                  36.0859188
                                                              ],
                                                              [
                                                                  -115.2173733,
                                                                  36.0858957
                                                              ],
                                                              [
                                                                  -115.217645,
                                                                  36.0858784
                                                              ],
                                                              [
                                                                  -115.2178953,
                                                                  36.0858639
                                                              ],
                                                              [
                                                                  -115.218259,
                                                                  36.0858442
                                                              ],
                                                              [
                                                                  -115.218754,
                                                                  36.0858162
                                                              ],
                                                              [
                                                                  -115.219405,
                                                                  36.0857807
                                                              ],
                                                              [
                                                                  -115.2197611,
                                                                  36.0857609
                                                              ],
                                                              [
                                                                  -115.2200681,
                                                                  36.0857442
                                                              ],
                                                              [
                                                                  -115.2205187,
                                                                  36.0857188
                                                              ],
                                                              [
                                                                  -115.220966,
                                                                  36.0856941
                                                              ],
                                                              [
                                                                  -115.2214093,
                                                                  36.0856677
                                                              ],
                                                              [
                                                                  -115.22185,
                                                                  36.0856482
                                                              ],
                                                              [
                                                                  -115.2220851,
                                                                  36.0856357
                                                              ],
                                                              [
                                                                  -115.222605,
                                                                  36.0856038
                                                              ],
                                                              [
                                                                  -115.222881,
                                                                  36.0855867
                                                              ],
                                                              [
                                                                  -115.2231514,
                                                                  36.0855791
                                                              ],
                                                              [
                                                                  -115.2234913,
                                                                  36.0855627
                                                              ],
                                                              [
                                                                  -115.223846,
                                                                  36.0855419
                                                              ],
                                                              [
                                                                  -115.2241497,
                                                                  36.0855254
                                                              ],
                                                              [
                                                                  -115.224484,
                                                                  36.0855073
                                                              ],
                                                              [
                                                                  -115.22525,
                                                                  36.0854688
                                                              ],
                                                              [
                                                                  -115.22532,
                                                                  36.08545
                                                              ],
                                                              [
                                                                  -115.2255307,
                                                                  36.0854218
                                                              ],
                                                              [
                                                                  -115.2259053,
                                                                  36.0854212
                                                              ],
                                                              [
                                                                  -115.2263107,
                                                                  36.0854172
                                                              ],
                                                              [
                                                                  -115.2266255,
                                                                  36.0854117
                                                              ],
                                                              [
                                                                  -115.2268056,
                                                                  36.0853852
                                                              ],
                                                              [
                                                                  -115.2269995,
                                                                  36.0853682
                                                              ],
                                                              [
                                                                  -115.2272463,
                                                                  36.0853648
                                                              ],
                                                              [
                                                                  -115.227493,
                                                                  36.08537
                                                              ],
                                                              [
                                                                  -115.227683,
                                                                  36.0853863
                                                              ],
                                                              [
                                                                  -115.228086,
                                                                  36.0853792
                                                              ],
                                                              [
                                                                  -115.228391,
                                                                  36.0853757
                                                              ],
                                                              [
                                                                  -115.2286753,
                                                                  36.0853721
                                                              ],
                                                              [
                                                                  -115.229065,
                                                                  36.085366
                                                              ],
                                                              [
                                                                  -115.22943,
                                                                  36.0853608
                                                              ],
                                                              [
                                                                  -115.229704,
                                                                  36.08536
                                                              ],
                                                              [
                                                                  -115.229961,
                                                                  36.0853531
                                                              ],
                                                              [
                                                                  -115.2302207,
                                                                  36.0853489
                                                              ],
                                                              [
                                                                  -115.230508,
                                                                  36.0853435
                                                              ],
                                                              [
                                                                  -115.2307531,
                                                                  36.085341
                                                              ],
                                                              [
                                                                  -115.2310375,
                                                                  36.0853352
                                                              ],
                                                              [
                                                                  -115.2313227,
                                                                  36.0853342
                                                              ],
                                                              [
                                                                  -115.231611,
                                                                  36.0853292
                                                              ],
                                                              [
                                                                  -115.231871,
                                                                  36.085324
                                                              ],
                                                              [
                                                                  -115.2322125,
                                                                  36.0853184
                                                              ],
                                                              [
                                                                  -115.2325553,
                                                                  36.0853121
                                                              ],
                                                              [
                                                                  -115.23296,
                                                                  36.0853072
                                                              ],
                                                              [
                                                                  -115.233178,
                                                                  36.0853039
                                                              ],
                                                              [
                                                                  -115.2334137,
                                                                  36.0852753
                                                              ],
                                                              [
                                                                  -115.233563,
                                                                  36.0852717
                                                              ],
                                                              [
                                                                  -115.233726,
                                                                  36.0852687
                                                              ],
                                                              [
                                                                  -115.233915,
                                                                  36.0852642
                                                              ],
                                                              [
                                                                  -115.2340215,
                                                                  36.0852559
                                                              ],
                                                              [
                                                                  -115.234128,
                                                                  36.0852346
                                                              ],
                                                              [
                                                                  -115.2341355,
                                                                  36.0851243
                                                              ],
                                                              [
                                                                  -115.234127,
                                                                  36.085014
                                                              ],
                                                              [
                                                                  -115.2341066,
                                                                  36.0848475
                                                              ],
                                                              [
                                                                  -115.2340957,
                                                                  36.08475
                                                              ],
                                                              [
                                                                  -115.234074,
                                                                  36.084659
                                                              ],
                                                              [
                                                                  -115.234058,
                                                                  36.0843506
                                                              ],
                                                              [
                                                                  -115.234042,
                                                                  36.0840476
                                                              ],
                                                              [
                                                                  -115.234026,
                                                                  36.0837376
                                                              ],
                                                              [
                                                                  -115.23402,
                                                                  36.0835848
                                                              ],
                                                              [
                                                                  -115.23401,
                                                                  36.083433
                                                              ],
                                                              [
                                                                  -115.233985,
                                                                  36.082983
                                                              ],
                                                              [
                                                                  -115.23396,
                                                                  36.082534
                                                              ],
                                                              [
                                                                  -115.2339534,
                                                                  36.0823088
                                                              ],
                                                              [
                                                                  -115.2339434,
                                                                  36.0820799
                                                              ],
                                                              [
                                                                  -115.2339344,
                                                                  36.0818545
                                                              ],
                                                              [
                                                                  -115.2339274,
                                                                  36.0816323
                                                              ],
                                                              [
                                                                  -115.2339027,
                                                                  36.0812459
                                                              ],
                                                              [
                                                                  -115.233879,
                                                                  36.080866
                                                              ],
                                                              [
                                                                  -115.233856,
                                                                  36.080369
                                                              ],
                                                              [
                                                                  -115.233844,
                                                                  36.0801
                                                              ],
                                                              [
                                                                  -115.233837,
                                                                  36.079964
                                                              ],
                                                              [
                                                                  -115.233836,
                                                                  36.0797885
                                                              ],
                                                              [
                                                                  -115.2338225,
                                                                  36.079522
                                                              ],
                                                              [
                                                                  -115.233809,
                                                                  36.079262
                                                              ],
                                                              [
                                                                  -115.233794,
                                                                  36.0789881
                                                              ],
                                                              [
                                                                  -115.2337803,
                                                                  36.078713
                                                              ],
                                                              [
                                                                  -115.233774,
                                                                  36.078528
                                                              ],
                                                              [
                                                                  -115.2337516,
                                                                  36.0782585
                                                              ],
                                                              [
                                                                  -115.2337435,
                                                                  36.0781529
                                                              ],
                                                              [
                                                                  -115.233746,
                                                                  36.078056
                                                              ],
                                                              [
                                                                  -115.233798,
                                                                  36.078022
                                                              ],
                                                              [
                                                                  -115.234506,
                                                                  36.078008
                                                              ],
                                                              [
                                                                  -115.235171,
                                                                  36.077995
                                                              ],
                                                              [
                                                                  -115.235556,
                                                                  36.0780024
                                                              ],
                                                              [
                                                                  -115.2359417,
                                                                  36.0780054
                                                              ],
                                                              [
                                                                  -115.2363463,
                                                                  36.0779898
                                                              ],
                                                              [
                                                                  -115.2367508,
                                                                  36.0779785
                                                              ],
                                                              [
                                                                  -115.2371561,
                                                                  36.077964
                                                              ],
                                                              [
                                                                  -115.23756,
                                                                  36.077957
                                                              ],
                                                              [
                                                                  -115.238184,
                                                                  36.07795
                                                              ],
                                                              [
                                                                  -115.23879,
                                                                  36.0779413
                                                              ],
                                                              [
                                                                  -115.23925,
                                                                  36.077927
                                                              ],
                                                              [
                                                                  -115.23961,
                                                                  36.077917
                                                              ],
                                                              [
                                                                  -115.2397629,
                                                                  36.0779147
                                                              ],
                                                              [
                                                                  -115.2399157,
                                                                  36.0779026
                                                              ],
                                                              [
                                                                  -115.2399397,
                                                                  36.0778498
                                                              ],
                                                              [
                                                                  -115.239941,
                                                                  36.0777095
                                                              ]
                                                          ],
                                          "type":  "LineString"
                                      }
                     }
                 ]
}
