{
    "type":  "FeatureCollection",
    "features":  [
                     {
                         "type":  "Feature",
                         "properties":  {
                                            "name":  "F1 RETURN ZONE F SPHERE TO KH"
                                        },
                         "geometry":  {
                                          "coordinates":  [
                                                              [
                                                                  -115.1572454,
                                                                  36.1208319
                                                              ],
                                                              [
                                                                  -115.156922,
                                                                  36.1208343
                                                              ],
                                                              [
                                                                  -115.1569181,
                                                                  36.1205324
                                                              ],
                                                              [
                                                                  -115.1570234,
                                                                  36.1205332
                                                              ],
                                                              [
                                                                  -115.1574854,
                                                                  36.1206119
                                                              ],
                                                              [
                                                                  -115.1575554,
                                                                  36.1206119
                                                              ],
                                                              [
                                                                  -115.1576454,
                                                                  36.1206019
                                                              ],
                                                              [
                                                                  -115.1577854,
                                                                  36.1205919
                                                              ],
                                                              [
                                                                  -115.1579454,
                                                                  36.1205819
                                                              ],
                                                              [
                                                                  -115.1579254,
                                                                  36.1204719
                                                              ],
                                                              [
                                                                  -115.1579054,
                                                                  36.1203719
                                                              ],
                                                              [
                                                                  -115.1578454,
                                                                  36.1201819
                                                              ],
                                                              [
                                                                  -115.1578154,
                                                                  36.1200919
                                                              ],
                                                              [
                                                                  -115.1577854,
                                                                  36.1200019
                                                              ],
                                                              [
                                                                  -115.1577554,
                                                                  36.1199419
                                                              ],
                                                              [
                                                                  -115.1576874,
                                                                  36.1197919
                                                              ],
                                                              [
                                                                  -115.157422,
                                                                  36.1193284
                                                              ],
                                                              [
                                                                  -115.1573654,
                                                                  36.1192219
                                                              ],
                                                              [
                                                                  -115.1571754,
                                                                  36.1188919
                                                              ],
                                                              [
                                                                  -115.1571654,
                                                                  36.1188719
                                                              ],
                                                              [
                                                                  -115.1571554,
                                                                  36.1188419
                                                              ],
                                                              [
                                                                  -115.1570977,
                                                                  36.1188037
                                                              ],
                                                              [
                                                                  -115.1570744,
                                                                  36.1186935
                                                              ],
                                                              [
                                                                  -115.1570564,
                                                                  36.1186051
                                                              ],
                                                              [
                                                                  -115.1570544,
                                                                  36.1184512
                                                              ],
                                                              [
                                                                  -115.1568636,
                                                                  36.118426
                                                              ],
                                                              [
                                                                  -115.1560393,
                                                                  36.1184227
                                                              ],
                                                              [
                                                                  -115.1557955,
                                                                  36.1184533
                                                              ],
                                                              [
                                                                  -115.1551254,
                                                                  36.1184598
                                                              ],
                                                              [
                                                                  -115.1549354,
                                                                  36.1185619
                                                              ],
                                                              [
                                                                  -115.1549482,
                                                                  36.1187379
                                                              ],
                                                              [
                                                                  -115.1549509,
                                                                  36.1190586
                                                              ],
                                                              [
                                                                  -115.1549442,
                                                                  36.1194902
                                                              ],
                                                              [
                                                                  -115.1549449,
                                                                  36.1198032
                                                              ],
                                                              [
                                                                  -115.1549454,
                                                                  36.1201419
                                                              ],
                                                              [
                                                                  -115.154936,
                                                                  36.1204919
                                                              ],
                                                              [
                                                                  -115.1549347,
                                                                  36.120743
                                                              ],
                                                              [
                                                                  -115.154932,
                                                                  36.1211965
                                                              ],
                                                              [
                                                                  -115.1549203,
                                                                  36.1215368
                                                              ],
                                                              [
                                                                  -115.1549317,
                                                                  36.1219508
                                                              ],
                                                              [
                                                                  -115.1549185,
                                                                  36.1222722
                                                              ],
                                                              [
                                                                  -115.1549152,
                                                                  36.1227413
                                                              ],
                                                              [
                                                                  -115.154907,
                                                                  36.1231113
                                                              ],
                                                              [
                                                                  -115.1549056,
                                                                  36.1232952
                                                              ],
                                                              [
                                                                  -115.1549016,
                                                                  36.1236743
                                                              ],
                                                              [
                                                                  -115.1548946,
                                                                  36.1239803
                                                              ],
                                                              [
                                                                  -115.154893,
                                                                  36.1242797
                                                              ],
                                                              [
                                                                  -115.1548889,
                                                                  36.1245862
                                                              ],
                                                              [
                                                                  -115.1548749,
                                                                  36.1249297
                                                              ],
                                                              [
                                                                  -115.1548676,
                                                                  36.125196
                                                              ],
                                                              [
                                                                  -115.1548542,
                                                                  36.125543
                                                              ],
                                                              [
                                                                  -115.1548603,
                                                                  36.1259143
                                                              ],
                                                              [
                                                                  -115.1548616,
                                                                  36.1262108
                                                              ],
                                                              [
                                                                  -115.1548616,
                                                                  36.1266648
                                                              ],
                                                              [
                                                                  -115.1548583,
                                                                  36.1270354
                                                              ],
                                                              [
                                                                  -115.1548489,
                                                                  36.127289
                                                              ],
                                                              [
                                                                  -115.1548476,
                                                                  36.1274911
                                                              ],
                                                              [
                                                                  -115.1548416,
                                                                  36.1278687
                                                              ],
                                                              [
                                                                  -115.1548544,
                                                                  36.1283054
                                                              ],
                                                              [
                                                                  -115.1548772,
                                                                  36.1286201
                                                              ],
                                                              [
                                                                  -115.1548779,
                                                                  36.1288566
                                                              ],
                                                              [
                                                                  -115.1548612,
                                                                  36.1291966
                                                              ],
                                                              [
                                                                  -115.1548485,
                                                                  36.1294781
                                                              ],
                                                              [
                                                                  -115.1548579,
                                                                  36.1295902
                                                              ],
                                                              [
                                                                  -115.1553727,
                                                                  36.1296264
                                                              ],
                                                              [
                                                                  -115.1556594,
                                                                  36.1296497
                                                              ],
                                                              [
                                                                  -115.1562481,
                                                                  36.1296997
                                                              ],
                                                              [
                                                                  -115.1567586,
                                                                  36.1297021
                                                              ],
                                                              [
                                                                  -115.1570757,
                                                                  36.1296888
                                                              ],
                                                              [
                                                                  -115.1577709,
                                                                  36.1296842
                                                              ],
                                                              [
                                                                  -115.1584588,
                                                                  36.1296953
                                                              ],
                                                              [
                                                                  -115.1591454,
                                                                  36.129704
                                                              ],
                                                              [
                                                                  -115.1596647,
                                                                  36.1297083
                                                              ],
                                                              [
                                                                  -115.1598866,
                                                                  36.1297093
                                                              ],
                                                              [
                                                                  -115.1601086,
                                                                  36.1296972
                                                              ],
                                                              [
                                                                  -115.1603014,
                                                                  36.1296751
                                                              ],
                                                              [
                                                                  -115.1607626,
                                                                  36.1296329
                                                              ],
                                                              [
                                                                  -115.1611874,
                                                                  36.1296207
                                                              ],
                                                              [
                                                                  -115.1616706,
                                                                  36.1296294
                                                              ],
                                                              [
                                                                  -115.1620467,
                                                                  36.1296251
                                                              ],
                                                              [
                                                                  -115.1623741,
                                                                  36.1296394
                                                              ],
                                                              [
                                                                  -115.1626054,
                                                                  36.1296607
                                                              ],
                                                              [
                                                                  -115.1628367,
                                                                  36.1297016
                                                              ],
                                                              [
                                                                  -115.1632854,
                                                                  36.129814
                                                              ],
                                                              [
                                                                  -115.1635954,
                                                                  36.1299251
                                                              ],
                                                              [
                                                                  -115.1639034,
                                                                  36.1300672
                                                              ],
                                                              [
                                                                  -115.1641954,
                                                                  36.1302386
                                                              ],
                                                              [
                                                                  -115.1647054,
                                                                  36.1305653
                                                              ],
                                                              [
                                                                  -115.1650889,
                                                                  36.1308127
                                                              ],
                                                              [
                                                                  -115.1653836,
                                                                  36.1310146
                                                              ],
                                                              [
                                                                  -115.1656354,
                                                                  36.1311519
                                                              ],
                                                              [
                                                                  -115.1657154,
                                                                  36.1311919
                                                              ],
                                                              [
                                                                  -115.1657954,
                                                                  36.1312219
                                                              ],
                                                              [
                                                                  -115.1658954,
                                                                  36.1312519
                                                              ],
                                                              [
                                                                  -115.1659954,
                                                                  36.1312667
                                                              ],
                                                              [
                                                                  -115.1661622,
                                                                  36.1312992
                                                              ],
                                                              [
                                                                  -115.1664143,
                                                                  36.131357
                                                              ],
                                                              [
                                                                  -115.1666462,
                                                                  36.1313948
                                                              ],
                                                              [
                                                                  -115.1669175,
                                                                  36.1314237
                                                              ],
                                                              [
                                                                  -115.1674364,
                                                                  36.131434
                                                              ],
                                                              [
                                                                  -115.1679986,
                                                                  36.1314418
                                                              ],
                                                              [
                                                                  -115.1683454,
                                                                  36.1314362
                                                              ],
                                                              [
                                                                  -115.1687681,
                                                                  36.1314351
                                                              ],
                                                              [
                                                                  -115.1691487,
                                                                  36.1314437
                                                              ],
                                                              [
                                                                  -115.1694306,
                                                                  36.1314462
                                                              ],
                                                              [
                                                                  -115.16979,
                                                                  36.1314494
                                                              ],
                                                              [
                                                                  -115.1703371,
                                                                  36.1314583
                                                              ],
                                                              [
                                                                  -115.1710232,
                                                                  36.1314727
                                                              ],
                                                              [
                                                                  -115.1713446,
                                                                  36.1314707
                                                              ],
                                                              [
                                                                  -115.171836,
                                                                  36.1314775
                                                              ],
                                                              [
                                                                  -115.1721749,
                                                                  36.1314948
                                                              ],
                                                              [
                                                                  -115.1724736,
                                                                  36.131513
                                                              ],
                                                              [
                                                                  -115.1727509,
                                                                  36.1315594
                                                              ],
                                                              [
                                                                  -115.1730554,
                                                                  36.1316519
                                                              ],
                                                              [
                                                                  -115.1733554,
                                                                  36.1317019
                                                              ],
                                                              [
                                                                  -115.1733854,
                                                                  36.1317119
                                                              ],
                                                              [
                                                                  -115.1736054,
                                                                  36.1317519
                                                              ],
                                                              [
                                                                  -115.1738154,
                                                                  36.1317819
                                                              ],
                                                              [
                                                                  -115.1739954,
                                                                  36.1318119
                                                              ],
                                                              [
                                                                  -115.1741654,
                                                                  36.1318419
                                                              ],
                                                              [
                                                                  -115.1742754,
                                                                  36.1318619
                                                              ],
                                                              [
                                                                  -115.1744054,
                                                                  36.1318819
                                                              ],
                                                              [
                                                                  -115.1745354,
                                                                  36.1318919
                                                              ],
                                                              [
                                                                  -115.1748154,
                                                                  36.1319019
                                                              ],
                                                              [
                                                                  -115.1748954,
                                                                  36.1319019
                                                              ],
                                                              [
                                                                  -115.1750154,
                                                                  36.1319019
                                                              ],
                                                              [
                                                                  -115.1751154,
                                                                  36.1318919
                                                              ],
                                                              [
                                                                  -115.1752854,
                                                                  36.1318819
                                                              ],
                                                              [
                                                                  -115.1754154,
                                                                  36.1318619
                                                              ],
                                                              [
                                                                  -115.1755054,
                                                                  36.1318519
                                                              ],
                                                              [
                                                                  -115.1756154,
                                                                  36.1318419
                                                              ],
                                                              [
                                                                  -115.1757754,
                                                                  36.1318119
                                                              ],
                                                              [
                                                                  -115.1759854,
                                                                  36.1317819
                                                              ],
                                                              [
                                                                  -115.17631539999999,
                                                                  36.1317319
                                                              ],
                                                              [
                                                                  -115.1768754,
                                                                  36.1316519
                                                              ],
                                                              [
                                                                  -115.1770854,
                                                                  36.1316219
                                                              ],
                                                              [
                                                                  -115.1774054,
                                                                  36.1315719
                                                              ],
                                                              [
                                                                  -115.1776954,
                                                                  36.1315319
                                                              ],
                                                              [
                                                                  -115.1779454,
                                                                  36.1314919
                                                              ],
                                                              [
                                                                  -115.1784027,
                                                                  36.1314308
                                                              ],
                                                              [
                                                                  -115.1787254,
                                                                  36.1313719
                                                              ],
                                                              [
                                                                  -115.1790354,
                                                                  36.1312919
                                                              ],
                                                              [
                                                                  -115.1793354,
                                                                  36.1311919
                                                              ],
                                                              [
                                                                  -115.1797254,
                                                                  36.1310219
                                                              ],
                                                              [
                                                                  -115.1799654,
                                                                  36.1308919
                                                              ],
                                                              [
                                                                  -115.1801554,
                                                                  36.1307919
                                                              ],
                                                              [
                                                                  -115.1802554,
                                                                  36.1307319
                                                              ],
                                                              [
                                                                  -115.1803754,
                                                                  36.1306619
                                                              ],
                                                              [
                                                                  -115.1806354,
                                                                  36.1305219
                                                              ],
                                                              [
                                                                  -115.1809001,
                                                                  36.130373
                                                              ],
                                                              [
                                                                  -115.1811854,
                                                                  36.1302219
                                                              ],
                                                              [
                                                                  -115.181396,
                                                                  36.1301176
                                                              ],
                                                              [
                                                                  -115.1815854,
                                                                  36.1300419
                                                              ],
                                                              [
                                                                  -115.1817854,
                                                                  36.1299819
                                                              ],
                                                              [
                                                                  -115.1819754,
                                                                  36.1299319
                                                              ],
                                                              [
                                                                  -115.1821954,
                                                                  36.1298919
                                                              ],
                                                              [
                                                                  -115.1823104,
                                                                  36.1298688
                                                              ],
                                                              [
                                                                  -115.1824254,
                                                                  36.1298576
                                                              ],
                                                              [
                                                                  -115.1826654,
                                                                  36.1298365
                                                              ],
                                                              [
                                                                  -115.1827954,
                                                                  36.1298319
                                                              ],
                                                              [
                                                                  -115.1829054,
                                                                  36.1298319
                                                              ],
                                                              [
                                                                  -115.1830254,
                                                                  36.1298319
                                                              ],
                                                              [
                                                                  -115.1832154,
                                                                  36.1298419
                                                              ],
                                                              [
                                                                  -115.1834354,
                                                                  36.1298519
                                                              ],
                                                              [
                                                                  -115.1836661,
                                                                  36.1298643
                                                              ],
                                                              [
                                                                  -115.1838988,
                                                                  36.1298781
                                                              ],
                                                              [
                                                                  -115.184112,
                                                                  36.1298881
                                                              ],
                                                              [
                                                                  -115.1843047,
                                                                  36.1298981
                                                              ],
                                                              [
                                                                  -115.1844754,
                                                                  36.129907
                                                              ],
                                                              [
                                                                  -115.1847654,
                                                                  36.1299219
                                                              ],
                                                              [
                                                                  -115.1849854,
                                                                  36.1299351
                                                              ],
                                                              [
                                                                  -115.1852154,
                                                                  36.1299476
                                                              ],
                                                              [
                                                                  -115.1853954,
                                                                  36.1299619
                                                              ],
                                                              [
                                                                  -115.1855954,
                                                                  36.1299719
                                                              ],
                                                              [
                                                                  -115.1857991,
                                                                  36.1299862
                                                              ],
                                                              [
                                                                  -115.18607539999999,
                                                                  36.1300019
                                                              ],
                                                              [
                                                                  -115.1863354,
                                                                  36.1300219
                                                              ],
                                                              [
                                                                  -115.1865354,
                                                                  36.1300365
                                                              ],
                                                              [
                                                                  -115.1867154,
                                                                  36.1300438
                                                              ],
                                                              [
                                                                  -115.1869318,
                                                                  36.1300509
                                                              ],
                                                              [
                                                                  -115.1871811,
                                                                  36.13007
                                                              ],
                                                              [
                                                                  -115.1875259,
                                                                  36.1300946
                                                              ],
                                                              [
                                                                  -115.1878869,
                                                                  36.1301137
                                                              ],
                                                              [
                                                                  -115.1881215,
                                                                  36.1301264
                                                              ],
                                                              [
                                                                  -115.1884075,
                                                                  36.1301448
                                                              ],
                                                              [
                                                                  -115.1886241,
                                                                  36.1301657
                                                              ],
                                                              [
                                                                  -115.1888316,
                                                                  36.1301811
                                                              ],
                                                              [
                                                                  -115.1890509,
                                                                  36.1301922
                                                              ],
                                                              [
                                                                  -115.1892439,
                                                                  36.1301962
                                                              ],
                                                              [
                                                                  -115.189521,
                                                                  36.1301938
                                                              ],
                                                              [
                                                                  -115.1897934,
                                                                  36.1301908
                                                              ],
                                                              [
                                                                  -115.1900472,
                                                                  36.1301984
                                                              ],
                                                              [
                                                                  -115.1902618,
                                                                  36.1302275
                                                              ],
                                                              [
                                                                  -115.1905447,
                                                                  36.1302432
                                                              ],
                                                              [
                                                                  -115.1909461,
                                                                  36.1302562
                                                              ],
                                                              [
                                                                  -115.1913381,
                                                                  36.1302713
                                                              ],
                                                              [
                                                                  -115.1914767,
                                                                  36.130269
                                                              ],
                                                              [
                                                                  -115.1916147,
                                                                  36.1302889
                                                              ],
                                                              [
                                                                  -115.1916941,
                                                                  36.1302671
                                                              ],
                                                              [
                                                                  -115.1917448,
                                                                  36.1302717
                                                              ],
                                                              [
                                                                  -115.1918158,
                                                                  36.130285
                                                              ],
                                                              [
                                                                  -115.1919002,
                                                                  36.1302804
                                                              ],
                                                              [
                                                                  -115.1920897,
                                                                  36.1302726
                                                              ],
                                                              [
                                                                  -115.1923466,
                                                                  36.1302663
                                                              ],
                                                              [
                                                                  -115.1927646,
                                                                  36.1302483
                                                              ],
                                                              [
                                                                  -115.1932674,
                                                                  36.1302518
                                                              ],
                                                              [
                                                                  -115.1936661,
                                                                  36.130231
                                                              ],
                                                              [
                                                                  -115.1939936,
                                                                  36.1302156
                                                              ],
                                                              [
                                                                  -115.1942746,
                                                                  36.1302126
                                                              ],
                                                              [
                                                                  -115.1946934,
                                                                  36.1302101
                                                              ],
                                                              [
                                                                  -115.1950324,
                                                                  36.130188
                                                              ],
                                                              [
                                                                  -115.1953334,
                                                                  36.1301799
                                                              ],
                                                              [
                                                                  -115.1955921,
                                                                  36.1301699
                                                              ],
                                                              [
                                                                  -115.1958346,
                                                                  36.130158
                                                              ],
                                                              [
                                                                  -115.1961419,
                                                                  36.1301488
                                                              ],
                                                              [
                                                                  -115.1963888,
                                                                  36.1301483
                                                              ],
                                                              [
                                                                  -115.1967173,
                                                                  36.1301528
                                                              ],
                                                              [
                                                                  -115.1969336,
                                                                  36.1301423
                                                              ],
                                                              [
                                                                  -115.1972089,
                                                                  36.1301277
                                                              ],
                                                              [
                                                                  -115.1974333,
                                                                  36.1301209
                                                              ],
                                                              [
                                                                  -115.1977277,
                                                                  36.1301128
                                                              ],
                                                              [
                                                                  -115.198006,
                                                                  36.1300936
                                                              ],
                                                              [
                                                                  -115.1981061,
                                                                  36.1300836
                                                              ],
                                                              [
                                                                  -115.1982522,
                                                                  36.1300885
                                                              ],
                                                              [
                                                                  -115.1985167,
                                                                  36.1300799
                                                              ],
                                                              [
                                                                  -115.1987203,
                                                                  36.1300836
                                                              ],
                                                              [
                                                                  -115.1991161,
                                                                  36.1300636
                                                              ],
                                                              [
                                                                  -115.1993996,
                                                                  36.1300707
                                                              ],
                                                              [
                                                                  -115.1995803,
                                                                  36.130071
                                                              ],
                                                              [
                                                                  -115.1997096,
                                                                  36.1300813
                                                              ],
                                                              [
                                                                  -115.1998402,
                                                                  36.1301058
                                                              ],
                                                              [
                                                                  -115.2001739,
                                                                  36.1301032
                                                              ],
                                                              [
                                                                  -115.2003792,
                                                                  36.1301016
                                                              ],
                                                              [
                                                                  -115.2006707,
                                                                  36.1301005
                                                              ],
                                                              [
                                                                  -115.2009257,
                                                                  36.1300988
                                                              ],
                                                              [
                                                                  -115.201362,
                                                                  36.1300688
                                                              ],
                                                              [
                                                                  -115.2017361,
                                                                  36.1300699
                                                              ],
                                                              [
                                                                  -115.2022097,
                                                                  36.1300721
                                                              ],
                                                              [
                                                                  -115.2024807,
                                                                  36.1300721
                                                              ],
                                                              [
                                                                  -115.2027714,
                                                                  36.1300688
                                                              ],
                                                              [
                                                                  -115.2030813,
                                                                  36.1300699
                                                              ],
                                                              [
                                                                  -115.2033565,
                                                                  36.1300656
                                                              ],
                                                              [
                                                                  -115.2035996,
                                                                  36.1300607
                                                              ],
                                                              [
                                                                  -115.2038418,
                                                                  36.1300601
                                                              ],
                                                              [
                                                                  -115.204183,
                                                                  36.1300568
                                                              ],
                                                              [
                                                                  -115.2045892,
                                                                  36.1300561
                                                              ],
                                                              [
                                                                  -115.2049261,
                                                                  36.1300577
                                                              ],
                                                              [
                                                                  -115.205281,
                                                                  36.1300642
                                                              ],
                                                              [
                                                                  -115.2056306,
                                                                  36.1300604
                                                              ],
                                                              [
                                                                  -115.2059714,
                                                                  36.130055
                                                              ],
                                                              [
                                                                  -115.2063554,
                                                                  36.1300528
                                                              ],
                                                              [
                                                                  -115.2066648,
                                                                  36.1300469
                                                              ],
                                                              [
                                                                  -115.2069691,
                                                                  36.1300415
                                                              ],
                                                              [
                                                                  -115.2071129,
                                                                  36.1300422
                                                              ],
                                                              [
                                                                  -115.2072567,
                                                                  36.1300558
                                                              ],
                                                              [
                                                                  -115.2073542,
                                                                  36.1300721
                                                              ],
                                                              [
                                                                  -115.207453,
                                                                  36.130071
                                                              ],
                                                              [
                                                                  -115.2075801,
                                                                  36.1300655
                                                              ],
                                                              [
                                                                  -115.2077099,
                                                                  36.1300458
                                                              ],
                                                              [
                                                                  -115.2079781,
                                                                  36.1300347
                                                              ],
                                                              [
                                                                  -115.2082353,
                                                                  36.1300231
                                                              ],
                                                              [
                                                                  -115.2085056,
                                                                  36.130015
                                                              ],
                                                              [
                                                                  -115.2087894,
                                                                  36.1300069
                                                              ],
                                                              [
                                                                  -115.2090913,
                                                                  36.129999
                                                              ],
                                                              [
                                                                  -115.2093245,
                                                                  36.1299645
                                                              ],
                                                              [
                                                                  -115.2096355,
                                                                  36.1299446
                                                              ],
                                                              [
                                                                  -115.2099077,
                                                                  36.1299292
                                                              ],
                                                              [
                                                                  -115.2102014,
                                                                  36.1299111
                                                              ],
                                                              [
                                                                  -115.2104734,
                                                                  36.1298953
                                                              ],
                                                              [
                                                                  -115.2107454,
                                                                  36.1298784
                                                              ],
                                                              [
                                                                  -115.2111422,
                                                                  36.1298543
                                                              ],
                                                              [
                                                                  -115.2115457,
                                                                  36.1298302
                                                              ],
                                                              [
                                                                  -115.2119485,
                                                                  36.129806
                                                              ],
                                                              [
                                                                  -115.2123554,
                                                                  36.1297906
                                                              ],
                                                              [
                                                                  -115.2127254,
                                                                  36.1297749
                                                              ],
                                                              [
                                                                  -115.2131241,
                                                                  36.1297506
                                                              ],
                                                              [
                                                                  -115.2133917,
                                                                  36.1297314
                                                              ],
                                                              [
                                                                  -115.2137707,
                                                                  36.1297159
                                                              ],
                                                              [
                                                                  -115.2141511,
                                                                  36.1296971
                                                              ],
                                                              [
                                                                  -115.2144854,
                                                                  36.1296781
                                                              ],
                                                              [
                                                                  -115.214886,
                                                                  36.1296591
                                                              ],
                                                              [
                                                                  -115.2151446,
                                                                  36.1296436
                                                              ],
                                                              [
                                                                  -115.2154046,
                                                                  36.1296281
                                                              ],
                                                              [
                                                                  -115.2156961,
                                                                  36.1296136
                                                              ],
                                                              [
                                                                  -115.21589,
                                                                  36.1296033
                                                              ],
                                                              [
                                                                  -115.2161013,
                                                                  36.1295919
                                                              ],
                                                              [
                                                                  -115.2165214,
                                                                  36.1295676
                                                              ],
                                                              [
                                                                  -115.2167261,
                                                                  36.1295565
                                                              ],
                                                              [
                                                                  -115.217061,
                                                                  36.1295406
                                                              ],
                                                              [
                                                                  -115.2174054,
                                                                  36.1295219
                                                              ],
                                                              [
                                                                  -115.2177247,
                                                                  36.129506
                                                              ],
                                                              [
                                                                  -115.2180647,
                                                                  36.1294914
                                                              ],
                                                              [
                                                                  -115.2183943,
                                                                  36.1294759
                                                              ],
                                                              [
                                                                  -115.2186636,
                                                                  36.1294581
                                                              ],
                                                              [
                                                                  -115.2189503,
                                                                  36.1294438
                                                              ],
                                                              [
                                                                  -115.2193171,
                                                                  36.1294253
                                                              ],
                                                              [
                                                                  -115.2196208,
                                                                  36.1294079
                                                              ],
                                                              [
                                                                  -115.2198258,
                                                                  36.1294095
                                                              ],
                                                              [
                                                                  -115.2200295,
                                                                  36.1293982
                                                              ],
                                                              [
                                                                  -115.2203787,
                                                                  36.1293818
                                                              ],
                                                              [
                                                                  -115.2207493,
                                                                  36.1293622
                                                              ],
                                                              [
                                                                  -115.2211275,
                                                                  36.129343
                                                              ],
                                                              [
                                                                  -115.2215125,
                                                                  36.1293239
                                                              ],
                                                              [
                                                                  -115.2219162,
                                                                  36.1293025
                                                              ],
                                                              [
                                                                  -115.2223394,
                                                                  36.1292784
                                                              ],
                                                              [
                                                                  -115.2226667,
                                                                  36.129263
                                                              ],
                                                              [
                                                                  -115.2229256,
                                                                  36.1292501
                                                              ],
                                                              [
                                                                  -115.2232742,
                                                                  36.1292328
                                                              ],
                                                              [
                                                                  -115.2237233,
                                                                  36.1292068
                                                              ],
                                                              [
                                                                  -115.2239626,
                                                                  36.1291962
                                                              ],
                                                              [
                                                                  -115.2244226,
                                                                  36.1291739
                                                              ],
                                                              [
                                                                  -115.2248975,
                                                                  36.1291548
                                                              ],
                                                              [
                                                                  -115.2251876,
                                                                  36.129154
                                                              ],
                                                              [
                                                                  -115.2257535,
                                                                  36.1291597
                                                              ],
                                                              [
                                                                  -115.2261061,
                                                                  36.1291629
                                                              ],
                                                              [
                                                                  -115.2264298,
                                                                  36.1291714
                                                              ],
                                                              [
                                                                  -115.2267354,
                                                                  36.1291746
                                                              ],
                                                              [
                                                                  -115.2271323,
                                                                  36.1291879
                                                              ],
                                                              [
                                                                  -115.2274225,
                                                                  36.1291946
                                                              ],
                                                              [
                                                                  -115.2277154,
                                                                  36.1292014
                                                              ],
                                                              [
                                                                  -115.2281662,
                                                                  36.1292092
                                                              ],
                                                              [
                                                                  -115.2286686,
                                                                  36.1292214
                                                              ],
                                                              [
                                                                  -115.2292261,
                                                                  36.1292368
                                                              ],
                                                              [
                                                                  -115.2297273,
                                                                  36.1292463
                                                              ],
                                                              [
                                                                  -115.2302941,
                                                                  36.1292536
                                                              ],
                                                              [
                                                                  -115.2305709,
                                                                  36.1292586
                                                              ],
                                                              [
                                                                  -115.2308638,
                                                                  36.1292636
                                                              ],
                                                              [
                                                                  -115.231245,
                                                                  36.1292755
                                                              ],
                                                              [
                                                                  -115.2317267,
                                                                  36.1292844
                                                              ],
                                                              [
                                                                  -115.2322027,
                                                                  36.1292922
                                                              ],
                                                              [
                                                                  -115.2326465,
                                                                  36.1293022
                                                              ],
                                                              [
                                                                  -115.2330614,
                                                                  36.1292862
                                                              ],
                                                              [
                                                                  -115.2334054,
                                                                  36.1292919
                                                              ],
                                                              [
                                                                  -115.2337054,
                                                                  36.1292919
                                                              ],
                                                              [
                                                                  -115.2340131,
                                                                  36.1293041
                                                              ],
                                                              [
                                                                  -115.2340387,
                                                                  36.1291736
                                                              ],
                                                              [
                                                                  -115.2340429,
                                                                  36.1290281
                                                              ],
                                                              [
                                                                  -115.2340485,
                                                                  36.1286795
                                                              ],
                                                              [
                                                                  -115.2340499,
                                                                  36.1283864
                                                              ],
                                                              [
                                                                  -115.2340499,
                                                                  36.1280705
                                                              ],
                                                              [
                                                                  -115.2340506,
                                                                  36.1277508
                                                              ],
                                                              [
                                                                  -115.2340445,
                                                                  36.1274365
                                                              ],
                                                              [
                                                                  -115.2340365,
                                                                  36.1270567
                                                              ],
                                                              [
                                                                  -115.2340371,
                                                                  36.1268037
                                                              ],
                                                              [
                                                                  -115.2340378,
                                                                  36.1264942
                                                              ],
                                                              [
                                                                  -115.2340365,
                                                                  36.1260587
                                                              ],
                                                              [
                                                                  -115.2340378,
                                                                  36.1256276
                                                              ],
                                                              [
                                                                  -115.2340328,
                                                                  36.1253161
                                                              ],
                                                              [
                                                                  -115.2340372,
                                                                  36.1250894
                                                              ],
                                                              [
                                                                  -115.2340332,
                                                                  36.1247629
                                                              ],
                                                              [
                                                                  -115.2340295,
                                                                  36.1243182
                                                              ],
                                                              [
                                                                  -115.2340237,
                                                                  36.124033
                                                              ],
                                                              [
                                                                  -115.2340279,
                                                                  36.1237885
                                                              ],
                                                              [
                                                                  -115.2340279,
                                                                  36.1235797
                                                              ],
                                                              [
                                                                  -115.2340279,
                                                                  36.1233762
                                                              ],
                                                              [
                                                                  -115.2340279,
                                                                  36.1231176
                                                              ],
                                                              [
                                                                  -115.2340239,
                                                                  36.1228361
                                                              ],
                                                              [
                                                                  -115.2340212,
                                                                  36.1226121
                                                              ],
                                                              [
                                                                  -115.2340025,
                                                                  36.1224711
                                                              ],
                                                              [
                                                                  -115.2339864,
                                                                  36.1223345
                                                              ],
                                                              [
                                                                  -115.2339837,
                                                                  36.1221142
                                                              ],
                                                              [
                                                                  -115.233981,
                                                                  36.1218857
                                                              ],
                                                              [
                                                                  -115.233991,
                                                                  36.1216954
                                                              ],
                                                              [
                                                                  -115.2339876,
                                                                  36.1215294
                                                              ],
                                                              [
                                                                  -115.2339897,
                                                                  36.1213797
                                                              ],
                                                              [
                                                                  -115.2339897,
                                                                  36.1212024
                                                              ],
                                                              [
                                                                  -115.2339893,
                                                                  36.1210587
                                                              ],
                                                              [
                                                                  -115.2339918,
                                                                  36.1209664
                                                              ],
                                                              [
                                                                  -115.233989,
                                                                  36.1208655
                                                              ],
                                                              [
                                                                  -115.2339897,
                                                                  36.1207215
                                                              ],
                                                              [
                                                                  -115.233989,
                                                                  36.1205824
                                                              ],
                                                              [
                                                                  -115.2339883,
                                                                  36.120445
                                                              ],
                                                              [
                                                                  -115.233987,
                                                                  36.1203183
                                                              ],
                                                              [
                                                                  -115.2339856,
                                                                  36.1201727
                                                              ],
                                                              [
                                                                  -115.2339873,
                                                                  36.1200187
                                                              ],
                                                              [
                                                                  -115.2340043,
                                                                  36.1198861
                                                              ],
                                                              [
                                                                  -115.2339983,
                                                                  36.1197535
                                                              ],
                                                              [
                                                                  -115.2339957,
                                                                  36.1196273
                                                              ],
                                                              [
                                                                  -115.2339937,
                                                                  36.1195399
                                                              ],
                                                              [
                                                                  -115.2339906,
                                                                  36.1194114
                                                              ],
                                                              [
                                                                  -115.2339875,
                                                                  36.1192862
                                                              ],
                                                              [
                                                                  -115.2339843,
                                                                  36.1191491
                                                              ],
                                                              [
                                                                  -115.2339818,
                                                                  36.1190644
                                                              ],
                                                              [
                                                                  -115.2339794,
                                                                  36.118976
                                                              ],
                                                              [
                                                                  -115.2339756,
                                                                  36.1188493
                                                              ],
                                                              [
                                                                  -115.2339741,
                                                                  36.1187213
                                                              ],
                                                              [
                                                                  -115.2339775,
                                                                  36.1185541
                                                              ],
                                                              [
                                                                  -115.2339803,
                                                                  36.1184326
                                                              ],
                                                              [
                                                                  -115.2339798,
                                                                  36.1183151
                                                              ],
                                                              [
                                                                  -115.2339941,
                                                                  36.1182112
                                                              ],
                                                              [
                                                                  -115.2339813,
                                                                  36.1180734
                                                              ],
                                                              [
                                                                  -115.2339792,
                                                                  36.1179373
                                                              ],
                                                              [
                                                                  -115.2339794,
                                                                  36.1177684
                                                              ],
                                                              [
                                                                  -115.2339799,
                                                                  36.1176712
                                                              ],
                                                              [
                                                                  -115.2339783,
                                                                  36.1175719
                                                              ],
                                                              [
                                                                  -115.233979,
                                                                  36.1174305
                                                              ],
                                                              [
                                                                  -115.233977,
                                                                  36.1173132
                                                              ],
                                                              [
                                                                  -115.2339773,
                                                                  36.1172014
                                                              ],
                                                              [
                                                                  -115.2339748,
                                                                  36.1170562
                                                              ],
                                                              [
                                                                  -115.2339766,
                                                                  36.1169033
                                                              ],
                                                              [
                                                                  -115.2339757,
                                                                  36.1167611
                                                              ],
                                                              [
                                                                  -115.2339748,
                                                                  36.1166233
                                                              ],
                                                              [
                                                                  -115.2339749,
                                                                  36.1164724
                                                              ],
                                                              [
                                                                  -115.233973,
                                                                  36.1163284
                                                              ],
                                                              [
                                                                  -115.2339727,
                                                                  36.1162235
                                                              ],
                                                              [
                                                                  -115.2339723,
                                                                  36.1161115
                                                              ],
                                                              [
                                                                  -115.2339733,
                                                                  36.1159516
                                                              ],
                                                              [
                                                                  -115.2339761,
                                                                  36.1158519
                                                              ],
                                                              [
                                                                  -115.2339797,
                                                                  36.1157421
                                                              ],
                                                              [
                                                                  -115.2340058,
                                                                  36.1156329
                                                              ],
                                                              [
                                                                  -115.2340052,
                                                                  36.1154983
                                                              ],
                                                              [
                                                                  -115.2340062,
                                                                  36.1153763
                                                              ],
                                                              [
                                                                  -115.2340045,
                                                                  36.1152808
                                                              ],
                                                              [
                                                                  -115.2340034,
                                                                  36.1152016
                                                              ],
                                                              [
                                                                  -115.2340022,
                                                                  36.1151262
                                                              ],
                                                              [
                                                                  -115.2340015,
                                                                  36.1150362
                                                              ],
                                                              [
                                                                  -115.2340022,
                                                                  36.1149526
                                                              ],
                                                              [
                                                                  -115.2340035,
                                                                  36.114868
                                                              ],
                                                              [
                                                                  -115.234006,
                                                                  36.11476
                                                              ],
                                                              [
                                                                  -115.2340042,
                                                                  36.1146021
                                                              ],
                                                              [
                                                                  -115.2340005,
                                                                  36.1144389
                                                              ],
                                                              [
                                                                  -115.2340062,
                                                                  36.1142973
                                                              ],
                                                              [
                                                                  -115.2340069,
                                                                  36.1142163
                                                              ],
                                                              [
                                                                  -115.2340077,
                                                                  36.1141374
                                                              ],
                                                              [
                                                                  -115.2340054,
                                                                  36.1140115
                                                              ],
                                                              [
                                                                  -115.2340046,
                                                                  36.11392
                                                              ],
                                                              [
                                                                  -115.2340061,
                                                                  36.1138313
                                                              ],
                                                              [
                                                                  -115.2340076,
                                                                  36.113726
                                                              ],
                                                              [
                                                                  -115.234009,
                                                                  36.1136239
                                                              ],
                                                              [
                                                                  -115.2340095,
                                                                  36.1135423
                                                              ],
                                                              [
                                                                  -115.2340101,
                                                                  36.1134628
                                                              ],
                                                              [
                                                                  -115.234009,
                                                                  36.1133321
                                                              ],
                                                              [
                                                                  -115.2340094,
                                                                  36.1132601
                                                              ],
                                                              [
                                                                  -115.2340098,
                                                                  36.1131838
                                                              ],
                                                              [
                                                                  -115.2340159,
                                                                  36.1131021
                                                              ],
                                                              [
                                                                  -115.2340162,
                                                                  36.1130649
                                                              ],
                                                              [
                                                                  -115.2340165,
                                                                  36.1129881
                                                              ],
                                                              [
                                                                  -115.2340172,
                                                                  36.1128582
                                                              ],
                                                              [
                                                                  -115.2340179,
                                                                  36.1127421
                                                              ],
                                                              [
                                                                  -115.2340182,
                                                                  36.1126835
                                                              ],
                                                              [
                                                                  -115.2340179,
                                                                  36.1126227
                                                              ],
                                                              [
                                                                  -115.2340207,
                                                                  36.112554
                                                              ],
                                                              [
                                                                  -115.2340229,
                                                                  36.1124744
                                                              ],
                                                              [
                                                                  -115.2340224,
                                                                  36.1123971
                                                              ],
                                                              [
                                                                  -115.2340222,
                                                                  36.112301
                                                              ],
                                                              [
                                                                  -115.2340226,
                                                                  36.1122054
                                                              ],
                                                              [
                                                                  -115.2340249,
                                                                  36.1120698
                                                              ],
                                                              [
                                                                  -115.2340249,
                                                                  36.1119396
                                                              ],
                                                              [
                                                                  -115.2340257,
                                                                  36.1118097
                                                              ],
                                                              [
                                                                  -115.2340265,
                                                                  36.1116676
                                                              ],
                                                              [
                                                                  -115.234028,
                                                                  36.1115981
                                                              ],
                                                              [
                                                                  -115.2340296,
                                                                  36.1115325
                                                              ],
                                                              [
                                                                  -115.2340313,
                                                                  36.1114387
                                                              ],
                                                              [
                                                                  -115.2340331,
                                                                  36.1113335
                                                              ],
                                                              [
                                                                  -115.2340333,
                                                                  36.1112456
                                                              ],
                                                              [
                                                                  -115.2340328,
                                                                  36.111136
                                                              ],
                                                              [
                                                                  -115.234032,
                                                                  36.1110106
                                                              ],
                                                              [
                                                                  -115.2340353,
                                                                  36.1108941
                                                              ],
                                                              [
                                                                  -115.2340376,
                                                                  36.1107781
                                                              ],
                                                              [
                                                                  -115.2340393,
                                                                  36.1106015
                                                              ],
                                                              [
                                                                  -115.2340411,
                                                                  36.1104308
                                                              ],
                                                              [
                                                                  -115.2340426,
                                                                  36.1102833
                                                              ],
                                                              [
                                                                  -115.2340442,
                                                                  36.110138
                                                              ],
                                                              [
                                                                  -115.234045,
                                                                  36.1100607
                                                              ],
                                                              [
                                                                  -115.2340457,
                                                                  36.1099813
                                                              ],
                                                              [
                                                                  -115.234045,
                                                                  36.1099118
                                                              ],
                                                              [
                                                                  -115.2340463,
                                                                  36.109839
                                                              ],
                                                              [
                                                                  -115.2340453,
                                                                  36.1097252
                                                              ],
                                                              [
                                                                  -115.2340449,
                                                                  36.1096071
                                                              ],
                                                              [
                                                                  -115.2340469,
                                                                  36.1094771
                                                              ],
                                                              [
                                                                  -115.2340471,
                                                                  36.1093472
                                                              ],
                                                              [
                                                                  -115.2340472,
                                                                  36.1092321
                                                              ],
                                                              [
                                                                  -115.2340483,
                                                                  36.1091224
                                                              ],
                                                              [
                                                                  -115.2340497,
                                                                  36.1090498
                                                              ],
                                                              [
                                                                  -115.2340512,
                                                                  36.1089658
                                                              ],
                                                              [
                                                                  -115.2340526,
                                                                  36.1088935
                                                              ],
                                                              [
                                                                  -115.2340541,
                                                                  36.1088135
                                                              ],
                                                              [
                                                                  -115.2340537,
                                                                  36.1087056
                                                              ],
                                                              [
                                                                  -115.2340541,
                                                                  36.108604
                                                              ],
                                                              [
                                                                  -115.2340554,
                                                                  36.108492
                                                              ],
                                                              [
                                                                  -115.2340563,
                                                                  36.1083813
                                                              ],
                                                              [
                                                                  -115.234056,
                                                                  36.1082959
                                                              ],
                                                              [
                                                                  -115.2340558,
                                                                  36.1082115
                                                              ],
                                                              [
                                                                  -115.2340548,
                                                                  36.1080922
                                                              ],
                                                              [
                                                                  -115.2340561,
                                                                  36.1079735
                                                              ],
                                                              [
                                                                  -115.2340563,
                                                                  36.1078306
                                                              ],
                                                              [
                                                                  -115.2340579,
                                                                  36.1076979
                                                              ],
                                                              [
                                                                  -115.2340611,
                                                                  36.1075738
                                                              ],
                                                              [
                                                                  -115.2340643,
                                                                  36.1074523
                                                              ],
                                                              [
                                                                  -115.2340648,
                                                                  36.1072959
                                                              ],
                                                              [
                                                                  -115.2340673,
                                                                  36.1071414
                                                              ],
                                                              [
                                                                  -115.2340632,
                                                                  36.1070362
                                                              ],
                                                              [
                                                                  -115.2340659,
                                                                  36.1069315
                                                              ],
                                                              [
                                                                  -115.2340668,
                                                                  36.1068168
                                                              ],
                                                              [
                                                                  -115.2340718,
                                                                  36.1067078
                                                              ],
                                                              [
                                                                  -115.234073,
                                                                  36.1066142
                                                              ],
                                                              [
                                                                  -115.2340742,
                                                                  36.106527
                                                              ],
                                                              [
                                                                  -115.2340754,
                                                                  36.1064377
                                                              ],
                                                              [
                                                                  -115.2340765,
                                                                  36.1063521
                                                              ],
                                                              [
                                                                  -115.234077,
                                                                  36.1062735
                                                              ],
                                                              [
                                                                  -115.2340775,
                                                                  36.1062013
                                                              ],
                                                              [
                                                                  -115.2340797,
                                                                  36.1060766
                                                              ],
                                                              [
                                                                  -115.2340779,
                                                                  36.1059435
                                                              ],
                                                              [
                                                                  -115.2340791,
                                                                  36.105849
                                                              ],
                                                              [
                                                                  -115.2340804,
                                                                  36.1057599
                                                              ],
                                                              [
                                                                  -115.2340823,
                                                                  36.1056683
                                                              ],
                                                              [
                                                                  -115.2340822,
                                                                  36.1055816
                                                              ],
                                                              [
                                                                  -115.234083,
                                                                  36.1054922
                                                              ],
                                                              [
                                                                  -115.2340837,
                                                                  36.1053995
                                                              ],
                                                              [
                                                                  -115.2340865,
                                                                  36.105225
                                                              ],
                                                              [
                                                                  -115.2340875,
                                                                  36.1050551
                                                              ],
                                                              [
                                                                  -115.2340885,
                                                                  36.104889
                                                              ],
                                                              [
                                                                  -115.2340905,
                                                                  36.1047381
                                                              ],
                                                              [
                                                                  -115.2340908,
                                                                  36.1046139
                                                              ],
                                                              [
                                                                  -115.2340918,
                                                                  36.1045027
                                                              ],
                                                              [
                                                                  -115.2340939,
                                                                  36.104358
                                                              ],
                                                              [
                                                                  -115.234096,
                                                                  36.1042177
                                                              ],
                                                              [
                                                                  -115.2340981,
                                                                  36.104073
                                                              ],
                                                              [
                                                                  -115.2341002,
                                                                  36.1039359
                                                              ],
                                                              [
                                                                  -115.2341008,
                                                                  36.1037877
                                                              ],
                                                              [
                                                                  -115.2341014,
                                                                  36.1036422
                                                              ],
                                                              [
                                                                  -115.2341009,
                                                                  36.1034842
                                                              ],
                                                              [
                                                                  -115.2341031,
                                                                  36.103393
                                                              ],
                                                              [
                                                                  -115.2341039,
                                                                  36.1033067
                                                              ],
                                                              [
                                                                  -115.2341069,
                                                                  36.1031652
                                                              ],
                                                              [
                                                                  -115.2341084,
                                                                  36.103044
                                                              ],
                                                              [
                                                                  -115.2341099,
                                                                  36.102941
                                                              ],
                                                              [
                                                                  -115.2341125,
                                                                  36.1027812
                                                              ],
                                                              [
                                                                  -115.2341145,
                                                                  36.1025923
                                                              ],
                                                              [
                                                                  -115.2341142,
                                                                  36.1024593
                                                              ],
                                                              [
                                                                  -115.2341197,
                                                                  36.1017928
                                                              ],
                                                              [
                                                                  -115.2341219,
                                                                  36.1016642
                                                              ],
                                                              [
                                                                  -115.2341248,
                                                                  36.101547
                                                              ],
                                                              [
                                                                  -115.2341247,
                                                                  36.1014514
                                                              ],
                                                              [
                                                                  -115.2341247,
                                                                  36.1013596
                                                              ],
                                                              [
                                                                  -115.2341279,
                                                                  36.1012321
                                                              ],
                                                              [
                                                                  -115.2341255,
                                                                  36.1011111
                                                              ],
                                                              [
                                                                  -115.2341253,
                                                                  36.1010009
                                                              ],
                                                              [
                                                                  -115.2341259,
                                                                  36.1008849
                                                              ],
                                                              [
                                                                  -115.2341251,
                                                                  36.1007684
                                                              ],
                                                              [
                                                                  -115.2341285,
                                                                  36.1006226
                                                              ],
                                                              [
                                                                  -115.2341288,
                                                                  36.1005148
                                                              ],
                                                              [
                                                                  -115.2341312,
                                                                  36.1004048
                                                              ],
                                                              [
                                                                  -115.234133,
                                                                  36.1002885
                                                              ],
                                                              [
                                                                  -115.2341342,
                                                                  36.1001759
                                                              ],
                                                              [
                                                                  -115.2341344,
                                                                  36.1000256
                                                              ],
                                                              [
                                                                  -115.2341344,
                                                                  36.0999118
                                                              ],
                                                              [
                                                                  -115.2341349,
                                                                  36.0998007
                                                              ],
                                                              [
                                                                  -115.2341422,
                                                                  36.0997029
                                                              ],
                                                              [
                                                                  -115.2341447,
                                                                  36.0996062
                                                              ],
                                                              [
                                                                  -115.2341426,
                                                                  36.0994766
                                                              ],
                                                              [
                                                                  -115.2341405,
                                                                  36.0993603
                                                              ],
                                                              [
                                                                  -115.2341395,
                                                                  36.0992378
                                                              ],
                                                              [
                                                                  -115.23414,
                                                                  36.099129
                                                              ],
                                                              [
                                                                  -115.2341382,
                                                                  36.0990218
                                                              ],
                                                              [
                                                                  -115.234138,
                                                                  36.0988792
                                                              ],
                                                              [
                                                                  -115.2341395,
                                                                  36.0987535
                                                              ],
                                                              [
                                                                  -115.2341398,
                                                                  36.0986733
                                                              ],
                                                              [
                                                                  -115.23414,
                                                                  36.0985958
                                                              ],
                                                              [
                                                                  -115.2341402,
                                                                  36.098501
                                                              ],
                                                              [
                                                                  -115.2341403,
                                                                  36.0984089
                                                              ],
                                                              [
                                                                  -115.2341374,
                                                                  36.0982886
                                                              ],
                                                              [
                                                                  -115.2341372,
                                                                  36.0981656
                                                              ],
                                                              [
                                                                  -115.2341374,
                                                                  36.0980809
                                                              ],
                                                              [
                                                                  -115.2341369,
                                                                  36.0980011
                                                              ],
                                                              [
                                                                  -115.2341367,
                                                                  36.0979205
                                                              ],
                                                              [
                                                                  -115.2341365,
                                                                  36.0978431
                                                              ],
                                                              [
                                                                  -115.2341379,
                                                                  36.0976965
                                                              ],
                                                              [
                                                                  -115.234137,
                                                                  36.0976109
                                                              ],
                                                              [
                                                                  -115.2341355,
                                                                  36.0975336
                                                              ],
                                                              [
                                                                  -115.2341367,
                                                                  36.0973966
                                                              ],
                                                              [
                                                                  -115.2341365,
                                                                  36.0972692
                                                              ],
                                                              [
                                                                  -115.2341359,
                                                                  36.0971506
                                                              ],
                                                              [
                                                                  -115.2341379,
                                                                  36.0970508
                                                              ],
                                                              [
                                                                  -115.234139,
                                                                  36.0969478
                                                              ],
                                                              [
                                                                  -115.2341401,
                                                                  36.0968481
                                                              ],
                                                              [
                                                                  -115.2341405,
                                                                  36.0967478
                                                              ],
                                                              [
                                                                  -115.2341409,
                                                                  36.0966497
                                                              ],
                                                              [
                                                                  -115.2341408,
                                                                  36.0965551
                                                              ],
                                                              [
                                                                  -115.2341407,
                                                                  36.0964627
                                                              ],
                                                              [
                                                                  -115.2341386,
                                                                  36.0963166
                                                              ],
                                                              [
                                                                  -115.2341355,
                                                                  36.0961844
                                                              ],
                                                              [
                                                                  -115.2341388,
                                                                  36.0961115
                                                              ],
                                                              [
                                                                  -115.2341421,
                                                                  36.0960315
                                                              ],
                                                              [
                                                                  -115.2341442,
                                                                  36.095954
                                                              ],
                                                              [
                                                                  -115.2341426,
                                                                  36.0958674
                                                              ],
                                                              [
                                                                  -115.2341409,
                                                                  36.0957819
                                                              ],
                                                              [
                                                                  -115.2341422,
                                                                  36.095705
                                                              ],
                                                              [
                                                                  -115.2341434,
                                                                  36.0956287
                                                              ],
                                                              [
                                                                  -115.2341422,
                                                                  36.0955192
                                                              ],
                                                              [
                                                                  -115.2341434,
                                                                  36.0954155
                                                              ],
                                                              [
                                                                  -115.2341426,
                                                                  36.0953157
                                                              ],
                                                              [
                                                                  -115.2341431,
                                                                  36.0952064
                                                              ],
                                                              [
                                                                  -115.2341436,
                                                                  36.0951014
                                                              ],
                                                              [
                                                                  -115.2341441,
                                                                  36.0949929
                                                              ],
                                                              [
                                                                  -115.2341446,
                                                                  36.0948881
                                                              ],
                                                              [
                                                                  -115.2341446,
                                                                  36.0947695
                                                              ],
                                                              [
                                                                  -115.2341446,
                                                                  36.0946557
                                                              ],
                                                              [
                                                                  -115.2341458,
                                                                  36.0945949
                                                              ],
                                                              [
                                                                  -115.2341469,
                                                                  36.0945394
                                                              ],
                                                              [
                                                                  -115.2341486,
                                                                  36.0944289
                                                              ],
                                                              [
                                                                  -115.2341491,
                                                                  36.0943141
                                                              ],
                                                              [
                                                                  -115.2341496,
                                                                  36.0942042
                                                              ],
                                                              [
                                                                  -115.2341484,
                                                                  36.094122
                                                              ],
                                                              [
                                                                  -115.2341471,
                                                                  36.0940436
                                                              ],
                                                              [
                                                                  -115.2341479,
                                                                  36.0939683
                                                              ],
                                                              [
                                                                  -115.234148,
                                                                  36.0938995
                                                              ],
                                                              [
                                                                  -115.2341462,
                                                                  36.093748
                                                              ],
                                                              [
                                                                  -115.2341443,
                                                                  36.0936025
                                                              ],
                                                              [
                                                                  -115.2341446,
                                                                  36.0935102
                                                              ],
                                                              [
                                                                  -115.2341448,
                                                                  36.0934201
                                                              ],
                                                              [
                                                                  -115.2341434,
                                                                  36.0932869
                                                              ],
                                                              [
                                                                  -115.2341443,
                                                                  36.0931543
                                                              ],
                                                              [
                                                                  -115.2341421,
                                                                  36.0930005
                                                              ],
                                                              [
                                                                  -115.2341446,
                                                                  36.0928603
                                                              ],
                                                              [
                                                                  -115.234148,
                                                                  36.0927711
                                                              ],
                                                              [
                                                                  -115.23415,
                                                                  36.0926916
                                                              ],
                                                              [
                                                                  -115.2341513,
                                                                  36.0925859
                                                              ],
                                                              [
                                                                  -115.234152,
                                                                  36.092491
                                                              ],
                                                              [
                                                                  -115.2341395,
                                                                  36.092385
                                                              ],
                                                              [
                                                                  -115.2341427,
                                                                  36.0922524
                                                              ],
                                                              [
                                                                  -115.2341462,
                                                                  36.092117
                                                              ],
                                                              [
                                                                  -115.2341459,
                                                                  36.0920151
                                                              ],
                                                              [
                                                                  -115.2341467,
                                                                  36.0918683
                                                              ],
                                                              [
                                                                  -115.2341475,
                                                                  36.0917236
                                                              ],
                                                              [
                                                                  -115.2341476,
                                                                  36.0916435
                                                              ],
                                                              [
                                                                  -115.2341477,
                                                                  36.0915666
                                                              ],
                                                              [
                                                                  -115.234148,
                                                                  36.0914822
                                                              ],
                                                              [
                                                                  -115.2341482,
                                                                  36.0914027
                                                              ],
                                                              [
                                                                  -115.2341479,
                                                                  36.0913172
                                                              ],
                                                              [
                                                                  -115.2341476,
                                                                  36.0912323
                                                              ],
                                                              [
                                                                  -115.2341473,
                                                                  36.0911506
                                                              ],
                                                              [
                                                                  -115.234147,
                                                                  36.0910716
                                                              ],
                                                              [
                                                                  -115.2341478,
                                                                  36.0909608
                                                              ],
                                                              [
                                                                  -115.2341451,
                                                                  36.0908388
                                                              ],
                                                              [
                                                                  -115.2341425,
                                                                  36.0907114
                                                              ],
                                                              [
                                                                  -115.2341455,
                                                                  36.0905871
                                                              ],
                                                              [
                                                                  -115.2341499,
                                                                  36.0904621
                                                              ],
                                                              [
                                                                  -115.2341479,
                                                                  36.0903456
                                                              ],
                                                              [
                                                                  -115.2341482,
                                                                  36.0902522
                                                              ],
                                                              [
                                                                  -115.2341488,
                                                                  36.0901724
                                                              ],
                                                              [
                                                                  -115.2341487,
                                                                  36.0900856
                                                              ],
                                                              [
                                                                  -115.2341486,
                                                                  36.0899755
                                                              ],
                                                              [
                                                                  -115.2341486,
                                                                  36.0898627
                                                              ],
                                                              [
                                                                  -115.2341465,
                                                                  36.0897277
                                                              ],
                                                              [
                                                                  -115.2341465,
                                                                  36.0896028
                                                              ],
                                                              [
                                                                  -115.2341478,
                                                                  36.0895129
                                                              ],
                                                              [
                                                                  -115.2341492,
                                                                  36.0894294
                                                              ],
                                                              [
                                                                  -115.234149,
                                                                  36.0893536
                                                              ],
                                                              [
                                                                  -115.2341482,
                                                                  36.0892826
                                                              ],
                                                              [
                                                                  -115.2341485,
                                                                  36.0891453
                                                              ],
                                                              [
                                                                  -115.2341489,
                                                                  36.0890333
                                                              ],
                                                              [
                                                                  -115.2341514,
                                                                  36.0889141
                                                              ],
                                                              [
                                                                  -115.2341568,
                                                                  36.0887904
                                                              ],
                                                              [
                                                                  -115.2341564,
                                                                  36.0886629
                                                              ],
                                                              [
                                                                  -115.2341559,
                                                                  36.0885408
                                                              ],
                                                              [
                                                                  -115.2341558,
                                                                  36.0884166
                                                              ],
                                                              [
                                                                  -115.234155,
                                                                  36.0882983
                                                              ],
                                                              [
                                                                  -115.2341548,
                                                                  36.0881682
                                                              ],
                                                              [
                                                                  -115.2341547,
                                                                  36.0880408
                                                              ],
                                                              [
                                                                  -115.2341533,
                                                                  36.0879153
                                                              ],
                                                              [
                                                                  -115.2341528,
                                                                  36.0877798
                                                              ],
                                                              [
                                                                  -115.2341543,
                                                                  36.0876688
                                                              ],
                                                              [
                                                                  -115.2341535,
                                                                  36.08757
                                                              ],
                                                              [
                                                                  -115.2341534,
                                                                  36.0874786
                                                              ],
                                                              [
                                                                  -115.2341533,
                                                                  36.0873882
                                                              ],
                                                              [
                                                                  -115.2341521,
                                                                  36.087311
                                                              ],
                                                              [
                                                                  -115.2341509,
                                                                  36.0872361
                                                              ],
                                                              [
                                                                  -115.234152,
                                                                  36.0871342
                                                              ],
                                                              [
                                                                  -115.2341508,
                                                                  36.0870243
                                                              ],
                                                              [
                                                                  -115.2341509,
                                                                  36.0869361
                                                              ],
                                                              [
                                                                  -115.23415,
                                                                  36.0868264
                                                              ],
                                                              [
                                                                  -115.2341355,
                                                                  36.0867379
                                                              ],
                                                              [
                                                                  -115.2341213,
                                                                  36.0866853
                                                              ],
                                                              [
                                                                  -115.2341213,
                                                                  36.0866338
                                                              ],
                                                              [
                                                                  -115.2341196,
                                                                  36.0865054
                                                              ],
                                                              [
                                                                  -115.2341162,
                                                                  36.0863431
                                                              ],
                                                              [
                                                                  -115.2341129,
                                                                  36.0862541
                                                              ],
                                                              [
                                                                  -115.2341119,
                                                                  36.0861719
                                                              ],
                                                              [
                                                                  -115.2341215,
                                                                  36.0860774
                                                              ],
                                                              [
                                                                  -115.2341213,
                                                                  36.0859957
                                                              ],
                                                              [
                                                                  -115.2341242,
                                                                  36.085877
                                                              ],
                                                              [
                                                                  -115.2341277,
                                                                  36.0857697
                                                              ],
                                                              [
                                                                  -115.2341262,
                                                                  36.0857006
                                                              ],
                                                              [
                                                                  -115.2341247,
                                                                  36.0856348
                                                              ],
                                                              [
                                                                  -115.2341185,
                                                                  36.0855388
                                                              ],
                                                              [
                                                                  -115.2341131,
                                                                  36.0853955
                                                              ],
                                                              [
                                                                  -115.2341095,
                                                                  36.0853241
                                                              ],
                                                              [
                                                                  -115.2341066,
                                                                  36.0852581
                                                              ],
                                                              [
                                                                  -115.2341418,
                                                                  36.0851164
                                                              ],
                                                              [
                                                                  -115.2341348,
                                                                  36.085049
                                                              ],
                                                              [
                                                                  -115.2341278,
                                                                  36.0849832
                                                              ],
                                                              [
                                                                  -115.2341132,
                                                                  36.0848798
                                                              ],
                                                              [
                                                                  -115.2340971,
                                                                  36.0848241
                                                              ],
                                                              [
                                                                  -115.2340994,
                                                                  36.0847437
                                                              ],
                                                              [
                                                                  -115.2340786,
                                                                  36.0846678
                                                              ],
                                                              [
                                                                  -115.2340685,
                                                                  36.0845126
                                                              ],
                                                              [
                                                                  -115.2340591,
                                                                  36.0843622
                                                              ],
                                                              [
                                                                  -115.2340497,
                                                                  36.0842105
                                                              ],
                                                              [
                                                                  -115.2340403,
                                                                  36.0840599
                                                              ],
                                                              [
                                                                  -115.234034,
                                                                  36.0839064
                                                              ],
                                                              [
                                                                  -115.2340276,
                                                                  36.0837589
                                                              ],
                                                              [
                                                                  -115.2340239,
                                                                  36.0836054
                                                              ],
                                                              [
                                                                  -115.2340155,
                                                                  36.0834511
                                                              ],
                                                              [
                                                                  -115.2340093,
                                                                  36.0833334
                                                              ],
                                                              [
                                                                  -115.2340032,
                                                                  36.0832196
                                                              ],
                                                              [
                                                                  -115.233997,
                                                                  36.0831032
                                                              ],
                                                              [
                                                                  -115.2339908,
                                                                  36.0829934
                                                              ],
                                                              [
                                                                  -115.233985,
                                                                  36.0828767
                                                              ],
                                                              [
                                                                  -115.2339785,
                                                                  36.0827654
                                                              ],
                                                              [
                                                                  -115.2339723,
                                                                  36.0826533
                                                              ],
                                                              [
                                                                  -115.2339662,
                                                                  36.0825423
                                                              ],
                                                              [
                                                                  -115.233961,
                                                                  36.0824251
                                                              ],
                                                              [
                                                                  -115.2339559,
                                                                  36.0823128
                                                              ],
                                                              [
                                                                  -115.2339507,
                                                                  36.0821981
                                                              ],
                                                              [
                                                                  -115.2339455,
                                                                  36.0820871
                                                              ],
                                                              [
                                                                  -115.2339395,
                                                                  36.0819696
                                                              ],
                                                              [
                                                                  -115.2339335,
                                                                  36.0818603
                                                              ],
                                                              [
                                                                  -115.2339302,
                                                                  36.0817445
                                                              ],
                                                              [
                                                                  -115.2339285,
                                                                  36.0816292
                                                              ],
                                                              [
                                                                  -115.2339228,
                                                                  36.0815252
                                                              ],
                                                              [
                                                                  -115.2339171,
                                                                  36.0814287
                                                              ],
                                                              [
                                                                  -115.2339117,
                                                                  36.0813341
                                                              ],
                                                              [
                                                                  -115.2339057,
                                                                  36.081245
                                                              ],
                                                              [
                                                                  -115.2339,
                                                                  36.081148
                                                              ],
                                                              [
                                                                  -115.2338943,
                                                                  36.0810553
                                                              ],
                                                              [
                                                                  -115.2338885,
                                                                  36.0809586
                                                              ],
                                                              [
                                                                  -115.2338835,
                                                                  36.0808586
                                                              ],
                                                              [
                                                                  -115.2338776,
                                                                  36.0807257
                                                              ],
                                                              [
                                                                  -115.2338718,
                                                                  36.0805966
                                                              ],
                                                              [
                                                                  -115.233866,
                                                                  36.0804674
                                                              ],
                                                              [
                                                                  -115.2338602,
                                                                  36.0803427
                                                              ],
                                                              [
                                                                  -115.2338547,
                                                                  36.0802087
                                                              ],
                                                              [
                                                                  -115.2338492,
                                                                  36.0800817
                                                              ],
                                                              [
                                                                  -115.2338427,
                                                                  36.0799518
                                                              ],
                                                              [
                                                                  -115.2338415,
                                                                  36.0798235
                                                              ],
                                                              [
                                                                  -115.2338385,
                                                                  36.079755
                                                              ],
                                                              [
                                                                  -115.2338106,
                                                                  36.0792406
                                                              ],
                                                              [
                                                                  -115.2338035,
                                                                  36.0791085
                                                              ],
                                                              [
                                                                  -115.2337964,
                                                                  36.0789801
                                                              ],
                                                              [
                                                                  -115.2337889,
                                                                  36.0788488
                                                              ],
                                                              [
                                                                  -115.2337841,
                                                                  36.0787159
                                                              ],
                                                              [
                                                                  -115.2337762,
                                                                  36.0785386
                                                              ],
                                                              [
                                                                  -115.2337615,
                                                                  36.0784064
                                                              ],
                                                              [
                                                                  -115.2337468,
                                                                  36.0782752
                                                              ],
                                                              [
                                                                  -115.2337341,
                                                                  36.0781438
                                                              ],
                                                              [
                                                                  -115.2337338,
                                                                  36.078074
                                                              ],
                                                              [
                                                                  -115.2337459,
                                                                  36.0780379
                                                              ],
                                                              [
                                                                  -115.2337791,
                                                                  36.0780242
                                                              ],
                                                              [
                                                                  -115.2338123,
                                                                  36.0780148
                                                              ],
                                                              [
                                                                  -115.2339875,
                                                                  36.0780121
                                                              ],
                                                              [
                                                                  -115.2341648,
                                                                  36.0780088
                                                              ],
                                                              [
                                                                  -115.2343411,
                                                                  36.0780052
                                                              ],
                                                              [
                                                                  -115.2345147,
                                                                  36.0780016
                                                              ],
                                                              [
                                                                  -115.2346809,
                                                                  36.0779993
                                                              ],
                                                              [
                                                                  -115.2348504,
                                                                  36.0779974
                                                              ],
                                                              [
                                                                  -115.2350179,
                                                                  36.0779937
                                                              ],
                                                              [
                                                                  -115.2351857,
                                                                  36.0779927
                                                              ],
                                                              [
                                                                  -115.2353749,
                                                                  36.0779968
                                                              ],
                                                              [
                                                                  -115.2355689,
                                                                  36.0780003
                                                              ],
                                                              [
                                                                  -115.2357621,
                                                                  36.078004
                                                              ],
                                                              [
                                                                  -115.2359554,
                                                                  36.0780019
                                                              ],
                                                              [
                                                                  -115.2361536,
                                                                  36.077996
                                                              ],
                                                              [
                                                                  -115.2363599,
                                                                  36.0779884
                                                              ],
                                                              [
                                                                  -115.2365618,
                                                                  36.0779817
                                                              ],
                                                              [
                                                                  -115.2367657,
                                                                  36.077975
                                                              ],
                                                              [
                                                                  -115.2369643,
                                                                  36.0779692
                                                              ],
                                                              [
                                                                  -115.2371675,
                                                                  36.077964
                                                              ],
                                                              [
                                                                  -115.2373661,
                                                                  36.0779574
                                                              ],
                                                              [
                                                                  -115.2375764,
                                                                  36.0779565
                                                              ],
                                                              [
                                                                  -115.2378854,
                                                                  36.0779543
                                                              ],
                                                              [
                                                                  -115.2380348,
                                                                  36.0779501
                                                              ],
                                                              [
                                                                  -115.2381917,
                                                                  36.077946
                                                              ],
                                                              [
                                                                  -115.2383424,
                                                                  36.0779453
                                                              ],
                                                              [
                                                                  -115.2384979,
                                                                  36.0779435
                                                              ],
                                                              [
                                                                  -115.2386519,
                                                                  36.0779423
                                                              ],
                                                              [
                                                                  -115.2388107,
                                                                  36.0779405
                                                              ],
                                                              [
                                                                  -115.2389249,
                                                                  36.0779384
                                                              ],
                                                              [
                                                                  -115.2390384,
                                                                  36.0779358
                                                              ],
                                                              [
                                                                  -115.2392654,
                                                                  36.0779183
                                                              ],
                                                              [
                                                                  -115.2394434,
                                                                  36.0779151
                                                              ],
                                                              [
                                                                  -115.2395409,
                                                                  36.0779121
                                                              ],
                                                              [
                                                                  -115.2395828,
                                                                  36.0779074
                                                              ],
                                                              [
                                                                  -115.2396143,
                                                                  36.0778912
                                                              ],
                                                              [
                                                                  -115.23961,
                                                                  36.0777909
                                                              ],
                                                              [
                                                                  -115.2396083,
                                                                  36.0776716
                                                              ]
                                                          ],
                                          "type":  "LineString"
                                      }
                     }
                 ]
}
