{
    "type":  "FeatureCollection",
    "features":  [
                     {
                         "type":  "Feature",
                         "properties":  {
                                            "name":  "Directions from 6775 W Patrick Ln, Las Vegas, NV 89118, USA to 2550 W Harmon Ave, Las Vegas, NV 89109, USA"
                                        },
                         "geometry":  {
                                          "coordinates":  [
                                                              [
                                                                  -115.23994,
                                                                  36.07791
                                                              ],
                                                              [
                                                                  -115.23962,
                                                                  36.07791
                                                              ],
                                                              [
                                                                  -115.23926,
                                                                  36.07792
                                                              ],
                                                              [
                                                                  -115.2388,
                                                                  36.07793
                                                              ],
                                                              [
                                                                  -115.23819,
                                                                  36.07793
                                                              ],
                                                              [
                                                                  -115.23757,
                                                                  36.07795
                                                              ],
                                                              [
                                                                  -115.23595,
                                                                  36.078
                                                              ],
                                                              [
                                                                  -115.23518,
                                                                  36.07798
                                                              ],
                                                              [
                                                                  -115.23451,
                                                                  36.07799
                                                              ],
                                                              [
                                                                  -115.23371,
                                                                  36.07801
                                                              ],
                                                              [
                                                                  -115.23375,
                                                                  36.07854
                                                              ],
                                                              [
                                                                  -115.23376,
                                                                  36.07872
                                                              ],
                                                              [
                                                                  -115.23381,
                                                                  36.07979
                                                              ],
                                                              [
                                                                  -115.23381,
                                                                  36.07982
                                                              ],
                                                              [
                                                                  -115.23386,
                                                                  36.08086
                                                              ],
                                                              [
                                                                  -115.2339,
                                                                  36.08163
                                                              ],
                                                              [
                                                                  -115.23399,
                                                                  36.08345
                                                              ],
                                                              [
                                                                  -115.23404,
                                                                  36.08467
                                                              ],
                                                              [
                                                                  -115.23404,
                                                                  36.08468
                                                              ],
                                                              [
                                                                  -115.23403,
                                                                  36.08472
                                                              ],
                                                              [
                                                                  -115.23403,
                                                                  36.08478
                                                              ],
                                                              [
                                                                  -115.23403,
                                                                  36.08486
                                                              ],
                                                              [
                                                                  -115.23402,
                                                                  36.08487
                                                              ],
                                                              [
                                                                  -115.23402,
                                                                  36.08489
                                                              ],
                                                              [
                                                                  -115.23402,
                                                                  36.085
                                                              ],
                                                              [
                                                                  -115.23406,
                                                                  36.08526
                                                              ],
                                                              [
                                                                  -115.23343,
                                                                  36.08527
                                                              ],
                                                              [
                                                                  -115.23337,
                                                                  36.08527
                                                              ],
                                                              [
                                                                  -115.23255,
                                                                  36.08528
                                                              ],
                                                              [
                                                                  -115.23187,
                                                                  36.08529
                                                              ],
                                                              [
                                                                  -115.23073,
                                                                  36.0853
                                                              ],
                                                              [
                                                                  -115.2297,
                                                                  36.08532
                                                              ],
                                                              [
                                                                  -115.22906,
                                                                  36.08532
                                                              ],
                                                              [
                                                                  -115.22868,
                                                                  36.08534
                                                              ],
                                                              [
                                                                  -115.22749,
                                                                  36.08535
                                                              ],
                                                              [
                                                                  -115.22695,
                                                                  36.08536
                                                              ],
                                                              [
                                                                  -115.22675,
                                                                  36.08532
                                                              ],
                                                              [
                                                                  -115.22658,
                                                                  36.08531
                                                              ],
                                                              [
                                                                  -115.22628,
                                                                  36.08531
                                                              ],
                                                              [
                                                                  -115.22541,
                                                                  36.08534
                                                              ],
                                                              [
                                                                  -115.22534,
                                                                  36.08534
                                                              ],
                                                              [
                                                                  -115.22523,
                                                                  36.08534
                                                              ],
                                                              [
                                                                  -115.22451,
                                                                  36.08537
                                                              ],
                                                              [
                                                                  -115.22426,
                                                                  36.08538
                                                              ],
                                                              [
                                                                  -115.22421,
                                                                  36.0854
                                                              ],
                                                              [
                                                                  -115.22417,
                                                                  36.08542
                                                              ],
                                                              [
                                                                  -115.22412,
                                                                  36.08546
                                                              ],
                                                              [
                                                                  -115.22384,
                                                                  36.08548
                                                              ],
                                                              [
                                                                  -115.22314,
                                                                  36.08552
                                                              ],
                                                              [
                                                                  -115.22201,
                                                                  36.08558
                                                              ],
                                                              [
                                                                  -115.22185,
                                                                  36.08559
                                                              ],
                                                              [
                                                                  -115.22096,
                                                                  36.08563
                                                              ],
                                                              [
                                                                  -115.22007,
                                                                  36.08568
                                                              ],
                                                              [
                                                                  -115.21877,
                                                                  36.08575
                                                              ],
                                                              [
                                                                  -115.21825,
                                                                  36.08579
                                                              ],
                                                              [
                                                                  -115.21789,
                                                                  36.0858
                                                              ],
                                                              [
                                                                  -115.21737,
                                                                  36.08583
                                                              ],
                                                              [
                                                                  -115.21661,
                                                                  36.08588
                                                              ],
                                                              [
                                                                  -115.21565,
                                                                  36.08594
                                                              ],
                                                              [
                                                                  -115.21521,
                                                                  36.08597
                                                              ],
                                                              [
                                                                  -115.21452,
                                                                  36.086
                                                              ],
                                                              [
                                                                  -115.21402,
                                                                  36.08604
                                                              ],
                                                              [
                                                                  -115.2138,
                                                                  36.08605
                                                              ],
                                                              [
                                                                  -115.21358,
                                                                  36.08606
                                                              ],
                                                              [
                                                                  -115.21314,
                                                                  36.08609
                                                              ],
                                                              [
                                                                  -115.21291,
                                                                  36.0861
                                                              ],
                                                              [
                                                                  -115.21225,
                                                                  36.08612
                                                              ],
                                                              [
                                                                  -115.21158,
                                                                  36.08614
                                                              ],
                                                              [
                                                                  -115.21113,
                                                                  36.08617
                                                              ],
                                                              [
                                                                  -115.21096,
                                                                  36.08617
                                                              ],
                                                              [
                                                                  -115.21009,
                                                                  36.08622
                                                              ],
                                                              [
                                                                  -115.20973,
                                                                  36.08624
                                                              ],
                                                              [
                                                                  -115.20959,
                                                                  36.08625
                                                              ],
                                                              [
                                                                  -115.20934,
                                                                  36.08626
                                                              ],
                                                              [
                                                                  -115.20927,
                                                                  36.08623
                                                              ],
                                                              [
                                                                  -115.2092,
                                                                  36.08623
                                                              ],
                                                              [
                                                                  -115.20915,
                                                                  36.08623
                                                              ],
                                                              [
                                                                  -115.20913,
                                                                  36.08623
                                                              ],
                                                              [
                                                                  -115.20909,
                                                                  36.08624
                                                              ],
                                                              [
                                                                  -115.20895,
                                                                  36.08624
                                                              ],
                                                              [
                                                                  -115.20804,
                                                                  36.08629
                                                              ],
                                                              [
                                                                  -115.20781,
                                                                  36.08627
                                                              ],
                                                              [
                                                                  -115.20692,
                                                                  36.08627
                                                              ],
                                                              [
                                                                  -115.20665,
                                                                  36.08628
                                                              ],
                                                              [
                                                                  -115.20659,
                                                                  36.08629
                                                              ],
                                                              [
                                                                  -115.20654,
                                                                  36.0863
                                                              ],
                                                              [
                                                                  -115.20649,
                                                                  36.08631
                                                              ],
                                                              [
                                                                  -115.20646,
                                                                  36.08633
                                                              ],
                                                              [
                                                                  -115.20643,
                                                                  36.08636
                                                              ],
                                                              [
                                                                  -115.20632,
                                                                  36.08636
                                                              ],
                                                              [
                                                                  -115.20618,
                                                                  36.08636
                                                              ],
                                                              [
                                                                  -115.20573,
                                                                  36.08636
                                                              ],
                                                              [
                                                                  -115.20494,
                                                                  36.08636
                                                              ],
                                                              [
                                                                  -115.2048,
                                                                  36.08636
                                                              ],
                                                              [
                                                                  -115.20462,
                                                                  36.08635
                                                              ],
                                                              [
                                                                  -115.20436,
                                                                  36.08635
                                                              ],
                                                              [
                                                                  -115.20386,
                                                                  36.08635
                                                              ],
                                                              [
                                                                  -115.2033,
                                                                  36.08635
                                                              ],
                                                              [
                                                                  -115.20279,
                                                                  36.08635
                                                              ],
                                                              [
                                                                  -115.20255,
                                                                  36.08635
                                                              ],
                                                              [
                                                                  -115.20215,
                                                                  36.08634
                                                              ],
                                                              [
                                                                  -115.20196,
                                                                  36.08634
                                                              ],
                                                              [
                                                                  -115.20195,
                                                                  36.08634
                                                              ],
                                                              [
                                                                  -115.20151,
                                                                  36.08634
                                                              ],
                                                              [
                                                                  -115.20106,
                                                                  36.08634
                                                              ],
                                                              [
                                                                  -115.20039,
                                                                  36.08634
                                                              ],
                                                              [
                                                                  -115.20033,
                                                                  36.08634
                                                              ],
                                                              [
                                                                  -115.20019,
                                                                  36.08634
                                                              ],
                                                              [
                                                                  -115.19999,
                                                                  36.08634
                                                              ],
                                                              [
                                                                  -115.19919,
                                                                  36.08633
                                                              ],
                                                              [
                                                                  -115.19845,
                                                                  36.08634
                                                              ],
                                                              [
                                                                  -115.19812,
                                                                  36.08634
                                                              ],
                                                              [
                                                                  -115.19806,
                                                                  36.08634
                                                              ],
                                                              [
                                                                  -115.19782,
                                                                  36.08634
                                                              ],
                                                              [
                                                                  -115.1969,
                                                                  36.08634
                                                              ],
                                                              [
                                                                  -115.1965,
                                                                  36.08634
                                                              ],
                                                              [
                                                                  -115.19585,
                                                                  36.08634
                                                              ],
                                                              [
                                                                  -115.19531,
                                                                  36.08635
                                                              ],
                                                              [
                                                                  -115.1952,
                                                                  36.08631
                                                              ],
                                                              [
                                                                  -115.19452,
                                                                  36.08633
                                                              ],
                                                              [
                                                                  -115.19427,
                                                                  36.08634
                                                              ],
                                                              [
                                                                  -115.19302,
                                                                  36.08635
                                                              ],
                                                              [
                                                                  -115.1927,
                                                                  36.08635
                                                              ],
                                                              [
                                                                  -115.19224,
                                                                  36.08633
                                                              ],
                                                              [
                                                                  -115.19172,
                                                                  36.08633
                                                              ],
                                                              [
                                                                  -115.19166,
                                                                  36.08633
                                                              ],
                                                              [
                                                                  -115.19155,
                                                                  36.08633
                                                              ],
                                                              [
                                                                  -115.19117,
                                                                  36.08633
                                                              ],
                                                              [
                                                                  -115.19109,
                                                                  36.08628
                                                              ],
                                                              [
                                                                  -115.19069,
                                                                  36.08628
                                                              ],
                                                              [
                                                                  -115.18997,
                                                                  36.08627
                                                              ],
                                                              [
                                                                  -115.18979,
                                                                  36.08626
                                                              ],
                                                              [
                                                                  -115.18978,
                                                                  36.08631
                                                              ],
                                                              [
                                                                  -115.18977,
                                                                  36.08637
                                                              ],
                                                              [
                                                                  -115.18977,
                                                                  36.08657
                                                              ],
                                                              [
                                                                  -115.18978,
                                                                  36.08672
                                                              ],
                                                              [
                                                                  -115.18978,
                                                                  36.08708
                                                              ],
                                                              [
                                                                  -115.1898,
                                                                  36.08725
                                                              ],
                                                              [
                                                                  -115.18981,
                                                                  36.08759
                                                              ],
                                                              [
                                                                  -115.18981,
                                                                  36.08812
                                                              ],
                                                              [
                                                                  -115.18981,
                                                                  36.08819
                                                              ],
                                                              [
                                                                  -115.1898,
                                                                  36.08837
                                                              ],
                                                              [
                                                                  -115.18981,
                                                                  36.08864
                                                              ],
                                                              [
                                                                  -115.1898,
                                                                  36.08895
                                                              ],
                                                              [
                                                                  -115.1898,
                                                                  36.08913
                                                              ],
                                                              [
                                                                  -115.1898,
                                                                  36.08946
                                                              ],
                                                              [
                                                                  -115.1898,
                                                                  36.08967
                                                              ],
                                                              [
                                                                  -115.1898,
                                                                  36.08976
                                                              ],
                                                              [
                                                                  -115.1898,
                                                                  36.08998
                                                              ],
                                                              [
                                                                  -115.18986,
                                                                  36.09011
                                                              ],
                                                              [
                                                                  -115.18986,
                                                                  36.09019
                                                              ],
                                                              [
                                                                  -115.18986,
                                                                  36.09025
                                                              ],
                                                              [
                                                                  -115.18986,
                                                                  36.09039
                                                              ],
                                                              [
                                                                  -115.18985,
                                                                  36.09063
                                                              ],
                                                              [
                                                                  -115.18985,
                                                                  36.09072
                                                              ],
                                                              [
                                                                  -115.18985,
                                                                  36.09086
                                                              ],
                                                              [
                                                                  -115.18985,
                                                                  36.09097
                                                              ],
                                                              [
                                                                  -115.18985,
                                                                  36.09112
                                                              ],
                                                              [
                                                                  -115.18985,
                                                                  36.09123
                                                              ],
                                                              [
                                                                  -115.18985,
                                                                  36.0918
                                                              ],
                                                              [
                                                                  -115.18984,
                                                                  36.09232
                                                              ],
                                                              [
                                                                  -115.18984,
                                                                  36.09263
                                                              ],
                                                              [
                                                                  -115.18984,
                                                                  36.09268
                                                              ],
                                                              [
                                                                  -115.18984,
                                                                  36.09273
                                                              ],
                                                              [
                                                                  -115.18986,
                                                                  36.09281
                                                              ],
                                                              [
                                                                  -115.1898,
                                                                  36.09285
                                                              ],
                                                              [
                                                                  -115.18979,
                                                                  36.09286
                                                              ],
                                                              [
                                                                  -115.18979,
                                                                  36.09288
                                                              ],
                                                              [
                                                                  -115.18979,
                                                                  36.09323
                                                              ],
                                                              [
                                                                  -115.18979,
                                                                  36.09359
                                                              ],
                                                              [
                                                                  -115.18977,
                                                                  36.09366
                                                              ],
                                                              [
                                                                  -115.18977,
                                                                  36.09386
                                                              ],
                                                              [
                                                                  -115.18977,
                                                                  36.09426
                                                              ],
                                                              [
                                                                  -115.18978,
                                                                  36.09444
                                                              ],
                                                              [
                                                                  -115.18986,
                                                                  36.09452
                                                              ],
                                                              [
                                                                  -115.18986,
                                                                  36.09461
                                                              ],
                                                              [
                                                                  -115.18986,
                                                                  36.09497
                                                              ],
                                                              [
                                                                  -115.18986,
                                                                  36.09524
                                                              ],
                                                              [
                                                                  -115.18986,
                                                                  36.09543
                                                              ],
                                                              [
                                                                  -115.18985,
                                                                  36.09595
                                                              ],
                                                              [
                                                                  -115.18985,
                                                                  36.09604
                                                              ],
                                                              [
                                                                  -115.18985,
                                                                  36.09618
                                                              ],
                                                              [
                                                                  -115.18985,
                                                                  36.09642
                                                              ],
                                                              [
                                                                  -115.18985,
                                                                  36.09674
                                                              ],
                                                              [
                                                                  -115.18985,
                                                                  36.09684
                                                              ],
                                                              [
                                                                  -115.18985,
                                                                  36.09725
                                                              ],
                                                              [
                                                                  -115.18985,
                                                                  36.09798
                                                              ],
                                                              [
                                                                  -115.18985,
                                                                  36.09867
                                                              ],
                                                              [
                                                                  -115.18985,
                                                                  36.09879
                                                              ],
                                                              [
                                                                  -115.18985,
                                                                  36.09908
                                                              ],
                                                              [
                                                                  -115.18985,
                                                                  36.09967
                                                              ],
                                                              [
                                                                  -115.18985,
                                                                  36.0999
                                                              ],
                                                              [
                                                                  -115.18987,
                                                                  36.09999
                                                              ],
                                                              [
                                                                  -115.18985,
                                                                  36.1001
                                                              ],
                                                              [
                                                                  -115.18983,
                                                                  36.1002
                                                              ],
                                                              [
                                                                  -115.18983,
                                                                  36.10022
                                                              ],
                                                              [
                                                                  -115.1898,
                                                                  36.10041
                                                              ],
                                                              [
                                                                  -115.18979,
                                                                  36.10047
                                                              ],
                                                              [
                                                                  -115.18977,
                                                                  36.10083
                                                              ],
                                                              [
                                                                  -115.18978,
                                                                  36.10097
                                                              ],
                                                              [
                                                                  -115.18981,
                                                                  36.10102
                                                              ],
                                                              [
                                                                  -115.18984,
                                                                  36.10108
                                                              ],
                                                              [
                                                                  -115.18984,
                                                                  36.10114
                                                              ],
                                                              [
                                                                  -115.18983,
                                                                  36.10137
                                                              ],
                                                              [
                                                                  -115.18983,
                                                                  36.10146
                                                              ],
                                                              [
                                                                  -115.18983,
                                                                  36.10154
                                                              ],
                                                              [
                                                                  -115.18986,
                                                                  36.10171
                                                              ],
                                                              [
                                                                  -115.18988,
                                                                  36.10189
                                                              ],
                                                              [
                                                                  -115.18989,
                                                                  36.10194
                                                              ],
                                                              [
                                                                  -115.18989,
                                                                  36.10216
                                                              ],
                                                              [
                                                                  -115.18989,
                                                                  36.10227
                                                              ],
                                                              [
                                                                  -115.18989,
                                                                  36.10234
                                                              ],
                                                              [
                                                                  -115.18988,
                                                                  36.10288
                                                              ],
                                                              [
                                                                  -115.18988,
                                                                  36.10316
                                                              ],
                                                              [
                                                                  -115.18988,
                                                                  36.10362
                                                              ],
                                                              [
                                                                  -115.18988,
                                                                  36.10375
                                                              ],
                                                              [
                                                                  -115.18988,
                                                                  36.10397
                                                              ],
                                                              [
                                                                  -115.18988,
                                                                  36.10438
                                                              ],
                                                              [
                                                                  -115.18988,
                                                                  36.10445
                                                              ],
                                                              [
                                                                  -115.18987,
                                                                  36.10457
                                                              ],
                                                              [
                                                                  -115.18986,
                                                                  36.10461
                                                              ],
                                                              [
                                                                  -115.1898,
                                                                  36.10466
                                                              ],
                                                              [
                                                                  -115.1898,
                                                                  36.10557
                                                              ],
                                                              [
                                                                  -115.18977,
                                                                  36.10593
                                                              ],
                                                              [
                                                                  -115.18976,
                                                                  36.10599
                                                              ],
                                                              [
                                                                  -115.18975,
                                                                  36.10606
                                                              ],
                                                              [
                                                                  -115.18974,
                                                                  36.10612
                                                              ],
                                                              [
                                                                  -115.18973,
                                                                  36.10617
                                                              ],
                                                              [
                                                                  -115.18972,
                                                                  36.10623
                                                              ],
                                                              [
                                                                  -115.18971,
                                                                  36.10628
                                                              ],
                                                              [
                                                                  -115.18967,
                                                                  36.10645
                                                              ],
                                                              [
                                                                  -115.18959,
                                                                  36.10651
                                                              ],
                                                              [
                                                                  -115.18958,
                                                                  36.10651
                                                              ],
                                                              [
                                                                  -115.18958,
                                                                  36.10653
                                                              ],
                                                              [
                                                                  -115.18957,
                                                                  36.10655
                                                              ],
                                                              [
                                                                  -115.18952,
                                                                  36.10665
                                                              ],
                                                              [
                                                                  -115.18947,
                                                                  36.10676
                                                              ],
                                                              [
                                                                  -115.18946,
                                                                  36.10678
                                                              ],
                                                              [
                                                                  -115.18945,
                                                                  36.10679
                                                              ],
                                                              [
                                                                  -115.18944,
                                                                  36.1068
                                                              ],
                                                              [
                                                                  -115.18944,
                                                                  36.10681
                                                              ],
                                                              [
                                                                  -115.18944,
                                                                  36.10682
                                                              ],
                                                              [
                                                                  -115.18934,
                                                                  36.10697
                                                              ],
                                                              [
                                                                  -115.18932,
                                                                  36.107
                                                              ],
                                                              [
                                                                  -115.18926,
                                                                  36.10708
                                                              ],
                                                              [
                                                                  -115.18924,
                                                                  36.10711
                                                              ],
                                                              [
                                                                  -115.18923,
                                                                  36.10713
                                                              ],
                                                              [
                                                                  -115.1892,
                                                                  36.10716
                                                              ],
                                                              [
                                                                  -115.18911,
                                                                  36.10729
                                                              ],
                                                              [
                                                                  -115.18901,
                                                                  36.10743
                                                              ],
                                                              [
                                                                  -115.18899,
                                                                  36.10746
                                                              ],
                                                              [
                                                                  -115.1889,
                                                                  36.10759
                                                              ],
                                                              [
                                                                  -115.18889,
                                                                  36.1076
                                                              ],
                                                              [
                                                                  -115.18887,
                                                                  36.10763
                                                              ],
                                                              [
                                                                  -115.18881,
                                                                  36.10771
                                                              ],
                                                              [
                                                                  -115.1888,
                                                                  36.10773
                                                              ],
                                                              [
                                                                  -115.18879,
                                                                  36.10774
                                                              ],
                                                              [
                                                                  -115.18877,
                                                                  36.10776
                                                              ],
                                                              [
                                                                  -115.18871,
                                                                  36.10785
                                                              ],
                                                              [
                                                                  -115.1887,
                                                                  36.10787
                                                              ],
                                                              [
                                                                  -115.18869,
                                                                  36.10789
                                                              ],
                                                              [
                                                                  -115.18868,
                                                                  36.1079
                                                              ],
                                                              [
                                                                  -115.18867,
                                                                  36.10791
                                                              ],
                                                              [
                                                                  -115.18867,
                                                                  36.10792
                                                              ],
                                                              [
                                                                  -115.18863,
                                                                  36.10799
                                                              ],
                                                              [
                                                                  -115.18859,
                                                                  36.10806
                                                              ],
                                                              [
                                                                  -115.18858,
                                                                  36.10806
                                                              ],
                                                              [
                                                                  -115.18857,
                                                                  36.10808
                                                              ],
                                                              [
                                                                  -115.18851,
                                                                  36.10816
                                                              ],
                                                              [
                                                                  -115.18847,
                                                                  36.10819
                                                              ],
                                                              [
                                                                  -115.18844,
                                                                  36.10821
                                                              ],
                                                              [
                                                                  -115.18839,
                                                                  36.10826
                                                              ],
                                                              [
                                                                  -115.18829,
                                                                  36.10833
                                                              ],
                                                              [
                                                                  -115.18824,
                                                                  36.10836
                                                              ],
                                                              [
                                                                  -115.18814,
                                                                  36.10839
                                                              ],
                                                              [
                                                                  -115.18811,
                                                                  36.1084
                                                              ],
                                                              [
                                                                  -115.18808,
                                                                  36.10841
                                                              ],
                                                              [
                                                                  -115.18798,
                                                                  36.10842
                                                              ],
                                                              [
                                                                  -115.18785,
                                                                  36.10843
                                                              ],
                                                              [
                                                                  -115.18776,
                                                                  36.10843
                                                              ],
                                                              [
                                                                  -115.18773,
                                                                  36.10843
                                                              ],
                                                              [
                                                                  -115.18762,
                                                                  36.10842
                                                              ],
                                                              [
                                                                  -115.18754,
                                                                  36.10841
                                                              ],
                                                              [
                                                                  -115.18753,
                                                                  36.1084
                                                              ],
                                                              [
                                                                  -115.18751,
                                                                  36.1084
                                                              ],
                                                              [
                                                                  -115.18749,
                                                                  36.1084
                                                              ],
                                                              [
                                                                  -115.18747,
                                                                  36.10839
                                                              ],
                                                              [
                                                                  -115.18742,
                                                                  36.10839
                                                              ],
                                                              [
                                                                  -115.18739,
                                                                  36.10839
                                                              ],
                                                              [
                                                                  -115.18732,
                                                                  36.10841
                                                              ],
                                                              [
                                                                  -115.1872,
                                                                  36.10839
                                                              ],
                                                              [
                                                                  -115.18708,
                                                                  36.10836
                                                              ],
                                                              [
                                                                  -115.18687,
                                                                  36.10833
                                                              ],
                                                              [
                                                                  -115.18642,
                                                                  36.10826
                                                              ],
                                                              [
                                                                  -115.1862,
                                                                  36.10823
                                                              ],
                                                              [
                                                                  -115.18597,
                                                                  36.1082
                                                              ],
                                                              [
                                                                  -115.18588,
                                                                  36.10819
                                                              ],
                                                              [
                                                                  -115.18562,
                                                                  36.10816
                                                              ],
                                                              [
                                                                  -115.18553,
                                                                  36.10815
                                                              ],
                                                              [
                                                                  -115.18493,
                                                                  36.10813
                                                              ],
                                                              [
                                                                  -115.18473,
                                                                  36.10813
                                                              ],
                                                              [
                                                                  -115.18431,
                                                                  36.10812
                                                              ],
                                                              [
                                                                  -115.184,
                                                                  36.10811
                                                              ],
                                                              [
                                                                  -115.1834,
                                                                  36.1081
                                                              ],
                                                              [
                                                                  -115.18312,
                                                                  36.1081
                                                              ],
                                                              [
                                                                  -115.18296,
                                                                  36.10809
                                                              ],
                                                              [
                                                                  -115.18267,
                                                                  36.10809
                                                              ],
                                                              [
                                                                  -115.18245,
                                                                  36.10809
                                                              ],
                                                              [
                                                                  -115.18227,
                                                                  36.10809
                                                              ],
                                                              [
                                                                  -115.18223,
                                                                  36.10809
                                                              ],
                                                              [
                                                                  -115.18138,
                                                                  36.10808
                                                              ],
                                                              [
                                                                  -115.18112,
                                                                  36.10808
                                                              ],
                                                              [
                                                                  -115.18102,
                                                                  36.10807
                                                              ],
                                                              [
                                                                  -115.18073,
                                                                  36.10807
                                                              ],
                                                              [
                                                                  -115.18069,
                                                                  36.10807
                                                              ],
                                                              [
                                                                  -115.18064,
                                                                  36.10807
                                                              ],
                                                              [
                                                                  -115.18044,
                                                                  36.10807
                                                              ],
                                                              [
                                                                  -115.1802,
                                                                  36.10807
                                                              ],
                                                              [
                                                                  -115.18011,
                                                                  36.10806
                                                              ],
                                                              [
                                                                  -115.17979,
                                                                  36.10807
                                                              ],
                                                              [
                                                                  -115.17974,
                                                                  36.10807
                                                              ],
                                                              [
                                                                  -115.17958,
                                                                  36.108
                                                              ],
                                                              [
                                                                  -115.17954,
                                                                  36.10799
                                                              ],
                                                              [
                                                                  -115.17953,
                                                                  36.10799
                                                              ],
                                                              [
                                                                  -115.1795,
                                                                  36.10798
                                                              ],
                                                              [
                                                                  -115.17946,
                                                                  36.10797
                                                              ],
                                                              [
                                                                  -115.17941,
                                                                  36.10797
                                                              ],
                                                              [
                                                                  -115.17938,
                                                                  36.10797
                                                              ],
                                                              [
                                                                  -115.17935,
                                                                  36.10797
                                                              ],
                                                              [
                                                                  -115.17931,
                                                                  36.10796
                                                              ],
                                                              [
                                                                  -115.17916,
                                                                  36.10796
                                                              ],
                                                              [
                                                                  -115.1791,
                                                                  36.10796
                                                              ],
                                                              [
                                                                  -115.17904,
                                                                  36.10796
                                                              ],
                                                              [
                                                                  -115.17882,
                                                                  36.10797
                                                              ],
                                                              [
                                                                  -115.17878,
                                                                  36.10797
                                                              ],
                                                              [
                                                                  -115.17869,
                                                                  36.10798
                                                              ],
                                                              [
                                                                  -115.17864,
                                                                  36.10799
                                                              ],
                                                              [
                                                                  -115.17861,
                                                                  36.10799
                                                              ],
                                                              [
                                                                  -115.1786,
                                                                  36.10799
                                                              ],
                                                              [
                                                                  -115.17855,
                                                                  36.108
                                                              ],
                                                              [
                                                                  -115.17847,
                                                                  36.10801
                                                              ],
                                                              [
                                                                  -115.17841,
                                                                  36.10803
                                                              ],
                                                              [
                                                                  -115.17835,
                                                                  36.10804
                                                              ],
                                                              [
                                                                  -115.17831,
                                                                  36.10806
                                                              ],
                                                              [
                                                                  -115.17825,
                                                                  36.10807
                                                              ],
                                                              [
                                                                  -115.17822,
                                                                  36.10808
                                                              ],
                                                              [
                                                                  -115.17819,
                                                                  36.10809
                                                              ],
                                                              [
                                                                  -115.17817,
                                                                  36.1081
                                                              ],
                                                              [
                                                                  -115.17812,
                                                                  36.10811
                                                              ],
                                                              [
                                                                  -115.17809,
                                                                  36.10812
                                                              ],
                                                              [
                                                                  -115.17806,
                                                                  36.10813
                                                              ],
                                                              [
                                                                  -115.17804,
                                                                  36.10813
                                                              ],
                                                              [
                                                                  -115.17802,
                                                                  36.10813
                                                              ],
                                                              [
                                                                  -115.17801,
                                                                  36.10813
                                                              ],
                                                              [
                                                                  -115.178,
                                                                  36.10813
                                                              ],
                                                              [
                                                                  -115.17797,
                                                                  36.10813
                                                              ],
                                                              [
                                                                  -115.17796,
                                                                  36.10812
                                                              ],
                                                              [
                                                                  -115.17794,
                                                                  36.10812
                                                              ],
                                                              [
                                                                  -115.17792,
                                                                  36.10811
                                                              ],
                                                              [
                                                                  -115.1779,
                                                                  36.10811
                                                              ],
                                                              [
                                                                  -115.17787,
                                                                  36.10811
                                                              ],
                                                              [
                                                                  -115.17786,
                                                                  36.1081
                                                              ],
                                                              [
                                                                  -115.17784,
                                                                  36.10811
                                                              ],
                                                              [
                                                                  -115.17782,
                                                                  36.10811
                                                              ],
                                                              [
                                                                  -115.17781,
                                                                  36.10811
                                                              ],
                                                              [
                                                                  -115.1778,
                                                                  36.10812
                                                              ],
                                                              [
                                                                  -115.17779,
                                                                  36.10812
                                                              ],
                                                              [
                                                                  -115.17777,
                                                                  36.10814
                                                              ],
                                                              [
                                                                  -115.17773,
                                                                  36.10812
                                                              ],
                                                              [
                                                                  -115.17769,
                                                                  36.1081
                                                              ],
                                                              [
                                                                  -115.17765,
                                                                  36.10809
                                                              ],
                                                              [
                                                                  -115.17761,
                                                                  36.10808
                                                              ],
                                                              [
                                                                  -115.17757,
                                                                  36.10807
                                                              ],
                                                              [
                                                                  -115.17753,
                                                                  36.10807
                                                              ],
                                                              [
                                                                  -115.17748,
                                                                  36.10807
                                                              ],
                                                              [
                                                                  -115.17744,
                                                                  36.10807
                                                              ],
                                                              [
                                                                  -115.17735,
                                                                  36.10809
                                                              ],
                                                              [
                                                                  -115.17726,
                                                                  36.10812
                                                              ],
                                                              [
                                                                  -115.17723,
                                                                  36.10813
                                                              ],
                                                              [
                                                                  -115.17718,
                                                                  36.10816
                                                              ],
                                                              [
                                                                  -115.17712,
                                                                  36.10822
                                                              ],
                                                              [
                                                                  -115.17708,
                                                                  36.10826
                                                              ],
                                                              [
                                                                  -115.17706,
                                                                  36.10828
                                                              ],
                                                              [
                                                                  -115.17702,
                                                                  36.10835
                                                              ],
                                                              [
                                                                  -115.177,
                                                                  36.10843
                                                              ],
                                                              [
                                                                  -115.177,
                                                                  36.10844
                                                              ],
                                                              [
                                                                  -115.17699,
                                                                  36.10851
                                                              ],
                                                              [
                                                                  -115.177,
                                                                  36.10859
                                                              ],
                                                              [
                                                                  -115.17701,
                                                                  36.10863
                                                              ],
                                                              [
                                                                  -115.17702,
                                                                  36.10866
                                                              ],
                                                              [
                                                                  -115.17703,
                                                                  36.10868
                                                              ],
                                                              [
                                                                  -115.17703,
                                                                  36.10869
                                                              ],
                                                              [
                                                                  -115.17704,
                                                                  36.10871
                                                              ],
                                                              [
                                                                  -115.17704,
                                                                  36.10872
                                                              ],
                                                              [
                                                                  -115.17705,
                                                                  36.10873
                                                              ],
                                                              [
                                                                  -115.17705,
                                                                  36.10874
                                                              ],
                                                              [
                                                                  -115.17706,
                                                                  36.10876
                                                              ],
                                                              [
                                                                  -115.17706,
                                                                  36.10877
                                                              ],
                                                              [
                                                                  -115.17707,
                                                                  36.10878
                                                              ],
                                                              [
                                                                  -115.17707,
                                                                  36.10879
                                                              ],
                                                              [
                                                                  -115.17708,
                                                                  36.1088
                                                              ],
                                                              [
                                                                  -115.17712,
                                                                  36.10886
                                                              ]
                                                          ],
                                          "type":  "LineString"
                                      }
                     }
                 ]
}
