{
    "type":  "FeatureCollection",
    "features":  [
                     {
                         "type":  "Feature",
                         "properties":  {
                                            "name":  "F1 KH TO ZONE F SPHERE"
                                        },
                         "geometry":  {
                                          "coordinates":  [
                                                              [
                                                                  -115.239937,
                                                                  36.0777395
                                                              ],
                                                              [
                                                                  -115.2398501,
                                                                  36.0778526
                                                              ],
                                                              [
                                                                  -115.2395328,
                                                                  36.0778591
                                                              ],
                                                              [
                                                                  -115.239083,
                                                                  36.0778788
                                                              ],
                                                              [
                                                                  -115.2387638,
                                                                  36.0779116
                                                              ],
                                                              [
                                                                  -115.2381833,
                                                                  36.077917
                                                              ],
                                                              [
                                                                  -115.23757,
                                                                  36.0779272
                                                              ],
                                                              [
                                                                  -115.2367613,
                                                                  36.0779506
                                                              ],
                                                              [
                                                                  -115.2363557,
                                                                  36.0779601
                                                              ],
                                                              [
                                                                  -115.2359178,
                                                                  36.077974
                                                              ],
                                                              [
                                                                  -115.235184,
                                                                  36.0779648
                                                              ],
                                                              [
                                                                  -115.23451,
                                                                  36.0779737
                                                              ],
                                                              [
                                                                  -115.2340644,
                                                                  36.0779821
                                                              ],
                                                              [
                                                                  -115.2338215,
                                                                  36.0779885
                                                              ],
                                                              [
                                                                  -115.2336885,
                                                                  36.07801
                                                              ],
                                                              [
                                                                  -115.2337299,
                                                                  36.0785357
                                                              ],
                                                              [
                                                                  -115.2337426,
                                                                  36.0787547
                                                              ],
                                                              [
                                                                  -115.2337642,
                                                                  36.0792713
                                                              ],
                                                              [
                                                                  -115.2337885,
                                                                  36.0797824
                                                              ],
                                                              [
                                                                  -115.2338189,
                                                                  36.0803212
                                                              ],
                                                              [
                                                                  -115.2338426,
                                                                  36.0808546
                                                              ],
                                                              [
                                                                  -115.2338606,
                                                                  36.0812455
                                                              ],
                                                              [
                                                                  -115.2338772,
                                                                  36.0816213
                                                              ],
                                                              [
                                                                  -115.2338953,
                                                                  36.0820703
                                                              ],
                                                              [
                                                                  -115.2339135,
                                                                  36.0825302
                                                              ],
                                                              [
                                                                  -115.2339383,
                                                                  36.0829901
                                                              ],
                                                              [
                                                                  -115.2339672,
                                                                  36.0834446
                                                              ],
                                                              [
                                                                  -115.2339875,
                                                                  36.0840551
                                                              ],
                                                              [
                                                                  -115.2340132,
                                                                  36.0846602
                                                              ],
                                                              [
                                                                  -115.2339646,
                                                                  36.0847705
                                                              ],
                                                              [
                                                                  -115.2339737,
                                                                  36.0849003
                                                              ],
                                                              [
                                                                  -115.2339784,
                                                                  36.0850363
                                                              ],
                                                              [
                                                                  -115.2339661,
                                                                  36.0853023
                                                              ],
                                                              [
                                                                  -115.2339832,
                                                                  36.0855432
                                                              ],
                                                              [
                                                                  -115.2339922,
                                                                  36.0857722
                                                              ],
                                                              [
                                                                  -115.2339922,
                                                                  36.0859989
                                                              ],
                                                              [
                                                                  -115.2339915,
                                                                  36.0861952
                                                              ],
                                                              [
                                                                  -115.2339928,
                                                                  36.0864276
                                                              ],
                                                              [
                                                                  -115.2339928,
                                                                  36.0866448
                                                              ],
                                                              [
                                                                  -115.2339861,
                                                                  36.0868517
                                                              ],
                                                              [
                                                                  -115.2339875,
                                                                  36.0870397
                                                              ],
                                                              [
                                                                  -115.2339895,
                                                                  36.0873089
                                                              ],
                                                              [
                                                                  -115.2339878,
                                                                  36.0874836
                                                              ],
                                                              [
                                                                  -115.2339848,
                                                                  36.08761
                                                              ],
                                                              [
                                                                  -115.2339855,
                                                                  36.0877695
                                                              ],
                                                              [
                                                                  -115.2339898,
                                                                  36.088307
                                                              ],
                                                              [
                                                                  -115.233992,
                                                                  36.0885747
                                                              ],
                                                              [
                                                                  -115.2339922,
                                                                  36.0888381
                                                              ],
                                                              [
                                                                  -115.2339889,
                                                                  36.0890257
                                                              ],
                                                              [
                                                                  -115.2339876,
                                                                  36.0892005
                                                              ],
                                                              [
                                                                  -115.2339919,
                                                                  36.0894024
                                                              ],
                                                              [
                                                                  -115.2339922,
                                                                  36.0895924
                                                              ],
                                                              [
                                                                  -115.2339899,
                                                                  36.0899215
                                                              ],
                                                              [
                                                                  -115.2339874,
                                                                  36.090093
                                                              ],
                                                              [
                                                                  -115.2339876,
                                                                  36.090264
                                                              ],
                                                              [
                                                                  -115.2339876,
                                                                  36.0904099
                                                              ],
                                                              [
                                                                  -115.2339889,
                                                                  36.0905227
                                                              ],
                                                              [
                                                                  -115.2339923,
                                                                  36.0906859
                                                              ],
                                                              [
                                                                  -115.2339875,
                                                                  36.0908682
                                                              ],
                                                              [
                                                                  -115.2339842,
                                                                  36.0911314
                                                              ],
                                                              [
                                                                  -115.2339842,
                                                                  36.0913902
                                                              ],
                                                              [
                                                                  -115.2339886,
                                                                  36.0917081
                                                              ],
                                                              [
                                                                  -115.2339867,
                                                                  36.0918957
                                                              ],
                                                              [
                                                                  -115.2339862,
                                                                  36.0920584
                                                              ],
                                                              [
                                                                  -115.2339846,
                                                                  36.0923054
                                                              ],
                                                              [
                                                                  -115.2339863,
                                                                  36.0925146
                                                              ],
                                                              [
                                                                  -115.2339816,
                                                                  36.09269
                                                              ],
                                                              [
                                                                  -115.2339817,
                                                                  36.0928773
                                                              ],
                                                              [
                                                                  -115.233983,
                                                                  36.0931497
                                                              ],
                                                              [
                                                                  -115.2339827,
                                                                  36.0935116
                                                              ],
                                                              [
                                                                  -115.2339825,
                                                                  36.0936985
                                                              ],
                                                              [
                                                                  -115.2339817,
                                                                  36.093887
                                                              ],
                                                              [
                                                                  -115.2339823,
                                                                  36.0941574
                                                              ],
                                                              [
                                                                  -115.2339829,
                                                                  36.0944278
                                                              ],
                                                              [
                                                                  -115.2339836,
                                                                  36.0946421
                                                              ],
                                                              [
                                                                  -115.2339843,
                                                                  36.0948608
                                                              ],
                                                              [
                                                                  -115.2339843,
                                                                  36.0950821
                                                              ],
                                                              [
                                                                  -115.2339856,
                                                                  36.0953046
                                                              ],
                                                              [
                                                                  -115.2339816,
                                                                  36.0955175
                                                              ],
                                                              [
                                                                  -115.2339803,
                                                                  36.095757
                                                              ],
                                                              [
                                                                  -115.2339843,
                                                                  36.095977
                                                              ],
                                                              [
                                                                  -115.233985,
                                                                  36.0961492
                                                              ],
                                                              [
                                                                  -115.2339798,
                                                                  36.0963734
                                                              ],
                                                              [
                                                                  -115.2339799,
                                                                  36.0965986
                                                              ],
                                                              [
                                                                  -115.2339781,
                                                                  36.0968234
                                                              ],
                                                              [
                                                                  -115.2339789,
                                                                  36.0970546
                                                              ],
                                                              [
                                                                  -115.2339789,
                                                                  36.0972513
                                                              ],
                                                              [
                                                                  -115.2339789,
                                                                  36.0975057
                                                              ],
                                                              [
                                                                  -115.2339809,
                                                                  36.0978407
                                                              ],
                                                              [
                                                                  -115.2339833,
                                                                  36.0980098
                                                              ],
                                                              [
                                                                  -115.2339829,
                                                                  36.0981908
                                                              ],
                                                              [
                                                                  -115.2339833,
                                                                  36.0984649
                                                              ],
                                                              [
                                                                  -115.2339849,
                                                                  36.0987308
                                                              ],
                                                              [
                                                                  -115.2339822,
                                                                  36.0990313
                                                              ],
                                                              [
                                                                  -115.2339849,
                                                                  36.099234
                                                              ],
                                                              [
                                                                  -115.2339876,
                                                                  36.0994865
                                                              ],
                                                              [
                                                                  -115.2339856,
                                                                  36.0997254
                                                              ],
                                                              [
                                                                  -115.2339736,
                                                                  36.0998833
                                                              ],
                                                              [
                                                                  -115.2339769,
                                                                  36.1001545
                                                              ],
                                                              [
                                                                  -115.2339749,
                                                                  36.1004295
                                                              ],
                                                              [
                                                                  -115.2339722,
                                                                  36.1006123
                                                              ],
                                                              [
                                                                  -115.2339682,
                                                                  36.1007881
                                                              ],
                                                              [
                                                                  -115.2339679,
                                                                  36.1009616
                                                              ],
                                                              [
                                                                  -115.2339716,
                                                                  36.1011211
                                                              ],
                                                              [
                                                                  -115.2339694,
                                                                  36.1014434
                                                              ],
                                                              [
                                                                  -115.2339673,
                                                                  36.1017657
                                                              ],
                                                              [
                                                                  -115.23396579999999,
                                                                  36.1020885
                                                              ],
                                                              [
                                                                  -115.233963,
                                                                  36.102258
                                                              ],
                                                              [
                                                                  -115.2339589,
                                                                  36.1024227
                                                              ],
                                                              [
                                                                  -115.2339573,
                                                                  36.1026892
                                                              ],
                                                              [
                                                                  -115.2339538,
                                                                  36.1028387
                                                              ],
                                                              [
                                                                  -115.2339523,
                                                                  36.1029746
                                                              ],
                                                              [
                                                                  -115.2339529,
                                                                  36.1031495
                                                              ],
                                                              [
                                                                  -115.2339503,
                                                                  36.1033281
                                                              ],
                                                              [
                                                                  -115.2339461,
                                                                  36.1036133
                                                              ],
                                                              [
                                                                  -115.2339446,
                                                                  36.1039136
                                                              ],
                                                              [
                                                                  -115.2339404,
                                                                  36.1042053
                                                              ],
                                                              [
                                                                  -115.2339389,
                                                                  36.1045008
                                                              ],
                                                              [
                                                                  -115.2339333,
                                                                  36.104854
                                                              ],
                                                              [
                                                                  -115.2339316,
                                                                  36.1052084
                                                              ],
                                                              [
                                                                  -115.2339291,
                                                                  36.1053842
                                                              ],
                                                              [
                                                                  -115.2339266,
                                                                  36.1055632
                                                              ],
                                                              [
                                                                  -115.2339241,
                                                                  36.1057509
                                                              ],
                                                              [
                                                                  -115.2339236,
                                                                  36.1059446
                                                              ],
                                                              [
                                                                  -115.2339226,
                                                                  36.1063224
                                                              ],
                                                              [
                                                                  -115.2339183,
                                                                  36.1066932
                                                              ],
                                                              [
                                                                  -115.2339113,
                                                                  36.1069062
                                                              ],
                                                              [
                                                                  -115.233905,
                                                                  36.1071181
                                                              ],
                                                              [
                                                                  -115.2339063,
                                                                  36.1073808
                                                              ],
                                                              [
                                                                  -115.233905,
                                                                  36.1075349
                                                              ],
                                                              [
                                                                  -115.233903,
                                                                  36.1076663
                                                              ],
                                                              [
                                                                  -115.2339023,
                                                                  36.107803
                                                              ],
                                                              [
                                                                  -115.2339023,
                                                                  36.1080938
                                                              ],
                                                              [
                                                                  -115.2339003,
                                                                  36.1083813
                                                              ],
                                                              [
                                                                  -115.2339017,
                                                                  36.1087469
                                                              ],
                                                              [
                                                                  -115.2338997,
                                                                  36.1089334
                                                              ],
                                                              [
                                                                  -115.2339004,
                                                                  36.1091178
                                                              ],
                                                              [
                                                                  -115.2338917,
                                                                  36.1092846
                                                              ],
                                                              [
                                                                  -115.2338903,
                                                                  36.1094757
                                                              ],
                                                              [
                                                                  -115.233889,
                                                                  36.1096933
                                                              ],
                                                              [
                                                                  -115.2338903,
                                                                  36.1098292
                                                              ],
                                                              [
                                                                  -115.233887,
                                                                  36.1103114
                                                              ],
                                                              [
                                                                  -115.2338847,
                                                                  36.1105546
                                                              ],
                                                              [
                                                                  -115.233885,
                                                                  36.1107902
                                                              ],
                                                              [
                                                                  -115.2338843,
                                                                  36.1111452
                                                              ],
                                                              [
                                                                  -115.233882,
                                                                  36.111326
                                                              ],
                                                              [
                                                                  -115.2338729,
                                                                  36.1115078
                                                              ],
                                                              [
                                                                  -115.233872,
                                                                  36.1118524
                                                              ],
                                                              [
                                                                  -115.2338701,
                                                                  36.112029
                                                              ],
                                                              [
                                                                  -115.233867,
                                                                  36.1122073
                                                              ],
                                                              [
                                                                  -115.2338643,
                                                                  36.1124214
                                                              ],
                                                              [
                                                                  -115.2338663,
                                                                  36.1126224
                                                              ],
                                                              [
                                                                  -115.2338626,
                                                                  36.112857
                                                              ],
                                                              [
                                                                  -115.2338583,
                                                                  36.1130992
                                                              ],
                                                              [
                                                                  -115.2338529,
                                                                  36.1132564
                                                              ],
                                                              [
                                                                  -115.2338546,
                                                                  36.1135505
                                                              ],
                                                              [
                                                                  -115.233852,
                                                                  36.1137051
                                                              ],
                                                              [
                                                                  -115.2338515,
                                                                  36.1138614
                                                              ],
                                                              [
                                                                  -115.2338489,
                                                                  36.1140796
                                                              ],
                                                              [
                                                                  -115.2338523,
                                                                  36.1142859
                                                              ],
                                                              [
                                                                  -115.2338476,
                                                                  36.1144728
                                                              ],
                                                              [
                                                                  -115.2338436,
                                                                  36.1146506
                                                              ],
                                                              [
                                                                  -115.2338476,
                                                                  36.114894
                                                              ],
                                                              [
                                                                  -115.2338489,
                                                                  36.1150643
                                                              ],
                                                              [
                                                                  -115.2338509,
                                                                  36.1152954
                                                              ],
                                                              [
                                                                  -115.2338516,
                                                                  36.1154545
                                                              ],
                                                              [
                                                                  -115.2338546,
                                                                  36.1156143
                                                              ],
                                                              [
                                                                  -115.233869,
                                                                  36.1157638
                                                              ],
                                                              [
                                                                  -115.2338811,
                                                                  36.1160442
                                                              ],
                                                              [
                                                                  -115.2338831,
                                                                  36.1163246
                                                              ],
                                                              [
                                                                  -115.2338844,
                                                                  36.1166096
                                                              ],
                                                              [
                                                                  -115.2338837,
                                                                  36.116894
                                                              ],
                                                              [
                                                                  -115.2338857,
                                                                  36.1171935
                                                              ],
                                                              [
                                                                  -115.2338837,
                                                                  36.1173907
                                                              ],
                                                              [
                                                                  -115.2338878,
                                                                  36.1175922
                                                              ],
                                                              [
                                                                  -115.2338885,
                                                                  36.1178784
                                                              ],
                                                              [
                                                                  -115.2338845,
                                                                  36.1181602
                                                              ],
                                                              [
                                                                  -115.2338926,
                                                                  36.1183195
                                                              ],
                                                              [
                                                                  -115.2338873,
                                                                  36.1185362
                                                              ],
                                                              [
                                                                  -115.2338866,
                                                                  36.1187284
                                                              ],
                                                              [
                                                                  -115.2338915,
                                                                  36.1191432
                                                              ],
                                                              [
                                                                  -115.2338987,
                                                                  36.1193544
                                                              ],
                                                              [
                                                                  -115.2339072,
                                                                  36.1195678
                                                              ],
                                                              [
                                                                  -115.2339095,
                                                                  36.1197873
                                                              ],
                                                              [
                                                                  -115.2339125,
                                                                  36.1200008
                                                              ],
                                                              [
                                                                  -115.2338954,
                                                                  36.1203185
                                                              ],
                                                              [
                                                                  -115.2338976,
                                                                  36.1204854
                                                              ],
                                                              [
                                                                  -115.2338991,
                                                                  36.1206595
                                                              ],
                                                              [
                                                                  -115.2338984,
                                                                  36.1208395
                                                              ],
                                                              [
                                                                  -115.2338991,
                                                                  36.1211038
                                                              ],
                                                              [
                                                                  -115.2339004,
                                                                  36.1213757
                                                              ],
                                                              [
                                                                  -115.2339014,
                                                                  36.1215357
                                                              ],
                                                              [
                                                                  -115.2338964,
                                                                  36.1217108
                                                              ],
                                                              [
                                                                  -115.2338884,
                                                                  36.1218778
                                                              ],
                                                              [
                                                                  -115.233874,
                                                                  36.1219949
                                                              ],
                                                              [
                                                                  -115.233869,
                                                                  36.1221163
                                                              ],
                                                              [
                                                                  -115.233871,
                                                                  36.1223657
                                                              ],
                                                              [
                                                                  -115.2338717,
                                                                  36.1225518
                                                              ],
                                                              [
                                                                  -115.2338757,
                                                                  36.12274
                                                              ],
                                                              [
                                                                  -115.2338763,
                                                                  36.1229771
                                                              ],
                                                              [
                                                                  -115.233877,
                                                                  36.123223
                                                              ],
                                                              [
                                                                  -115.2338777,
                                                                  36.123469299999996
                                                              ],
                                                              [
                                                                  -115.2338736,
                                                                  36.1237151
                                                              ],
                                                              [
                                                                  -115.2338719,
                                                                  36.1240153
                                                              ],
                                                              [
                                                                  -115.2338729,
                                                                  36.1243166
                                                              ],
                                                              [
                                                                  -115.2338739,
                                                                  36.1246201
                                                              ],
                                                              [
                                                                  -115.2338749,
                                                                  36.124923
                                                              ],
                                                              [
                                                                  -115.2338789,
                                                                  36.1251227
                                                              ],
                                                              [
                                                                  -115.2338812,
                                                                  36.1253242
                                                              ],
                                                              [
                                                                  -115.2338789,
                                                                  36.1255349
                                                              ],
                                                              [
                                                                  -115.2338762,
                                                                  36.1256874
                                                              ],
                                                              [
                                                                  -115.2338826,
                                                                  36.1258764
                                                              ],
                                                              [
                                                                  -115.2338836,
                                                                  36.1260649
                                                              ],
                                                              [
                                                                  -115.2338822,
                                                                  36.1263003
                                                              ],
                                                              [
                                                                  -115.2338822,
                                                                  36.1265319
                                                              ],
                                                              [
                                                                  -115.2338842,
                                                                  36.1267966
                                                              ],
                                                              [
                                                                  -115.2338822,
                                                                  36.1270575
                                                              ],
                                                              [
                                                                  -115.2338849,
                                                                  36.1272504
                                                              ],
                                                              [
                                                                  -115.2338856,
                                                                  36.1274395
                                                              ],
                                                              [
                                                                  -115.2338866,
                                                                  36.1277621
                                                              ],
                                                              [
                                                                  -115.2339092,
                                                                  36.1279587
                                                              ],
                                                              [
                                                                  -115.2339178,
                                                                  36.128113
                                                              ],
                                                              [
                                                                  -115.2339221,
                                                                  36.1283866
                                                              ],
                                                              [
                                                                  -115.2339285,
                                                                  36.1286603
                                                              ],
                                                              [
                                                                  -115.2338611,
                                                                  36.1288096
                                                              ],
                                                              [
                                                                  -115.2338548,
                                                                  36.1289725
                                                              ],
                                                              [
                                                                  -115.2338471,
                                                                  36.1291468
                                                              ],
                                                              [
                                                                  -115.2338355,
                                                                  36.1292066
                                                              ],
                                                              [
                                                                  -115.2337904,
                                                                  36.1292339
                                                              ],
                                                              [
                                                                  -115.2335927,
                                                                  36.1292261
                                                              ],
                                                              [
                                                                  -115.2332827,
                                                                  36.1292158
                                                              ],
                                                              [
                                                                  -115.232882,
                                                                  36.1292074
                                                              ],
                                                              [
                                                                  -115.2323254,
                                                                  36.1291974
                                                              ],
                                                              [
                                                                  -115.2317495,
                                                                  36.1291904
                                                              ],
                                                              [
                                                                  -115.2313591,
                                                                  36.1291806
                                                              ],
                                                              [
                                                                  -115.2309948,
                                                                  36.1291734
                                                              ],
                                                              [
                                                                  -115.2306542,
                                                                  36.1291666
                                                              ],
                                                              [
                                                                  -115.2300642,
                                                                  36.1291574
                                                              ],
                                                              [
                                                                  -115.2297443,
                                                                  36.1291485
                                                              ],
                                                              [
                                                                  -115.2294252,
                                                                  36.1291423
                                                              ],
                                                              [
                                                                  -115.2289077,
                                                                  36.1291309
                                                              ],
                                                              [
                                                                  -115.2283908,
                                                                  36.1291174
                                                              ],
                                                              [
                                                                  -115.2281,
                                                                  36.1291103
                                                              ],
                                                              [
                                                                  -115.2278113,
                                                                  36.1291063
                                                              ],
                                                              [
                                                                  -115.2274986,
                                                                  36.1290996
                                                              ],
                                                              [
                                                                  -115.2272087,
                                                                  36.1290923
                                                              ],
                                                              [
                                                                  -115.2268546,
                                                                  36.1290836
                                                              ],
                                                              [
                                                                  -115.2263882,
                                                                  36.1290736
                                                              ],
                                                              [
                                                                  -115.226052,
                                                                  36.1290638
                                                              ],
                                                              [
                                                                  -115.2254943,
                                                                  36.1290554
                                                              ],
                                                              [
                                                                  -115.22505,
                                                                  36.1290503
                                                              ],
                                                              [
                                                                  -115.22461,
                                                                  36.1290678
                                                              ],
                                                              [
                                                                  -115.22432,
                                                                  36.1290762
                                                              ],
                                                              [
                                                                  -115.22385,
                                                                  36.1291
                                                              ],
                                                              [
                                                                  -115.22381,
                                                                  36.12912
                                                              ],
                                                              [
                                                                  -115.2237662,
                                                                  36.129141
                                                              ],
                                                              [
                                                                  -115.223661,
                                                                  36.1291195
                                                              ],
                                                              [
                                                                  -115.2235665,
                                                                  36.1291174
                                                              ],
                                                              [
                                                                  -115.2233653,
                                                                  36.1291263
                                                              ],
                                                              [
                                                                  -115.22312,
                                                                  36.1291401
                                                              ],
                                                              [
                                                                  -115.2228572,
                                                                  36.129155
                                                              ],
                                                              [
                                                                  -115.2225715,
                                                                  36.1291701
                                                              ],
                                                              [
                                                                  -115.2221958,
                                                                  36.1291893
                                                              ],
                                                              [
                                                                  -115.2218771,
                                                                  36.1292064
                                                              ],
                                                              [
                                                                  -115.2215664,
                                                                  36.1292234
                                                              ],
                                                              [
                                                                  -115.2211612,
                                                                  36.1292447
                                                              ],
                                                              [
                                                                  -115.2207607,
                                                                  36.1292628
                                                              ],
                                                              [
                                                                  -115.220433,
                                                                  36.1292816
                                                              ],
                                                              [
                                                                  -115.220124,
                                                                  36.1292988
                                                              ],
                                                              [
                                                                  -115.2197187,
                                                                  36.1293155
                                                              ],
                                                              [
                                                                  -115.2195264,
                                                                  36.1293201
                                                              ],
                                                              [
                                                                  -115.2193382,
                                                                  36.1293289
                                                              ],
                                                              [
                                                                  -115.2189054,
                                                                  36.1293515
                                                              ],
                                                              [
                                                                  -115.2186146,
                                                                  36.1293663
                                                              ],
                                                              [
                                                                  -115.2183446,
                                                                  36.1293824
                                                              ],
                                                              [
                                                                  -115.2180627,
                                                                  36.1293974
                                                              ],
                                                              [
                                                                  -115.2177146,
                                                                  36.1294158
                                                              ],
                                                              [
                                                                  -115.2174,
                                                                  36.1294323
                                                              ],
                                                              [
                                                                  -115.2170593,
                                                                  36.1294477
                                                              ],
                                                              [
                                                                  -115.2167166,
                                                                  36.1294631
                                                              ],
                                                              [
                                                                  -115.2163336,
                                                                  36.1294823
                                                              ],
                                                              [
                                                                  -115.2160091,
                                                                  36.1294977
                                                              ],
                                                              [
                                                                  -115.2156826,
                                                                  36.1295169
                                                              ],
                                                              [
                                                                  -115.2154072,
                                                                  36.129532
                                                              ],
                                                              [
                                                                  -115.2151724,
                                                                  36.1295456
                                                              ],
                                                              [
                                                                  -115.2149429,
                                                                  36.1295592
                                                              ],
                                                              [
                                                                  -115.2147118,
                                                                  36.1295728
                                                              ],
                                                              [
                                                                  -115.2144807,
                                                                  36.1295863
                                                              ],
                                                              [
                                                                  -115.2141806,
                                                                  36.129602
                                                              ],
                                                              [
                                                                  -115.2139715,
                                                                  36.1296101
                                                              ],
                                                              [
                                                                  -115.2137663,
                                                                  36.1296181
                                                              ],
                                                              [
                                                                  -115.2135505,
                                                                  36.1296272
                                                              ],
                                                              [
                                                                  -115.2133199,
                                                                  36.1296401
                                                              ],
                                                              [
                                                                  -115.2130326,
                                                                  36.1296604
                                                              ],
                                                              [
                                                                  -115.2127173,
                                                                  36.1296798
                                                              ],
                                                              [
                                                                  -115.2123574,
                                                                  36.1296933
                                                              ],
                                                              [
                                                                  -115.2119597,
                                                                  36.1297158
                                                              ],
                                                              [
                                                                  -115.2115782,
                                                                  36.1297373
                                                              ],
                                                              [
                                                                  -115.211147,
                                                                  36.129758699999996
                                                              ],
                                                              [
                                                                  -115.2107199,
                                                                  36.1297833
                                                              ],
                                                              [
                                                                  -115.2104653,
                                                                  36.1297964
                                                              ],
                                                              [
                                                                  -115.2102121,
                                                                  36.1298096
                                                              ],
                                                              [
                                                                  -115.2097194,
                                                                  36.1298392
                                                              ],
                                                              [
                                                                  -115.2094908,
                                                                  36.1298488
                                                              ],
                                                              [
                                                                  -115.2092616,
                                                                  36.1298612
                                                              ],
                                                              [
                                                                  -115.2090298,
                                                                  36.1298811
                                                              ],
                                                              [
                                                                  -115.2088008,
                                                                  36.1298891
                                                              ],
                                                              [
                                                                  -115.2081688,
                                                                  36.1299031
                                                              ],
                                                              [
                                                                  -115.2078306,
                                                                  36.1299169
                                                              ],
                                                              [
                                                                  -115.2075428,
                                                                  36.1299207
                                                              ],
                                                              [
                                                                  -115.2072366,
                                                                  36.1299223
                                                              ],
                                                              [
                                                                  -115.2068993,
                                                                  36.129922
                                                              ],
                                                              [
                                                                  -115.2065749,
                                                                  36.1299264
                                                              ],
                                                              [
                                                                  -115.2062642,
                                                                  36.1299275
                                                              ],
                                                              [
                                                                  -115.2059137,
                                                                  36.1299313
                                                              ],
                                                              [
                                                                  -115.2056065,
                                                                  36.1299313
                                                              ],
                                                              [
                                                                  -115.2052652,
                                                                  36.1299345
                                                              ],
                                                              [
                                                                  -115.2049394,
                                                                  36.1299372
                                                              ],
                                                              [
                                                                  -115.204606,
                                                                  36.1299329
                                                              ],
                                                              [
                                                                  -115.2041417,
                                                                  36.1299322
                                                              ],
                                                              [
                                                                  -115.2038975,
                                                                  36.1299329
                                                              ],
                                                              [
                                                                  -115.2036479,
                                                                  36.129931
                                                              ],
                                                              [
                                                                  -115.2033076,
                                                                  36.1299445
                                                              ],
                                                              [
                                                                  -115.2029847,
                                                                  36.1299483
                                                              ],
                                                              [
                                                                  -115.2027117,
                                                                  36.1299472
                                                              ],
                                                              [
                                                                  -115.2023647,
                                                                  36.1299494
                                                              ],
                                                              [
                                                                  -115.2020628,
                                                                  36.1299494
                                                              ],
                                                              [
                                                                  -115.2017173,
                                                                  36.1299445
                                                              ],
                                                              [
                                                                  -115.2013647,
                                                                  36.1299391
                                                              ],
                                                              [
                                                                  -115.2008894,
                                                                  36.129941
                                                              ],
                                                              [
                                                                  -115.2006143,
                                                                  36.1299372
                                                              ],
                                                              [
                                                                  -115.2002538,
                                                                  36.1299274
                                                              ],
                                                              [
                                                                  -115.1999365,
                                                                  36.1299112
                                                              ],
                                                              [
                                                                  -115.1996269,
                                                                  36.1299112
                                                              ],
                                                              [
                                                                  -115.1991522,
                                                                  36.1299036
                                                              ],
                                                              [
                                                                  -115.1987337,
                                                                  36.1299203
                                                              ],
                                                              [
                                                                  -115.1984516,
                                                                  36.1299226
                                                              ],
                                                              [
                                                                  -115.1981925,
                                                                  36.1299333
                                                              ],
                                                              [
                                                                  -115.1977867,
                                                                  36.1299438
                                                              ],
                                                              [
                                                                  -115.1974776,
                                                                  36.1299517
                                                              ],
                                                              [
                                                                  -115.1971445,
                                                                  36.1299633
                                                              ],
                                                              [
                                                                  -115.1968222,
                                                                  36.1299828
                                                              ],
                                                              [
                                                                  -115.1962821,
                                                                  36.1299812
                                                              ],
                                                              [
                                                                  -115.1958834,
                                                                  36.1299928
                                                              ],
                                                              [
                                                                  -115.1954727,
                                                                  36.1300142
                                                              ],
                                                              [
                                                                  -115.1951946,
                                                                  36.130022
                                                              ],
                                                              [
                                                                  -115.1948676,
                                                                  36.1300382
                                                              ],
                                                              [
                                                                  -115.1945057,
                                                                  36.1300441
                                                              ],
                                                              [
                                                                  -115.1942068,
                                                                  36.1300433
                                                              ],
                                                              [
                                                                  -115.193942,
                                                                  36.130049
                                                              ],
                                                              [
                                                                  -115.193648,
                                                                  36.1300633
                                                              ],
                                                              [
                                                                  -115.1932741,
                                                                  36.1300868
                                                              ],
                                                              [
                                                                  -115.1929911,
                                                                  36.1300824
                                                              ],
                                                              [
                                                                  -115.1926995,
                                                                  36.1300877
                                                              ],
                                                              [
                                                                  -115.192362,
                                                                  36.130102
                                                              ],
                                                              [
                                                                  -115.1920179,
                                                                  36.1301066
                                                              ],
                                                              [
                                                                  -115.1917379,
                                                                  36.1301084
                                                              ],
                                                              [
                                                                  -115.191582,
                                                                  36.130075
                                                              ],
                                                              [
                                                                  -115.1914261,
                                                                  36.1300653
                                                              ],
                                                              [
                                                                  -115.191175,
                                                                  36.1300541
                                                              ],
                                                              [
                                                                  -115.1909152,
                                                                  36.1300418
                                                              ],
                                                              [
                                                                  -115.1906176,
                                                                  36.1300329
                                                              ],
                                                              [
                                                                  -115.190312,
                                                                  36.130031
                                                              ],
                                                              [
                                                                  -115.19017,
                                                                  36.13003
                                                              ],
                                                              [
                                                                  -115.18999,
                                                                  36.130013
                                                              ],
                                                              [
                                                                  -115.18962,
                                                                  36.1299897
                                                              ],
                                                              [
                                                                  -115.18917,
                                                                  36.1299657
                                                              ],
                                                              [
                                                                  -115.18877,
                                                                  36.1299551
                                                              ],
                                                              [
                                                                  -115.188435,
                                                                  36.1299411
                                                              ],
                                                              [
                                                                  -115.1880993,
                                                                  36.1299281
                                                              ],
                                                              [
                                                                  -115.18786,
                                                                  36.129914
                                                              ],
                                                              [
                                                                  -115.18749,
                                                                  36.1299009
                                                              ],
                                                              [
                                                                  -115.18712,
                                                                  36.1298862
                                                              ],
                                                              [
                                                                  -115.1862793,
                                                                  36.1298503
                                                              ],
                                                              [
                                                                  -115.1855113,
                                                                  36.1298175
                                                              ],
                                                              [
                                                                  -115.18506,
                                                                  36.1297889
                                                              ],
                                                              [
                                                                  -115.1844807,
                                                                  36.1297532
                                                              ],
                                                              [
                                                                  -115.1842093,
                                                                  36.129744
                                                              ],
                                                              [
                                                                  -115.1837967,
                                                                  36.1297232
                                                              ],
                                                              [
                                                                  -115.1832921,
                                                                  36.1297035
                                                              ],
                                                              [
                                                                  -115.1828653,
                                                                  36.1297044
                                                              ],
                                                              [
                                                                  -115.1826,
                                                                  36.1297162
                                                              ],
                                                              [
                                                                  -115.182292,
                                                                  36.1297527
                                                              ],
                                                              [
                                                                  -115.1819846,
                                                                  36.1298065
                                                              ],
                                                              [
                                                                  -115.181712,
                                                                  36.1298694
                                                              ],
                                                              [
                                                                  -115.1814585,
                                                                  36.1299543
                                                              ],
                                                              [
                                                                  -115.1811992,
                                                                  36.1300516
                                                              ],
                                                              [
                                                                  -115.1810858,
                                                                  36.1300914
                                                              ],
                                                              [
                                                                  -115.1809832,
                                                                  36.1301378
                                                              ],
                                                              [
                                                                  -115.1806671,
                                                                  36.1303159
                                                              ],
                                                              [
                                                                  -115.1804157,
                                                                  36.1304521
                                                              ],
                                                              [
                                                                  -115.1802224,
                                                                  36.1305621
                                                              ],
                                                              [
                                                                  -115.1798804,
                                                                  36.1307499
                                                              ],
                                                              [
                                                                  -115.1794712,
                                                                  36.1309634
                                                              ],
                                                              [
                                                                  -115.1791666,
                                                                  36.1310899
                                                              ],
                                                              [
                                                                  -115.1789001,
                                                                  36.1311768
                                                              ],
                                                              [
                                                                  -115.1786691,
                                                                  36.1312365
                                                              ],
                                                              [
                                                                  -115.1783539,
                                                                  36.1312862
                                                              ],
                                                              [
                                                                  -115.1780649,
                                                                  36.1313275
                                                              ],
                                                              [
                                                                  -115.1776,
                                                                  36.1313927
                                                              ],
                                                              [
                                                                  -115.1772893,
                                                                  36.1314383
                                                              ],
                                                              [
                                                                  -115.1769719,
                                                                  36.1314855
                                                              ],
                                                              [
                                                                  -115.1766666,
                                                                  36.1315283
                                                              ],
                                                              [
                                                                  -115.1762953,
                                                                  36.1315838
                                                              ],
                                                              [
                                                                  -115.175862,
                                                                  36.1316478
                                                              ],
                                                              [
                                                                  -115.1755146,
                                                                  36.1317
                                                              ],
                                                              [
                                                                  -115.1752631,
                                                                  36.1317278
                                                              ],
                                                              [
                                                                  -115.17498929999999,
                                                                  36.131744
                                                              ],
                                                              [
                                                                  -115.1747499,
                                                                  36.1317445
                                                              ],
                                                              [
                                                                  -115.1744493,
                                                                  36.1317283
                                                              ],
                                                              [
                                                                  -115.17417,
                                                                  36.1316959
                                                              ],
                                                              [
                                                                  -115.1739487,
                                                                  36.1316551
                                                              ],
                                                              [
                                                                  -115.1736673,
                                                                  36.1316056
                                                              ],
                                                              [
                                                                  -115.17341,
                                                                  36.13156
                                                              ],
                                                              [
                                                                  -115.173134,
                                                                  36.1315105
                                                              ],
                                                              [
                                                                  -115.1727507,
                                                                  36.1314416
                                                              ],
                                                              [
                                                                  -115.1725035,
                                                                  36.1314032
                                                              ],
                                                              [
                                                                  -115.1722,
                                                                  36.1313881
                                                              ],
                                                              [
                                                                  -115.17164,
                                                                  36.13138
                                                              ],
                                                              [
                                                                  -115.17137,
                                                                  36.13138
                                                              ],
                                                              [
                                                                  -115.17119,
                                                                  36.13138
                                                              ],
                                                              [
                                                                  -115.17093,
                                                                  36.1313738
                                                              ],
                                                              [
                                                                  -115.17071,
                                                                  36.1313749
                                                              ],
                                                              [
                                                                  -115.17049,
                                                                  36.13137
                                                              ],
                                                              [
                                                                  -115.170175,
                                                                  36.1313682
                                                              ],
                                                              [
                                                                  -115.1698573,
                                                                  36.1313649
                                                              ],
                                                              [
                                                                  -115.16943,
                                                                  36.1313532
                                                              ],
                                                              [
                                                                  -115.1691687,
                                                                  36.1313481
                                                              ],
                                                              [
                                                                  -115.16887,
                                                                  36.13134
                                                              ],
                                                              [
                                                                  -115.1685827,
                                                                  36.1313403
                                                              ],
                                                              [
                                                                  -115.1683287,
                                                                  36.1313465
                                                              ],
                                                              [
                                                                  -115.1680733,
                                                                  36.1313549
                                                              ],
                                                              [
                                                                  -115.1677593,
                                                                  36.1313554
                                                              ],
                                                              [
                                                                  -115.1673834,
                                                                  36.1313503
                                                              ],
                                                              [
                                                                  -115.16702,
                                                                  36.1313438
                                                              ],
                                                              [
                                                                  -115.16679,
                                                                  36.13132
                                                              ],
                                                              [
                                                                  -115.1665253,
                                                                  36.1312765
                                                              ],
                                                              [
                                                                  -115.1662887,
                                                                  36.1312238
                                                              ],
                                                              [
                                                                  -115.16616,
                                                                  36.13119
                                                              ],
                                                              [
                                                                  -115.1660666,
                                                                  36.1311632
                                                              ],
                                                              [
                                                                  -115.16597,
                                                                  36.13113
                                                              ],
                                                              [
                                                                  -115.16583,
                                                                  36.13108
                                                              ],
                                                              [
                                                                  -115.16572,
                                                                  36.13105
                                                              ],
                                                              [
                                                                  -115.16563,
                                                                  36.13101
                                                              ],
                                                              [
                                                                  -115.16561,
                                                                  36.131
                                                              ],
                                                              [
                                                                  -115.16551,
                                                                  36.13096
                                                              ],
                                                              [
                                                                  -115.16547,
                                                                  36.13094
                                                              ],
                                                              [
                                                                  -115.16543,
                                                                  36.13091
                                                              ],
                                                              [
                                                                  -115.16537,
                                                                  36.13088
                                                              ],
                                                              [
                                                                  -115.16533,
                                                                  36.13086
                                                              ],
                                                              [
                                                                  -115.16525,
                                                                  36.13081
                                                              ],
                                                              [
                                                                  -115.16518,
                                                                  36.13077
                                                              ],
                                                              [
                                                                  -115.16512,
                                                                  36.13073
                                                              ],
                                                              [
                                                                  -115.16505,
                                                                  36.13069
                                                              ],
                                                              [
                                                                  -115.16492,
                                                                  36.13061
                                                              ],
                                                              [
                                                                  -115.1648412,
                                                                  36.1305668
                                                              ],
                                                              [
                                                                  -115.1644793,
                                                                  36.1303365
                                                              ],
                                                              [
                                                                  -115.16425,
                                                                  36.13018
                                                              ],
                                                              [
                                                                  -115.1640627,
                                                                  36.1300586
                                                              ],
                                                              [
                                                                  -115.16389,
                                                                  36.12997
                                                              ],
                                                              [
                                                                  -115.16374,
                                                                  36.1299
                                                              ],
                                                              [
                                                                  -115.16357,
                                                                  36.12983
                                                              ],
                                                              [
                                                                  -115.16347,
                                                                  36.1297912
                                                              ],
                                                              [
                                                                  -115.16337,
                                                                  36.12976
                                                              ],
                                                              [
                                                                  -115.163225,
                                                                  36.1297168
                                                              ],
                                                              [
                                                                  -115.16308,
                                                                  36.12968
                                                              ],
                                                              [
                                                                  -115.1629857,
                                                                  36.1296558
                                                              ],
                                                              [
                                                                  -115.16289,
                                                                  36.1296349
                                                              ],
                                                              [
                                                                  -115.16281,
                                                                  36.12962
                                                              ],
                                                              [
                                                                  -115.16267,
                                                                  36.1295957
                                                              ],
                                                              [
                                                                  -115.16244,
                                                                  36.12957
                                                              ],
                                                              [
                                                                  -115.162184,
                                                                  36.129557
                                                              ],
                                                              [
                                                                  -115.1618847,
                                                                  36.1295519
                                                              ],
                                                              [
                                                                  -115.16156,
                                                                  36.1295481
                                                              ],
                                                              [
                                                                  -115.1613207,
                                                                  36.1295462
                                                              ],
                                                              [
                                                                  -115.1610654,
                                                                  36.129543
                                                              ],
                                                              [
                                                                  -115.1609227,
                                                                  36.1295466
                                                              ],
                                                              [
                                                                  -115.16078,
                                                                  36.1295535
                                                              ],
                                                              [
                                                                  -115.1606463,
                                                                  36.1295634
                                                              ],
                                                              [
                                                                  -115.1605127,
                                                                  36.1295776
                                                              ],
                                                              [
                                                                  -115.160152,
                                                                  36.1296165
                                                              ],
                                                              [
                                                                  -115.15993,
                                                                  36.1296308
                                                              ],
                                                              [
                                                                  -115.159662,
                                                                  36.1296365
                                                              ],
                                                              [
                                                                  -115.1594453,
                                                                  36.129633
                                                              ],
                                                              [
                                                                  -115.1592525,
                                                                  36.1296297
                                                              ],
                                                              [
                                                                  -115.1590093,
                                                                  36.1296243
                                                              ],
                                                              [
                                                                  -115.1587573,
                                                                  36.1296203
                                                              ],
                                                              [
                                                                  -115.1585,
                                                                  36.1296197
                                                              ],
                                                              [
                                                                  -115.1582673,
                                                                  36.129617
                                                              ],
                                                              [
                                                                  -115.1579687,
                                                                  36.1296118
                                                              ],
                                                              [
                                                                  -115.1576707,
                                                                  36.1296087
                                                              ],
                                                              [
                                                                  -115.1573703,
                                                                  36.1296031
                                                              ],
                                                              [
                                                                  -115.157072,
                                                                  36.1295997
                                                              ],
                                                              [
                                                                  -115.156732,
                                                                  36.1295965
                                                              ],
                                                              [
                                                                  -115.156566,
                                                                  36.1295854
                                                              ],
                                                              [
                                                                  -115.156483,
                                                                  36.129555
                                                              ],
                                                              [
                                                                  -115.1563819,
                                                                  36.1295175
                                                              ],
                                                              [
                                                                  -115.156182,
                                                                  36.1294869
                                                              ],
                                                              [
                                                                  -115.1559646,
                                                                  36.1294737
                                                              ],
                                                              [
                                                                  -115.1557292,
                                                                  36.1294558
                                                              ],
                                                              [
                                                                  -115.1553146,
                                                                  36.1294223
                                                              ],
                                                              [
                                                                  -115.1550105,
                                                                  36.1293861
                                                              ],
                                                              [
                                                                  -115.1549806,
                                                                  36.1293067
                                                              ],
                                                              [
                                                                  -115.1549762,
                                                                  36.1292208
                                                              ],
                                                              [
                                                                  -115.1549872,
                                                                  36.1288629
                                                              ],
                                                              [
                                                                  -115.1549982,
                                                                  36.1285316
                                                              ],
                                                              [
                                                                  -115.1550122,
                                                                  36.128317
                                                              ],
                                                              [
                                                                  -115.1550408,
                                                                  36.1280157
                                                              ],
                                                              [
                                                                  -115.1550522,
                                                                  36.1278743
                                                              ],
                                                              [
                                                                  -115.1550648,
                                                                  36.1276732
                                                              ],
                                                              [
                                                                  -115.1550849,
                                                                  36.1274611
                                                              ],
                                                              [
                                                                  -115.1550872,
                                                                  36.1271477
                                                              ],
                                                              [
                                                                  -115.1550788,
                                                                  36.12683
                                                              ],
                                                              [
                                                                  -115.1550982,
                                                                  36.1264699
                                                              ],
                                                              [
                                                                  -115.1550982,
                                                                  36.1262556
                                                              ],
                                                              [
                                                                  -115.1550949,
                                                                  36.1260473
                                                              ],
                                                              [
                                                                  -115.1550822,
                                                                  36.12583
                                                              ],
                                                              [
                                                                  -115.1550709,
                                                                  36.1256589
                                                              ],
                                                              [
                                                                  -115.1550582,
                                                                  36.1255051
                                                              ],
                                                              [
                                                                  -115.1550536,
                                                                  36.125284
                                                              ],
                                                              [
                                                                  -115.1550536,
                                                                  36.1251313
                                                              ],
                                                              [
                                                                  -115.155059,
                                                                  36.1249789
                                                              ],
                                                              [
                                                                  -115.1550643,
                                                                  36.124803
                                                              ],
                                                              [
                                                                  -115.1550656,
                                                                  36.1246211
                                                              ],
                                                              [
                                                                  -115.155067,
                                                                  36.1244371
                                                              ],
                                                              [
                                                                  -115.155071,
                                                                  36.1242119
                                                              ],
                                                              [
                                                                  -115.155071,
                                                                  36.1240165
                                                              ],
                                                              [
                                                                  -115.1550723,
                                                                  36.1238608
                                                              ],
                                                              [
                                                                  -115.155074,
                                                                  36.1236854
                                                              ],
                                                              [
                                                                  -115.1550783,
                                                                  36.1235088
                                                              ],
                                                              [
                                                                  -115.155074,
                                                                  36.1233388
                                                              ],
                                                              [
                                                                  -115.155073,
                                                                  36.1231862
                                                              ],
                                                              [
                                                                  -115.1550683,
                                                                  36.1229589
                                                              ],
                                                              [
                                                                  -115.1550472,
                                                                  36.1227503
                                                              ],
                                                              [
                                                                  -115.1550371,
                                                                  36.122552
                                                              ],
                                                              [
                                                                  -115.1550341,
                                                                  36.1223878
                                                              ],
                                                              [
                                                                  -115.1550445,
                                                                  36.1222372
                                                              ],
                                                              [
                                                                  -115.1550721,
                                                                  36.1219625
                                                              ],
                                                              [
                                                                  -115.1550735,
                                                                  36.1217327
                                                              ],
                                                              [
                                                                  -115.1550755,
                                                                  36.1215551
                                                              ],
                                                              [
                                                                  -115.1550841,
                                                                  36.1213622
                                                              ],
                                                              [
                                                                  -115.1550881,
                                                                  36.1211895
                                                              ],
                                                              [
                                                                  -115.1550871,
                                                                  36.1209758
                                                              ],
                                                              [
                                                                  -115.1550894,
                                                                  36.12076
                                                              ],
                                                              [
                                                                  -115.1550941,
                                                                  36.1205305
                                                              ],
                                                              [
                                                                  -115.1550948,
                                                                  36.1203768
                                                              ],
                                                              [
                                                                  -115.1550982,
                                                                  36.1202375
                                                              ],
                                                              [
                                                                  -115.1550871,
                                                                  36.1200158
                                                              ],
                                                              [
                                                                  -115.1550877,
                                                                  36.1197938
                                                              ],
                                                              [
                                                                  -115.1550877,
                                                                  36.11951
                                                              ],
                                                              [
                                                                  -115.1551202,
                                                                  36.1193499
                                                              ],
                                                              [
                                                                  -115.1551313,
                                                                  36.1191801
                                                              ],
                                                              [
                                                                  -115.1551292,
                                                                  36.1189061
                                                              ],
                                                              [
                                                                  -115.1551306,
                                                                  36.1187073
                                                              ],
                                                              [
                                                                  -115.1551466,
                                                                  36.1186082
                                                              ],
                                                              [
                                                                  -115.1551781,
                                                                  36.1185765
                                                              ],
                                                              [
                                                                  -115.1552297,
                                                                  36.1185676
                                                              ],
                                                              [
                                                                  -115.1556142,
                                                                  36.1185728
                                                              ],
                                                              [
                                                                  -115.1559227,
                                                                  36.1185725
                                                              ],
                                                              [
                                                                  -115.15616,
                                                                  36.1185722
                                                              ],
                                                              [
                                                                  -115.1565256,
                                                                  36.1185707
                                                              ],
                                                              [
                                                                  -115.156712,
                                                                  36.1185684
                                                              ],
                                                              [
                                                                  -115.1568978,
                                                                  36.1185758
                                                              ],
                                                              [
                                                                  -115.1569222,
                                                                  36.1186276
                                                              ],
                                                              [
                                                                  -115.1569359,
                                                                  36.1186828
                                                              ],
                                                              [
                                                                  -115.1569705,
                                                                  36.1188327
                                                              ],
                                                              [
                                                                  -115.1570132,
                                                                  36.1189489
                                                              ],
                                                              [
                                                                  -115.1570549,
                                                                  36.1190371
                                                              ],
                                                              [
                                                                  -115.1571254,
                                                                  36.119161
                                                              ],
                                                              [
                                                                  -115.1571985,
                                                                  36.1192849
                                                              ],
                                                              [
                                                                  -115.1572569,
                                                                  36.1193849
                                                              ],
                                                              [
                                                                  -115.1573163,
                                                                  36.1194888
                                                              ],
                                                              [
                                                                  -115.1573804,
                                                                  36.1195938
                                                              ],
                                                              [
                                                                  -115.1574438,
                                                                  36.1196983
                                                              ],
                                                              [
                                                                  -115.1575016,
                                                                  36.1198027
                                                              ],
                                                              [
                                                                  -115.1575724,
                                                                  36.1199614
                                                              ],
                                                              [
                                                                  -115.1576429,
                                                                  36.1201222
                                                              ],
                                                              [
                                                                  -115.1576797,
                                                                  36.1202419
                                                              ],
                                                              [
                                                                  -115.1577109,
                                                                  36.1203603
                                                              ],
                                                              [
                                                                  -115.1577138,
                                                                  36.1204293
                                                              ],
                                                              [
                                                                  -115.1576946,
                                                                  36.1204675
                                                              ],
                                                              [
                                                                  -115.15762,
                                                                  36.1204946
                                                              ],
                                                              [
                                                                  -115.15755,
                                                                  36.1205
                                                              ],
                                                              [
                                                                  -115.1574287,
                                                                  36.1205011
                                                              ],
                                                              [
                                                                  -115.15736,
                                                                  36.12049
                                                              ],
                                                              [
                                                                  -115.15728,
                                                                  36.12047
                                                              ],
                                                              [
                                                                  -115.15719,
                                                                  36.1204459
                                                              ],
                                                              [
                                                                  -115.15703,
                                                                  36.12042
                                                              ],
                                                              [
                                                                  -115.15691,
                                                                  36.12041
                                                              ],
                                                              [
                                                                  -115.1560544,
                                                                  36.1204282
                                                              ],
                                                              [
                                                                  -115.1560101,
                                                                  36.1204688
                                                              ],
                                                              [
                                                                  -115.1560094,
                                                                  36.1208682
                                                              ],
                                                              [
                                                                  -115.1560064,
                                                                  36.1210008
                                                              ],
                                                              [
                                                                  -115.1560532,
                                                                  36.1210259
                                                              ],
                                                              [
                                                                  -115.1565165,
                                                                  36.1210254
                                                              ],
                                                              [
                                                                  -115.1565994,
                                                                  36.1210215
                                                              ],
                                                              [
                                                                  -115.1566127,
                                                                  36.121074
                                                              ],
                                                              [
                                                                  -115.1566552,
                                                                  36.1211745
                                                              ],
                                                              [
                                                                  -115.1568693,
                                                                  36.1211864
                                                              ],
                                                              [
                                                                  -115.1569068,
                                                                  36.1211937
                                                              ],
                                                              [
                                                                  -115.1569281,
                                                                  36.1213397
                                                              ],
                                                              [
                                                                  -115.1570139,
                                                                  36.1213509
                                                              ],
                                                              [
                                                                  -115.1570996,
                                                                  36.1213448
                                                              ],
                                                              [
                                                                  -115.15729,
                                                                  36.1213517
                                                              ],
                                                              [
                                                                  -115.1574496,
                                                                  36.1213487
                                                              ],
                                                              [
                                                                  -115.1574865,
                                                                  36.1213168
                                                              ],
                                                              [
                                                                  -115.1574807,
                                                                  36.1211081
                                                              ],
                                                              [
                                                                  -115.1574913,
                                                                  36.1208347
                                                              ],
                                                              [
                                                                  -115.15718,
                                                                  36.12083
                                                              ]
                                                          ],
                                          "type":  "LineString"
                                      }
                     }
                 ]
}
