{
    "type":  "FeatureCollection",
    "features":  [
                     {
                         "type":  "Feature",
                         "properties":  {
                                            "name":  "F1 Zone A KH to Fashion show"
                                        },
                         "geometry":  {
                                          "coordinates":  [
                                                              [
                                                                  -115.239936,
                                                                  36.077817
                                                              ],
                                                              [
                                                                  -115.239586,
                                                                  36.077856
                                                              ],
                                                              [
                                                                  -115.239244,
                                                                  36.077866
                                                              ],
                                                              [
                                                                  -115.238796,
                                                                  36.077907
                                                              ],
                                                              [
                                                                  -115.238178,
                                                                  36.077919
                                                              ],
                                                              [
                                                                  -115.237564,
                                                                  36.077929
                                                              ],
                                                              [
                                                                  -115.237142,
                                                                  36.077936
                                                              ],
                                                              [
                                                                  -115.236755,
                                                                  36.077949
                                                              ],
                                                              [
                                                                  -115.236345,
                                                                  36.07796
                                                              ],
                                                              [
                                                                  -115.235943,
                                                                  36.077971
                                                              ],
                                                              [
                                                                  -115.235175,
                                                                  36.07797
                                                              ],
                                                              [
                                                                  -115.23484,
                                                                  36.077974
                                                              ],
                                                              [
                                                                  -115.234505,
                                                                  36.07798
                                                              ],
                                                              [
                                                                  -115.234102,
                                                                  36.077987
                                                              ],
                                                              [
                                                                  -115.233697,
                                                                  36.077995
                                                              ],
                                                              [
                                                                  -115.233711,
                                                                  36.078256
                                                              ],
                                                              [
                                                                  -115.233733,
                                                                  36.078538
                                                              ],
                                                              [
                                                                  -115.23374,
                                                                  36.078719
                                                              ],
                                                              [
                                                                  -115.233767,
                                                                  36.079254
                                                              ],
                                                              [
                                                                  -115.23378,
                                                                  36.079519
                                                              ],
                                                              [
                                                                  -115.233787,
                                                                  36.07979
                                                              ],
                                                              [
                                                                  -115.23379,
                                                                  36.079838
                                                              ],
                                                              [
                                                                  -115.233817,
                                                                  36.080346
                                                              ],
                                                              [
                                                                  -115.233842,
                                                                  36.080858
                                                              ],
                                                              [
                                                                  -115.233858,
                                                                  36.081244
                                                              ],
                                                              [
                                                                  -115.233877,
                                                                  36.081628
                                                              ],
                                                              [
                                                                  -115.233916,
                                                                  36.082536
                                                              ],
                                                              [
                                                                  -115.233938,
                                                                  36.082994
                                                              ],
                                                              [
                                                                  -115.233948,
                                                                  36.083221
                                                              ],
                                                              [
                                                                  -115.233964,
                                                                  36.083447
                                                              ],
                                                              [
                                                                  -115.23399,
                                                                  36.084058
                                                              ],
                                                              [
                                                                  -115.234002,
                                                                  36.084364
                                                              ],
                                                              [
                                                                  -115.234015,
                                                                  36.084667
                                                              ],
                                                              [
                                                                  -115.234016,
                                                                  36.084688
                                                              ],
                                                              [
                                                                  -115.23402,
                                                                  36.084722
                                                              ],
                                                              [
                                                                  -115.234017,
                                                                  36.084775
                                                              ],
                                                              [
                                                                  -115.233994,
                                                                  36.08486
                                                              ],
                                                              [
                                                                  -115.233991,
                                                                  36.084873
                                                              ],
                                                              [
                                                                  -115.233986,
                                                                  36.084899
                                                              ],
                                                              [
                                                                  -115.233991,
                                                                  36.085002
                                                              ],
                                                              [
                                                                  -115.233973,
                                                                  36.085223
                                                              ],
                                                              [
                                                                  -115.233702,
                                                                  36.085228
                                                              ],
                                                              [
                                                                  -115.232945,
                                                                  36.085236
                                                              ],
                                                              [
                                                                  -115.232539,
                                                                  36.08524
                                                              ],
                                                              [
                                                                  -115.232193,
                                                                  36.085244
                                                              ],
                                                              [
                                                                  -115.231861,
                                                                  36.085254
                                                              ],
                                                              [
                                                                  -115.231008,
                                                                  36.085266
                                                              ],
                                                              [
                                                                  -115.230725,
                                                                  36.085271
                                                              ],
                                                              [
                                                                  -115.229952,
                                                                  36.085286
                                                              ],
                                                              [
                                                                  -115.229061,
                                                                  36.085298
                                                              ],
                                                              [
                                                                  -115.228871,
                                                                  36.085297
                                                              ],
                                                              [
                                                                  -115.228686,
                                                                  36.085307
                                                              ],
                                                              [
                                                                  -115.228097,
                                                                  36.085314
                                                              ],
                                                              [
                                                                  -115.227792,
                                                                  36.085314
                                                              ],
                                                              [
                                                                  -115.227639,
                                                                  36.085322
                                                              ],
                                                              [
                                                                  -115.227485,
                                                                  36.085336
                                                              ],
                                                              [
                                                                  -115.227215,
                                                                  36.085344
                                                              ],
                                                              [
                                                                  -115.22708,
                                                                  36.085344
                                                              ],
                                                              [
                                                                  -115.227013,
                                                                  36.085347
                                                              ],
                                                              [
                                                                  -115.226935,
                                                                  36.085365
                                                              ],
                                                              [
                                                                  -115.226837,
                                                                  36.08536
                                                              ],
                                                              [
                                                                  -115.226743,
                                                                  36.085339
                                                              ],
                                                              [
                                                                  -115.226573,
                                                                  36.085341
                                                              ],
                                                              [
                                                                  -115.226413,
                                                                  36.085355
                                                              ],
                                                              [
                                                                  -115.226315,
                                                                  36.085354
                                                              ],
                                                              [
                                                                  -115.226254,
                                                                  36.085329
                                                              ],
                                                              [
                                                                  -115.22583,
                                                                  36.08534
                                                              ],
                                                              [
                                                                  -115.225616,
                                                                  36.085345
                                                              ],
                                                              [
                                                                  -115.225405,
                                                                  36.085353
                                                              ],
                                                              [
                                                                  -115.22533,
                                                                  36.085355
                                                              ],
                                                              [
                                                                  -115.224864,
                                                                  36.085367
                                                              ],
                                                              [
                                                                  -115.224503,
                                                                  36.08538
                                                              ],
                                                              [
                                                                  -115.224378,
                                                                  36.08539
                                                              ],
                                                              [
                                                                  -115.224259,
                                                                  36.085408
                                                              ],
                                                              [
                                                                  -115.224079,
                                                                  36.085424
                                                              ],
                                                              [
                                                                  -115.223812,
                                                                  36.085439
                                                              ],
                                                              [
                                                                  -115.223468,
                                                                  36.085459
                                                              ],
                                                              [
                                                                  -115.22313,
                                                                  36.085479
                                                              ],
                                                              [
                                                                  -115.222569,
                                                                  36.085512
                                                              ],
                                                              [
                                                                  -115.222014,
                                                                  36.085543
                                                              ],
                                                              [
                                                                  -115.221835,
                                                                  36.085552
                                                              ],
                                                              [
                                                                  -115.2214,
                                                                  36.085573
                                                              ],
                                                              [
                                                                  -115.220955,
                                                                  36.085594
                                                              ],
                                                              [
                                                                  -115.220067,
                                                                  36.085646
                                                              ],
                                                              [
                                                                  -115.219411,
                                                                  36.085683
                                                              ],
                                                              [
                                                                  -115.218763,
                                                                  36.085716
                                                              ],
                                                              [
                                                                  -115.218247,
                                                                  36.08575
                                                              ],
                                                              [
                                                                  -115.217883,
                                                                  36.085769
                                                              ],
                                                              [
                                                                  -115.217365,
                                                                  36.085794
                                                              ],
                                                              [
                                                                  -115.216599,
                                                                  36.085838
                                                              ],
                                                              [
                                                                  -115.216114,
                                                                  36.085863
                                                              ],
                                                              [
                                                                  -115.215646,
                                                                  36.085897
                                                              ],
                                                              [
                                                                  -115.215209,
                                                                  36.085918
                                                              ],
                                                              [
                                                                  -115.214848,
                                                                  36.085934
                                                              ],
                                                              [
                                                                  -115.214513,
                                                                  36.085956
                                                              ],
                                                              [
                                                                  -115.214011,
                                                                  36.085983
                                                              ],
                                                              [
                                                                  -115.213552,
                                                                  36.086013
                                                              ],
                                                              [
                                                                  -115.212901,
                                                                  36.086046
                                                              ],
                                                              [
                                                                  -115.212561,
                                                                  36.086059
                                                              ],
                                                              [
                                                                  -115.212401,
                                                                  36.086067
                                                              ],
                                                              [
                                                                  -115.212241,
                                                                  36.086084
                                                              ],
                                                              [
                                                                  -115.21207,
                                                                  36.086098
                                                              ],
                                                              [
                                                                  -115.211905,
                                                                  36.086103
                                                              ],
                                                              [
                                                                  -115.211569,
                                                                  36.086117
                                                              ],
                                                              [
                                                                  -115.210949,
                                                                  36.08615
                                                              ],
                                                              [
                                                                  -115.210084,
                                                                  36.086198
                                                              ],
                                                              [
                                                                  -115.209723,
                                                                  36.086214
                                                              ],
                                                              [
                                                                  -115.209332,
                                                                  36.086232
                                                              ],
                                                              [
                                                                  -115.208912,
                                                                  36.086252
                                                              ],
                                                              [
                                                                  -115.208035,
                                                                  36.086302
                                                              ],
                                                              [
                                                                  -115.207784,
                                                                  36.086313
                                                              ],
                                                              [
                                                                  -115.207348,
                                                                  36.086309
                                                              ],
                                                              [
                                                                  -115.206913,
                                                                  36.086304
                                                              ],
                                                              [
                                                                  -115.206644,
                                                                  36.086306
                                                              ],
                                                              [
                                                                  -115.206481,
                                                                  36.086321
                                                              ],
                                                              [
                                                                  -115.206285,
                                                                  36.086319
                                                              ],
                                                              [
                                                                  -115.206122,
                                                                  36.086316
                                                              ],
                                                              [
                                                                  -115.205706,
                                                                  36.086314
                                                              ],
                                                              [
                                                                  -115.205318,
                                                                  36.086314
                                                              ],
                                                              [
                                                                  -115.204931,
                                                                  36.086316
                                                              ],
                                                              [
                                                                  -115.204601,
                                                                  36.08633
                                                              ],
                                                              [
                                                                  -115.20447,
                                                                  36.086331
                                                              ],
                                                              [
                                                                  -115.204347,
                                                                  36.086316
                                                              ],
                                                              [
                                                                  -115.204103,
                                                                  36.086305
                                                              ],
                                                              [
                                                                  -115.203855,
                                                                  36.086315
                                                              ],
                                                              [
                                                                  -115.2033,
                                                                  36.08631
                                                              ],
                                                              [
                                                                  -115.202779,
                                                                  36.086308
                                                              ],
                                                              [
                                                                  -115.202495,
                                                                  36.086308
                                                              ],
                                                              [
                                                                  -115.202137,
                                                                  36.086308
                                                              ],
                                                              [
                                                                  -115.201908,
                                                                  36.08631
                                                              ],
                                                              [
                                                                  -115.2015,
                                                                  36.086305
                                                              ],
                                                              [
                                                                  -115.201049,
                                                                  36.086303
                                                              ],
                                                              [
                                                                  -115.200293,
                                                                  36.086304
                                                              ],
                                                              [
                                                                  -115.199955,
                                                                  36.086308
                                                              ],
                                                              [
                                                                  -115.199185,
                                                                  36.086308
                                                              ],
                                                              [
                                                                  -115.199007,
                                                                  36.086295
                                                              ],
                                                              [
                                                                  -115.198824,
                                                                  36.086296
                                                              ],
                                                              [
                                                                  -115.198453,
                                                                  36.086297
                                                              ],
                                                              [
                                                                  -115.198042,
                                                                  36.086299
                                                              ],
                                                              [
                                                                  -115.197691,
                                                                  36.086301
                                                              ],
                                                              [
                                                                  -115.196907,
                                                                  36.086304
                                                              ],
                                                              [
                                                                  -115.1965,
                                                                  36.086306
                                                              ],
                                                              [
                                                                  -115.195843,
                                                                  36.086308
                                                              ],
                                                              [
                                                                  -115.195573,
                                                                  36.086308
                                                              ],
                                                              [
                                                                  -115.19531,
                                                                  36.0863
                                                              ],
                                                              [
                                                                  -115.195247,
                                                                  36.086287
                                                              ],
                                                              [
                                                                  -115.195178,
                                                                  36.086282
                                                              ],
                                                              [
                                                                  -115.195013,
                                                                  36.086296
                                                              ],
                                                              [
                                                                  -115.194844,
                                                                  36.0863
                                                              ],
                                                              [
                                                                  -115.194509,
                                                                  36.086305
                                                              ],
                                                              [
                                                                  -115.194378,
                                                                  36.08629
                                                              ],
                                                              [
                                                                  -115.19422,
                                                                  36.086293
                                                              ],
                                                              [
                                                                  -115.193629,
                                                                  36.086302
                                                              ],
                                                              [
                                                                  -115.193029,
                                                                  36.086308
                                                              ],
                                                              [
                                                                  -115.192697,
                                                                  36.086309
                                                              ],
                                                              [
                                                                  -115.192238,
                                                                  36.086284
                                                              ],
                                                              [
                                                                  -115.191725,
                                                                  36.086285
                                                              ],
                                                              [
                                                                  -115.191208,
                                                                  36.086284
                                                              ],
                                                              [
                                                                  -115.191048,
                                                                  36.086305
                                                              ],
                                                              [
                                                                  -115.190969,
                                                                  36.086312
                                                              ],
                                                              [
                                                                  -115.190856,
                                                                  36.086314
                                                              ],
                                                              [
                                                                  -115.19062,
                                                                  36.086313
                                                              ],
                                                              [
                                                                  -115.190286,
                                                                  36.086311
                                                              ],
                                                              [
                                                                  -115.189965,
                                                                  36.086308
                                                              ],
                                                              [
                                                                  -115.18978,
                                                                  36.086313
                                                              ],
                                                              [
                                                                  -115.189737,
                                                                  36.086385
                                                              ],
                                                              [
                                                                  -115.189725,
                                                                  36.086424
                                                              ],
                                                              [
                                                                  -115.18972,
                                                                  36.086466
                                                              ],
                                                              [
                                                                  -115.189726,
                                                                  36.086568
                                                              ],
                                                              [
                                                                  -115.189727,
                                                                  36.086729
                                                              ],
                                                              [
                                                                  -115.189729,
                                                                  36.086903
                                                              ],
                                                              [
                                                                  -115.189727,
                                                                  36.08708
                                                              ],
                                                              [
                                                                  -115.18975,
                                                                  36.087266
                                                              ],
                                                              [
                                                                  -115.189759,
                                                                  36.087591
                                                              ],
                                                              [
                                                                  -115.189756,
                                                                  36.087844
                                                              ],
                                                              [
                                                                  -115.189753,
                                                                  36.088103
                                                              ],
                                                              [
                                                                  -115.189752,
                                                                  36.088225
                                                              ],
                                                              [
                                                                  -115.18975,
                                                                  36.088399
                                                              ],
                                                              [
                                                                  -115.189751,
                                                                  36.088658
                                                              ],
                                                              [
                                                                  -115.189746,
                                                                  36.088975
                                                              ],
                                                              [
                                                                  -115.189745,
                                                                  36.089154
                                                              ],
                                                              [
                                                                  -115.189738,
                                                                  36.089466
                                                              ],
                                                              [
                                                                  -115.18974,
                                                                  36.089681
                                                              ],
                                                              [
                                                                  -115.189741,
                                                                  36.089778
                                                              ],
                                                              [
                                                                  -115.189744,
                                                                  36.089966
                                                              ],
                                                              [
                                                                  -115.189745,
                                                                  36.090098
                                                              ],
                                                              [
                                                                  -115.189744,
                                                                  36.090226
                                                              ],
                                                              [
                                                                  -115.189744,
                                                                  36.090396
                                                              ],
                                                              [
                                                                  -115.189744,
                                                                  36.090639
                                                              ],
                                                              [
                                                                  -115.189744,
                                                                  36.090779
                                                              ],
                                                              [
                                                                  -115.18974,
                                                                  36.090987
                                                              ],
                                                              [
                                                                  -115.189741,
                                                                  36.091124
                                                              ],
                                                              [
                                                                  -115.189741,
                                                                  36.091239
                                                              ],
                                                              [
                                                                  -115.189739,
                                                                  36.091517
                                                              ],
                                                              [
                                                                  -115.189739,
                                                                  36.091789
                                                              ],
                                                              [
                                                                  -115.18974,
                                                                  36.092047
                                                              ],
                                                              [
                                                                  -115.189742,
                                                                  36.09231
                                                              ],
                                                              [
                                                                  -115.189744,
                                                                  36.092472
                                                              ],
                                                              [
                                                                  -115.189738,
                                                                  36.092633
                                                              ],
                                                              [
                                                                  -115.189739,
                                                                  36.092675
                                                              ],
                                                              [
                                                                  -115.189739,
                                                                  36.092722
                                                              ],
                                                              [
                                                                  -115.18976,
                                                                  36.092766
                                                              ],
                                                              [
                                                                  -115.18979,
                                                                  36.09282
                                                              ],
                                                              [
                                                                  -115.189782,
                                                                  36.092899
                                                              ],
                                                              [
                                                                  -115.189775,
                                                                  36.092983
                                                              ],
                                                              [
                                                                  -115.189779,
                                                                  36.093245
                                                              ],
                                                              [
                                                                  -115.189785,
                                                                  36.09359
                                                              ],
                                                              [
                                                                  -115.189778,
                                                                  36.093692
                                                              ],
                                                              [
                                                                  -115.189775,
                                                                  36.093878
                                                              ],
                                                              [
                                                                  -115.189774,
                                                                  36.094333
                                                              ],
                                                              [
                                                                  -115.189778,
                                                                  36.09447
                                                              ],
                                                              [
                                                                  -115.189777,
                                                                  36.094566
                                                              ],
                                                              [
                                                                  -115.189776,
                                                                  36.094664
                                                              ],
                                                              [
                                                                  -115.189779,
                                                                  36.094923
                                                              ],
                                                              [
                                                                  -115.189772,
                                                                  36.095235
                                                              ],
                                                              [
                                                                  -115.18977,
                                                                  36.095428
                                                              ],
                                                              [
                                                                  -115.189772,
                                                                  36.095942
                                                              ],
                                                              [
                                                                  -115.189767,
                                                                  36.096076
                                                              ],
                                                              [
                                                                  -115.189767,
                                                                  36.096212
                                                              ],
                                                              [
                                                                  -115.189766,
                                                                  36.096421
                                                              ],
                                                              [
                                                                  -115.189762,
                                                                  36.096657
                                                              ],
                                                              [
                                                                  -115.189764,
                                                                  36.096844
                                                              ],
                                                              [
                                                                  -115.189775,
                                                                  36.097227
                                                              ],
                                                              [
                                                                  -115.189773,
                                                                  36.097595
                                                              ],
                                                              [
                                                                  -115.189776,
                                                                  36.09796
                                                              ],
                                                              [
                                                                  -115.189768,
                                                                  36.098314
                                                              ],
                                                              [
                                                                  -115.189767,
                                                                  36.098658
                                                              ],
                                                              [
                                                                  -115.189766,
                                                                  36.098794
                                                              ],
                                                              [
                                                                  -115.189762,
                                                                  36.099064
                                                              ],
                                                              [
                                                                  -115.189765,
                                                                  36.099368
                                                              ],
                                                              [
                                                                  -115.189766,
                                                                  36.099665
                                                              ],
                                                              [
                                                                  -115.189764,
                                                                  36.099784
                                                              ],
                                                              [
                                                                  -115.189775,
                                                                  36.099904
                                                              ],
                                                              [
                                                                  -115.189792,
                                                                  36.099998
                                                              ],
                                                              [
                                                                  -115.189782,
                                                                  36.100112
                                                              ],
                                                              [
                                                                  -115.189785,
                                                                  36.100262
                                                              ],
                                                              [
                                                                  -115.189766,
                                                                  36.100409
                                                              ],
                                                              [
                                                                  -115.18976,
                                                                  36.100491
                                                              ],
                                                              [
                                                                  -115.189729,
                                                                  36.100823
                                                              ],
                                                              [
                                                                  -115.189742,
                                                                  36.100916
                                                              ],
                                                              [
                                                                  -115.189773,
                                                                  36.101009
                                                              ],
                                                              [
                                                                  -115.189762,
                                                                  36.101078
                                                              ],
                                                              [
                                                                  -115.189749,
                                                                  36.101302
                                                              ],
                                                              [
                                                                  -115.189812,
                                                                  36.101707
                                                              ],
                                                              [
                                                                  -115.189829,
                                                                  36.101819
                                                              ],
                                                              [
                                                                  -115.189832,
                                                                  36.10186
                                                              ],
                                                              [
                                                                  -115.189822,
                                                                  36.101887
                                                              ],
                                                              [
                                                                  -115.189802,
                                                                  36.101899
                                                              ],
                                                              [
                                                                  -115.1898,
                                                                  36.101925
                                                              ],
                                                              [
                                                                  -115.189835,
                                                                  36.10196
                                                              ],
                                                              [
                                                                  -115.189837,
                                                                  36.102153
                                                              ],
                                                              [
                                                                  -115.189825,
                                                                  36.102272
                                                              ],
                                                              [
                                                                  -115.189818,
                                                                  36.102363
                                                              ],
                                                              [
                                                                  -115.189813,
                                                                  36.102616
                                                              ],
                                                              [
                                                                  -115.189808,
                                                                  36.102871
                                                              ],
                                                              [
                                                                  -115.189809,
                                                                  36.103137
                                                              ],
                                                              [
                                                                  -115.189818,
                                                                  36.103377
                                                              ],
                                                              [
                                                                  -115.189817,
                                                                  36.103608
                                                              ],
                                                              [
                                                                  -115.189818,
                                                                  36.103749
                                                              ],
                                                              [
                                                                  -115.189813,
                                                                  36.103958
                                                              ],
                                                              [
                                                                  -115.189805,
                                                                  36.104165
                                                              ],
                                                              [
                                                                  -115.189808,
                                                                  36.104456
                                                              ],
                                                              [
                                                                  -115.18978,
                                                                  36.104669
                                                              ],
                                                              [
                                                                  -115.189777,
                                                                  36.105119
                                                              ],
                                                              [
                                                                  -115.189773,
                                                                  36.105343
                                                              ],
                                                              [
                                                                  -115.18977,
                                                                  36.105562
                                                              ],
                                                              [
                                                                  -115.189748,
                                                                  36.105926
                                                              ],
                                                              [
                                                                  -115.189712,
                                                                  36.10617
                                                              ],
                                                              [
                                                                  -115.189646,
                                                                  36.106444
                                                              ],
                                                              [
                                                                  -115.189541,
                                                                  36.10667
                                                              ],
                                                              [
                                                                  -115.189488,
                                                                  36.10677
                                                              ],
                                                              [
                                                                  -115.189433,
                                                                  36.106857
                                                              ],
                                                              [
                                                                  -115.189391,
                                                                  36.10693
                                                              ],
                                                              [
                                                                  -115.189322,
                                                                  36.10703
                                                              ],
                                                              [
                                                                  -115.189196,
                                                                  36.107182
                                                              ],
                                                              [
                                                                  -115.189105,
                                                                  36.10729
                                                              ],
                                                              [
                                                                  -115.189,
                                                                  36.107427
                                                              ],
                                                              [
                                                                  -115.188885,
                                                                  36.1076
                                                              ],
                                                              [
                                                                  -115.188765,
                                                                  36.10776
                                                              ],
                                                              [
                                                                  -115.188707,
                                                                  36.107837
                                                              ],
                                                              [
                                                                  -115.188665,
                                                                  36.10792
                                                              ],
                                                              [
                                                                  -115.188625,
                                                                  36.10799
                                                              ],
                                                              [
                                                                  -115.188494,
                                                                  36.10815
                                                              ],
                                                              [
                                                                  -115.188376,
                                                                  36.10825
                                                              ],
                                                              [
                                                                  -115.188268,
                                                                  36.108321
                                                              ],
                                                              [
                                                                  -115.188114,
                                                                  36.108377
                                                              ],
                                                              [
                                                                  -115.187967,
                                                                  36.108413
                                                              ],
                                                              [
                                                                  -115.187823,
                                                                  36.108413
                                                              ],
                                                              [
                                                                  -115.187676,
                                                                  36.108409
                                                              ],
                                                              [
                                                                  -115.187562,
                                                                  36.108405
                                                              ],
                                                              [
                                                                  -115.187469,
                                                                  36.108411
                                                              ],
                                                              [
                                                                  -115.187335,
                                                                  36.108437
                                                              ],
                                                              [
                                                                  -115.18702,
                                                                  36.10838
                                                              ],
                                                              [
                                                                  -115.186794,
                                                                  36.108344
                                                              ],
                                                              [
                                                                  -115.186402,
                                                                  36.108285
                                                              ],
                                                              [
                                                                  -115.186177,
                                                                  36.108252
                                                              ],
                                                              [
                                                                  -115.185866,
                                                                  36.108216
                                                              ],
                                                              [
                                                                  -115.185598,
                                                                  36.10819
                                                              ],
                                                              [
                                                                  -115.185262,
                                                                  36.108168
                                                              ],
                                                              [
                                                                  -115.184922,
                                                                  36.108148
                                                              ],
                                                              [
                                                                  -115.184608,
                                                                  36.108148
                                                              ],
                                                              [
                                                                  -115.184294,
                                                                  36.108145
                                                              ],
                                                              [
                                                                  -115.183972,
                                                                  36.108168
                                                              ],
                                                              [
                                                                  -115.183383,
                                                                  36.108152
                                                              ],
                                                              [
                                                                  -115.183347,
                                                                  36.108228
                                                              ],
                                                              [
                                                                  -115.183318,
                                                                  36.108334
                                                              ],
                                                              [
                                                                  -115.183263,
                                                                  36.108621
                                                              ],
                                                              [
                                                                  -115.18319,
                                                                  36.10877
                                                              ],
                                                              [
                                                                  -115.183143,
                                                                  36.108822
                                                              ],
                                                              [
                                                                  -115.183103,
                                                                  36.108873
                                                              ],
                                                              [
                                                                  -115.183003,
                                                                  36.108891
                                                              ],
                                                              [
                                                                  -115.182914,
                                                                  36.108915
                                                              ],
                                                              [
                                                                  -115.182727,
                                                                  36.108913
                                                              ],
                                                              [
                                                                  -115.182473,
                                                                  36.108909
                                                              ],
                                                              [
                                                                  -115.182202,
                                                                  36.108896
                                                              ],
                                                              [
                                                                  -115.181984,
                                                                  36.108872
                                                              ],
                                                              [
                                                                  -115.181758,
                                                                  36.108852
                                                              ],
                                                              [
                                                                  -115.181534,
                                                                  36.10885
                                                              ],
                                                              [
                                                                  -115.181413,
                                                                  36.108848
                                                              ],
                                                              [
                                                                  -115.181306,
                                                                  36.108855
                                                              ],
                                                              [
                                                                  -115.181189,
                                                                  36.10888
                                                              ],
                                                              [
                                                                  -115.181158,
                                                                  36.108984
                                                              ],
                                                              [
                                                                  -115.181145,
                                                                  36.109087
                                                              ],
                                                              [
                                                                  -115.181139,
                                                                  36.109353
                                                              ],
                                                              [
                                                                  -115.181134,
                                                                  36.109652
                                                              ],
                                                              [
                                                                  -115.181133,
                                                                  36.109873
                                                              ],
                                                              [
                                                                  -115.181131,
                                                                  36.11
                                                              ],
                                                              [
                                                                  -115.181139,
                                                                  36.110127
                                                              ],
                                                              [
                                                                  -115.181148,
                                                                  36.110313
                                                              ],
                                                              [
                                                                  -115.181163,
                                                                  36.110582
                                                              ],
                                                              [
                                                                  -115.181175,
                                                                  36.110801
                                                              ],
                                                              [
                                                                  -115.181191,
                                                                  36.111083
                                                              ],
                                                              [
                                                                  -115.181204,
                                                                  36.111206
                                                              ],
                                                              [
                                                                  -115.18122,
                                                                  36.111329
                                                              ],
                                                              [
                                                                  -115.181233,
                                                                  36.111423
                                                              ],
                                                              [
                                                                  -115.18126,
                                                                  36.111517
                                                              ],
                                                              [
                                                                  -115.181295,
                                                                  36.111613
                                                              ],
                                                              [
                                                                  -115.181345,
                                                                  36.111709
                                                              ],
                                                              [
                                                                  -115.181393,
                                                                  36.111801
                                                              ],
                                                              [
                                                                  -115.18146,
                                                                  36.111885
                                                              ],
                                                              [
                                                                  -115.181577,
                                                                  36.112023
                                                              ],
                                                              [
                                                                  -115.181724,
                                                                  36.112168
                                                              ],
                                                              [
                                                                  -115.181884,
                                                                  36.112298
                                                              ],
                                                              [
                                                                  -115.182061,
                                                                  36.112411
                                                              ],
                                                              [
                                                                  -115.182289,
                                                                  36.112562
                                                              ],
                                                              [
                                                                  -115.182502,
                                                                  36.112705
                                                              ],
                                                              [
                                                                  -115.182858,
                                                                  36.11294
                                                              ],
                                                              [
                                                                  -115.183026,
                                                                  36.113087
                                                              ],
                                                              [
                                                                  -115.183168,
                                                                  36.113256
                                                              ],
                                                              [
                                                                  -115.183253,
                                                                  36.113396
                                                              ],
                                                              [
                                                                  -115.183325,
                                                                  36.113559
                                                              ],
                                                              [
                                                                  -115.183352,
                                                                  36.113632
                                                              ],
                                                              [
                                                                  -115.183363,
                                                                  36.11374
                                                              ],
                                                              [
                                                                  -115.183363,
                                                                  36.113845
                                                              ],
                                                              [
                                                                  -115.183369,
                                                                  36.114137
                                                              ],
                                                              [
                                                                  -115.18337,
                                                                  36.114418
                                                              ],
                                                              [
                                                                  -115.18337,
                                                                  36.114706
                                                              ],
                                                              [
                                                                  -115.183356,
                                                                  36.114945
                                                              ],
                                                              [
                                                                  -115.183352,
                                                                  36.115078
                                                              ],
                                                              [
                                                                  -115.183344,
                                                                  36.11517
                                                              ],
                                                              [
                                                                  -115.183332,
                                                                  36.115218
                                                              ],
                                                              [
                                                                  -115.183312,
                                                                  36.115315
                                                              ],
                                                              [
                                                                  -115.183285,
                                                                  36.115384
                                                              ],
                                                              [
                                                                  -115.183248,
                                                                  36.11546
                                                              ],
                                                              [
                                                                  -115.183188,
                                                                  36.115585
                                                              ],
                                                              [
                                                                  -115.183126,
                                                                  36.115711
                                                              ],
                                                              [
                                                                  -115.183062,
                                                                  36.115841
                                                              ],
                                                              [
                                                                  -115.182997,
                                                                  36.115968
                                                              ],
                                                              [
                                                                  -115.182827,
                                                                  36.11629
                                                              ],
                                                              [
                                                                  -115.182788,
                                                                  36.116363
                                                              ],
                                                              [
                                                                  -115.182716,
                                                                  36.116507
                                                              ],
                                                              [
                                                                  -115.182612,
                                                                  36.116681
                                                              ],
                                                              [
                                                                  -115.182505,
                                                                  36.116894
                                                              ],
                                                              [
                                                                  -115.182345,
                                                                  36.117189
                                                              ],
                                                              [
                                                                  -115.182258,
                                                                  36.117354
                                                              ],
                                                              [
                                                                  -115.182208,
                                                                  36.117451
                                                              ],
                                                              [
                                                                  -115.182158,
                                                                  36.117545
                                                              ],
                                                              [
                                                                  -115.182136,
                                                                  36.117595
                                                              ],
                                                              [
                                                                  -115.182104,
                                                                  36.117642
                                                              ],
                                                              [
                                                                  -115.182074,
                                                                  36.117698
                                                              ],
                                                              [
                                                                  -115.182038,
                                                                  36.117754
                                                              ],
                                                              [
                                                                  -115.181984,
                                                                  36.117814
                                                              ],
                                                              [
                                                                  -115.181843,
                                                                  36.118012
                                                              ],
                                                              [
                                                                  -115.181819,
                                                                  36.118048
                                                              ],
                                                              [
                                                                  -115.181798,
                                                                  36.118074
                                                              ],
                                                              [
                                                                  -115.181717,
                                                                  36.118186
                                                              ],
                                                              [
                                                                  -115.181615,
                                                                  36.11837
                                                              ],
                                                              [
                                                                  -115.181577,
                                                                  36.118456
                                                              ],
                                                              [
                                                                  -115.181548,
                                                                  36.118548
                                                              ],
                                                              [
                                                                  -115.181506,
                                                                  36.118694
                                                              ],
                                                              [
                                                                  -115.181494,
                                                                  36.118789
                                                              ],
                                                              [
                                                                  -115.18149,
                                                                  36.11902
                                                              ],
                                                              [
                                                                  -115.181485,
                                                                  36.11918
                                                              ],
                                                              [
                                                                  -115.181485,
                                                                  36.1192
                                                              ],
                                                              [
                                                                  -115.181485,
                                                                  36.11922
                                                              ],
                                                              [
                                                                  -115.181479,
                                                                  36.119266
                                                              ],
                                                              [
                                                                  -115.181475,
                                                                  36.11931
                                                              ],
                                                              [
                                                                  -115.181469,
                                                                  36.119349
                                                              ],
                                                              [
                                                                  -115.181461,
                                                                  36.119389
                                                              ],
                                                              [
                                                                  -115.181455,
                                                                  36.11942
                                                              ],
                                                              [
                                                                  -115.181445,
                                                                  36.11945
                                                              ],
                                                              [
                                                                  -115.181435,
                                                                  36.11949
                                                              ],
                                                              [
                                                                  -115.181425,
                                                                  36.11952
                                                              ],
                                                              [
                                                                  -115.181405,
                                                                  36.11957
                                                              ],
                                                              [
                                                                  -115.181388,
                                                                  36.119598
                                                              ],
                                                              [
                                                                  -115.181376,
                                                                  36.11962
                                                              ],
                                                              [
                                                                  -115.181355,
                                                                  36.11967
                                                              ],
                                                              [
                                                                  -115.181335,
                                                                  36.11971
                                                              ],
                                                              [
                                                                  -115.181315,
                                                                  36.11974
                                                              ],
                                                              [
                                                                  -115.181295,
                                                                  36.11977
                                                              ],
                                                              [
                                                                  -115.181225,
                                                                  36.11985
                                                              ],
                                                              [
                                                                  -115.181135,
                                                                  36.11997
                                                              ],
                                                              [
                                                                  -115.181115,
                                                                  36.11999
                                                              ],
                                                              [
                                                                  -115.181055,
                                                                  36.12004
                                                              ],
                                                              [
                                                                  -115.181045,
                                                                  36.12005
                                                              ],
                                                              [
                                                                  -115.180995,
                                                                  36.12009
                                                              ],
                                                              [
                                                                  -115.180935,
                                                                  36.12014
                                                              ],
                                                              [
                                                                  -115.180915,
                                                                  36.12015
                                                              ],
                                                              [
                                                                  -115.180845,
                                                                  36.12019
                                                              ],
                                                              [
                                                                  -115.180755,
                                                                  36.12026
                                                              ],
                                                              [
                                                                  -115.180645,
                                                                  36.12033
                                                              ],
                                                              [
                                                                  -115.180605,
                                                                  36.12036
                                                              ],
                                                              [
                                                                  -115.180575,
                                                                  36.12038
                                                              ],
                                                              [
                                                                  -115.180455,
                                                                  36.12044
                                                              ],
                                                              [
                                                                  -115.180385,
                                                                  36.12048
                                                              ],
                                                              [
                                                                  -115.180325,
                                                                  36.12051
                                                              ],
                                                              [
                                                                  -115.180155,
                                                                  36.12062
                                                              ],
                                                              [
                                                                  -115.180065,
                                                                  36.12068
                                                              ],
                                                              [
                                                                  -115.17998,
                                                                  36.120738
                                                              ],
                                                              [
                                                                  -115.17981,
                                                                  36.120895
                                                              ],
                                                              [
                                                                  -115.179758,
                                                                  36.120944
                                                              ],
                                                              [
                                                                  -115.179692,
                                                                  36.121013
                                                              ],
                                                              [
                                                                  -115.179636,
                                                                  36.121059
                                                              ],
                                                              [
                                                                  -115.179584,
                                                                  36.121132
                                                              ],
                                                              [
                                                                  -115.179523,
                                                                  36.12123
                                                              ],
                                                              [
                                                                  -115.179314,
                                                                  36.121559
                                                              ],
                                                              [
                                                                  -115.17922,
                                                                  36.121691
                                                              ],
                                                              [
                                                                  -115.179059,
                                                                  36.121947
                                                              ],
                                                              [
                                                                  -115.178877,
                                                                  36.12224
                                                              ],
                                                              [
                                                                  -115.178734,
                                                                  36.122478
                                                              ],
                                                              [
                                                                  -115.178615,
                                                                  36.122675
                                                              ],
                                                              [
                                                                  -115.178565,
                                                                  36.12279
                                                              ],
                                                              [
                                                                  -115.17852,
                                                                  36.122874
                                                              ],
                                                              [
                                                                  -115.178414,
                                                                  36.12306
                                                              ],
                                                              [
                                                                  -115.17821,
                                                                  36.12344
                                                              ],
                                                              [
                                                                  -115.177977,
                                                                  36.123844
                                                              ],
                                                              [
                                                                  -115.177869,
                                                                  36.124034
                                                              ],
                                                              [
                                                                  -115.177763,
                                                                  36.124214
                                                              ],
                                                              [
                                                                  -115.177657,
                                                                  36.124371
                                                              ],
                                                              [
                                                                  -115.177486,
                                                                  36.124647
                                                              ],
                                                              [
                                                                  -115.177427,
                                                                  36.124739
                                                              ],
                                                              [
                                                                  -115.176954,
                                                                  36.125459
                                                              ],
                                                              [
                                                                  -115.176888,
                                                                  36.12556
                                                              ],
                                                              [
                                                                  -115.17665,
                                                                  36.125965
                                                              ],
                                                              [
                                                                  -115.176544,
                                                                  36.126089
                                                              ],
                                                              [
                                                                  -115.176444,
                                                                  36.126219
                                                              ],
                                                              [
                                                                  -115.176251,
                                                                  36.126485
                                                              ],
                                                              [
                                                                  -115.176182,
                                                                  36.126617
                                                              ],
                                                              [
                                                                  -115.176073,
                                                                  36.126785
                                                              ],
                                                              [
                                                                  -115.17597,
                                                                  36.126944
                                                              ],
                                                              [
                                                                  -115.175843,
                                                                  36.127129
                                                              ],
                                                              [
                                                                  -115.175705,
                                                                  36.127343
                                                              ],
                                                              [
                                                                  -115.175648,
                                                                  36.127422
                                                              ],
                                                              [
                                                                  -115.175549,
                                                                  36.127526
                                                              ],
                                                              [
                                                                  -115.175405,
                                                                  36.127741
                                                              ],
                                                              [
                                                                  -115.175369,
                                                                  36.127766
                                                              ],
                                                              [
                                                                  -115.175325,
                                                                  36.127757
                                                              ],
                                                              [
                                                                  -115.175286,
                                                                  36.127747
                                                              ],
                                                              [
                                                                  -115.175274,
                                                                  36.127743
                                                              ],
                                                              [
                                                                  -115.175255,
                                                                  36.12774
                                                              ],
                                                              [
                                                                  -115.175235,
                                                                  36.12773
                                                              ],
                                                              [
                                                                  -115.175195,
                                                                  36.12772
                                                              ],
                                                              [
                                                                  -115.175125,
                                                                  36.1277
                                                              ],
                                                              [
                                                                  -115.175075,
                                                                  36.12769
                                                              ],
                                                              [
                                                                  -115.17502,
                                                                  36.127684
                                                              ],
                                                              [
                                                                  -115.174993,
                                                                  36.127673
                                                              ],
                                                              [
                                                                  -115.175045,
                                                                  36.127358
                                                              ],
                                                              [
                                                                  -115.175054,
                                                                  36.127294
                                                              ],
                                                              [
                                                                  -115.175056,
                                                                  36.127214
                                                              ],
                                                              [
                                                                  -115.175036,
                                                                  36.127174
                                                              ],
                                                              [
                                                                  -115.175007,
                                                                  36.127152
                                                              ],
                                                              [
                                                                  -115.174975,
                                                                  36.127141
                                                              ],
                                                              [
                                                                  -115.174845,
                                                                  36.127121
                                                              ],
                                                              [
                                                                  -115.174637,
                                                                  36.127094
                                                              ],
                                                              [
                                                                  -115.174565,
                                                                  36.127087
                                                              ],
                                                              [
                                                                  -115.174496,
                                                                  36.12708
                                                              ],
                                                              [
                                                                  -115.174385,
                                                                  36.12707
                                                              ],
                                                              [
                                                                  -115.174045,
                                                                  36.127044
                                                              ],
                                                              [
                                                                  -115.174003,
                                                                  36.127041
                                                              ],
                                                              [
                                                                  -115.173928,
                                                                  36.127034
                                                              ],
                                                              [
                                                                  -115.173914,
                                                                  36.127029
                                                              ],
                                                              [
                                                                  -115.173896,
                                                                  36.127021
                                                              ],
                                                              [
                                                                  -115.173885,
                                                                  36.127011
                                                              ],
                                                              [
                                                                  -115.173879,
                                                                  36.127
                                                              ],
                                                              [
                                                                  -115.173877,
                                                                  36.126991
                                                              ],
                                                              [
                                                                  -115.173878,
                                                                  36.126981
                                                              ],
                                                              [
                                                                  -115.173914,
                                                                  36.126801
                                                              ],
                                                              [
                                                                  -115.173944,
                                                                  36.126586
                                                              ],
                                                              [
                                                                  -115.173943,
                                                                  36.126543
                                                              ],
                                                              [
                                                                  -115.173928,
                                                                  36.126512
                                                              ],
                                                              [
                                                                  -115.173888,
                                                                  36.126486
                                                              ],
                                                              [
                                                                  -115.173863,
                                                                  36.126474
                                                              ],
                                                              [
                                                                  -115.173706,
                                                                  36.126444
                                                              ],
                                                              [
                                                                  -115.173676,
                                                                  36.126437
                                                              ],
                                                              [
                                                                  -115.173515,
                                                                  36.126394
                                                              ],
                                                              [
                                                                  -115.173455,
                                                                  36.126379
                                                              ],
                                                              [
                                                                  -115.173274,
                                                                  36.126326
                                                              ],
                                                              [
                                                                  -115.173205,
                                                                  36.126304
                                                              ],
                                                              [
                                                                  -115.1731,
                                                                  36.126272
                                                              ],
                                                              [
                                                                  -115.172514,
                                                                  36.126052
                                                              ],
                                                              [
                                                                  -115.172316,
                                                                  36.126042
                                                              ],
                                                              [
                                                                  -115.1722594,
                                                                  36.1260453
                                                              ],
                                                              [
                                                                  -115.1722699,
                                                                  36.1261503
                                                              ],
                                                              [
                                                                  -115.1723311,
                                                                  36.1262175
                                                              ],
                                                              [
                                                                  -115.1724106,
                                                                  36.1262349
                                                              ]
                                                          ],
                                          "type":  "LineString"
                                      }
                     }
                 ]
}
