{
    "type":  "FeatureCollection",
    "features":  [
                     {
                         "type":  "Feature",
                         "properties":  {
                                            "name":  "Directions from 6775 W Patrick Ln, Las Vegas, NV 89118, USA to 100 Spring Mountain Rd, Las Vegas, NV 89109, USA"
                                        },
                         "geometry":  {
                                          "coordinates":  [
                                                              [
                                                                  -115.23994,
                                                                  36.07791
                                                              ],
                                                              [
                                                                  -115.23962,
                                                                  36.07791
                                                              ],
                                                              [
                                                                  -115.23926,
                                                                  36.07792
                                                              ],
                                                              [
                                                                  -115.2388,
                                                                  36.07793
                                                              ],
                                                              [
                                                                  -115.23819,
                                                                  36.07793
                                                              ],
                                                              [
                                                                  -115.23757,
                                                                  36.07795
                                                              ],
                                                              [
                                                                  -115.23595,
                                                                  36.078
                                                              ],
                                                              [
                                                                  -115.23518,
                                                                  36.07798
                                                              ],
                                                              [
                                                                  -115.23451,
                                                                  36.07799
                                                              ],
                                                              [
                                                                  -115.23371,
                                                                  36.07801
                                                              ],
                                                              [
                                                                  -115.23375,
                                                                  36.07854
                                                              ],
                                                              [
                                                                  -115.23376,
                                                                  36.07872
                                                              ],
                                                              [
                                                                  -115.23381,
                                                                  36.07979
                                                              ],
                                                              [
                                                                  -115.23381,
                                                                  36.07982
                                                              ],
                                                              [
                                                                  -115.23386,
                                                                  36.08086
                                                              ],
                                                              [
                                                                  -115.2339,
                                                                  36.08163
                                                              ],
                                                              [
                                                                  -115.23399,
                                                                  36.08345
                                                              ],
                                                              [
                                                                  -115.23404,
                                                                  36.08467
                                                              ],
                                                              [
                                                                  -115.23404,
                                                                  36.08468
                                                              ],
                                                              [
                                                                  -115.23403,
                                                                  36.08472
                                                              ],
                                                              [
                                                                  -115.23403,
                                                                  36.08478
                                                              ],
                                                              [
                                                                  -115.23403,
                                                                  36.08486
                                                              ],
                                                              [
                                                                  -115.23402,
                                                                  36.08487
                                                              ],
                                                              [
                                                                  -115.23402,
                                                                  36.08489
                                                              ],
                                                              [
                                                                  -115.23402,
                                                                  36.085
                                                              ],
                                                              [
                                                                  -115.23406,
                                                                  36.08526
                                                              ],
                                                              [
                                                                  -115.23343,
                                                                  36.08527
                                                              ],
                                                              [
                                                                  -115.23337,
                                                                  36.08527
                                                              ],
                                                              [
                                                                  -115.23255,
                                                                  36.08528
                                                              ],
                                                              [
                                                                  -115.23187,
                                                                  36.08529
                                                              ],
                                                              [
                                                                  -115.23073,
                                                                  36.0853
                                                              ],
                                                              [
                                                                  -115.2297,
                                                                  36.08532
                                                              ],
                                                              [
                                                                  -115.22906,
                                                                  36.08532
                                                              ],
                                                              [
                                                                  -115.22868,
                                                                  36.08534
                                                              ],
                                                              [
                                                                  -115.22749,
                                                                  36.08535
                                                              ],
                                                              [
                                                                  -115.22695,
                                                                  36.08536
                                                              ],
                                                              [
                                                                  -115.22675,
                                                                  36.08532
                                                              ],
                                                              [
                                                                  -115.22658,
                                                                  36.08531
                                                              ],
                                                              [
                                                                  -115.22628,
                                                                  36.08531
                                                              ],
                                                              [
                                                                  -115.22541,
                                                                  36.08534
                                                              ],
                                                              [
                                                                  -115.22534,
                                                                  36.08534
                                                              ],
                                                              [
                                                                  -115.22523,
                                                                  36.08534
                                                              ],
                                                              [
                                                                  -115.22451,
                                                                  36.08537
                                                              ],
                                                              [
                                                                  -115.22426,
                                                                  36.08538
                                                              ],
                                                              [
                                                                  -115.22421,
                                                                  36.0854
                                                              ],
                                                              [
                                                                  -115.22417,
                                                                  36.08542
                                                              ],
                                                              [
                                                                  -115.22412,
                                                                  36.08546
                                                              ],
                                                              [
                                                                  -115.22384,
                                                                  36.08548
                                                              ],
                                                              [
                                                                  -115.22314,
                                                                  36.08552
                                                              ],
                                                              [
                                                                  -115.22201,
                                                                  36.08558
                                                              ],
                                                              [
                                                                  -115.22185,
                                                                  36.08559
                                                              ],
                                                              [
                                                                  -115.22096,
                                                                  36.08563
                                                              ],
                                                              [
                                                                  -115.22007,
                                                                  36.08568
                                                              ],
                                                              [
                                                                  -115.21877,
                                                                  36.08575
                                                              ],
                                                              [
                                                                  -115.21825,
                                                                  36.08579
                                                              ],
                                                              [
                                                                  -115.21789,
                                                                  36.0858
                                                              ],
                                                              [
                                                                  -115.21737,
                                                                  36.08583
                                                              ],
                                                              [
                                                                  -115.21661,
                                                                  36.08588
                                                              ],
                                                              [
                                                                  -115.21565,
                                                                  36.08594
                                                              ],
                                                              [
                                                                  -115.21521,
                                                                  36.08597
                                                              ],
                                                              [
                                                                  -115.21452,
                                                                  36.086
                                                              ],
                                                              [
                                                                  -115.21402,
                                                                  36.08604
                                                              ],
                                                              [
                                                                  -115.2138,
                                                                  36.08605
                                                              ],
                                                              [
                                                                  -115.21358,
                                                                  36.08606
                                                              ],
                                                              [
                                                                  -115.21314,
                                                                  36.08609
                                                              ],
                                                              [
                                                                  -115.21291,
                                                                  36.0861
                                                              ],
                                                              [
                                                                  -115.21225,
                                                                  36.08612
                                                              ],
                                                              [
                                                                  -115.21158,
                                                                  36.08614
                                                              ],
                                                              [
                                                                  -115.21113,
                                                                  36.08617
                                                              ],
                                                              [
                                                                  -115.21096,
                                                                  36.08617
                                                              ],
                                                              [
                                                                  -115.21009,
                                                                  36.08622
                                                              ],
                                                              [
                                                                  -115.20973,
                                                                  36.08624
                                                              ],
                                                              [
                                                                  -115.20959,
                                                                  36.08625
                                                              ],
                                                              [
                                                                  -115.20934,
                                                                  36.08626
                                                              ],
                                                              [
                                                                  -115.20927,
                                                                  36.08623
                                                              ],
                                                              [
                                                                  -115.2092,
                                                                  36.08623
                                                              ],
                                                              [
                                                                  -115.20915,
                                                                  36.08623
                                                              ],
                                                              [
                                                                  -115.20913,
                                                                  36.08623
                                                              ],
                                                              [
                                                                  -115.20909,
                                                                  36.08624
                                                              ],
                                                              [
                                                                  -115.20895,
                                                                  36.08624
                                                              ],
                                                              [
                                                                  -115.20804,
                                                                  36.08629
                                                              ],
                                                              [
                                                                  -115.20781,
                                                                  36.08627
                                                              ],
                                                              [
                                                                  -115.20692,
                                                                  36.08627
                                                              ],
                                                              [
                                                                  -115.20665,
                                                                  36.08628
                                                              ],
                                                              [
                                                                  -115.20659,
                                                                  36.08629
                                                              ],
                                                              [
                                                                  -115.20654,
                                                                  36.0863
                                                              ],
                                                              [
                                                                  -115.20649,
                                                                  36.08631
                                                              ],
                                                              [
                                                                  -115.20646,
                                                                  36.08633
                                                              ],
                                                              [
                                                                  -115.20643,
                                                                  36.08636
                                                              ],
                                                              [
                                                                  -115.20632,
                                                                  36.08636
                                                              ],
                                                              [
                                                                  -115.20618,
                                                                  36.08636
                                                              ],
                                                              [
                                                                  -115.20573,
                                                                  36.08636
                                                              ],
                                                              [
                                                                  -115.20494,
                                                                  36.08636
                                                              ],
                                                              [
                                                                  -115.2048,
                                                                  36.08636
                                                              ],
                                                              [
                                                                  -115.20462,
                                                                  36.08635
                                                              ],
                                                              [
                                                                  -115.20436,
                                                                  36.08635
                                                              ],
                                                              [
                                                                  -115.20386,
                                                                  36.08635
                                                              ],
                                                              [
                                                                  -115.2033,
                                                                  36.08635
                                                              ],
                                                              [
                                                                  -115.20279,
                                                                  36.08635
                                                              ],
                                                              [
                                                                  -115.20255,
                                                                  36.08635
                                                              ],
                                                              [
                                                                  -115.20215,
                                                                  36.08634
                                                              ],
                                                              [
                                                                  -115.20196,
                                                                  36.08634
                                                              ],
                                                              [
                                                                  -115.20195,
                                                                  36.08634
                                                              ],
                                                              [
                                                                  -115.20151,
                                                                  36.08634
                                                              ],
                                                              [
                                                                  -115.20106,
                                                                  36.08634
                                                              ],
                                                              [
                                                                  -115.20039,
                                                                  36.08634
                                                              ],
                                                              [
                                                                  -115.20033,
                                                                  36.08634
                                                              ],
                                                              [
                                                                  -115.20019,
                                                                  36.08634
                                                              ],
                                                              [
                                                                  -115.19999,
                                                                  36.08634
                                                              ],
                                                              [
                                                                  -115.19919,
                                                                  36.08633
                                                              ],
                                                              [
                                                                  -115.19845,
                                                                  36.08634
                                                              ],
                                                              [
                                                                  -115.19812,
                                                                  36.08634
                                                              ],
                                                              [
                                                                  -115.19806,
                                                                  36.08634
                                                              ],
                                                              [
                                                                  -115.19782,
                                                                  36.08634
                                                              ],
                                                              [
                                                                  -115.1969,
                                                                  36.08634
                                                              ],
                                                              [
                                                                  -115.1965,
                                                                  36.08634
                                                              ],
                                                              [
                                                                  -115.19585,
                                                                  36.08634
                                                              ],
                                                              [
                                                                  -115.19531,
                                                                  36.08635
                                                              ],
                                                              [
                                                                  -115.1952,
                                                                  36.08631
                                                              ],
                                                              [
                                                                  -115.19452,
                                                                  36.08633
                                                              ],
                                                              [
                                                                  -115.19427,
                                                                  36.08634
                                                              ],
                                                              [
                                                                  -115.19302,
                                                                  36.08635
                                                              ],
                                                              [
                                                                  -115.1927,
                                                                  36.08635
                                                              ],
                                                              [
                                                                  -115.19224,
                                                                  36.08633
                                                              ],
                                                              [
                                                                  -115.19172,
                                                                  36.08633
                                                              ],
                                                              [
                                                                  -115.19166,
                                                                  36.08633
                                                              ],
                                                              [
                                                                  -115.19155,
                                                                  36.08633
                                                              ],
                                                              [
                                                                  -115.19117,
                                                                  36.08633
                                                              ],
                                                              [
                                                                  -115.19109,
                                                                  36.08628
                                                              ],
                                                              [
                                                                  -115.19069,
                                                                  36.08628
                                                              ],
                                                              [
                                                                  -115.18997,
                                                                  36.08627
                                                              ],
                                                              [
                                                                  -115.18979,
                                                                  36.08626
                                                              ],
                                                              [
                                                                  -115.18978,
                                                                  36.08631
                                                              ],
                                                              [
                                                                  -115.18977,
                                                                  36.08637
                                                              ],
                                                              [
                                                                  -115.18977,
                                                                  36.08657
                                                              ],
                                                              [
                                                                  -115.18978,
                                                                  36.08672
                                                              ],
                                                              [
                                                                  -115.18978,
                                                                  36.08708
                                                              ],
                                                              [
                                                                  -115.1898,
                                                                  36.08725
                                                              ],
                                                              [
                                                                  -115.18981,
                                                                  36.08759
                                                              ],
                                                              [
                                                                  -115.18981,
                                                                  36.08812
                                                              ],
                                                              [
                                                                  -115.18981,
                                                                  36.08819
                                                              ],
                                                              [
                                                                  -115.1898,
                                                                  36.08837
                                                              ],
                                                              [
                                                                  -115.18981,
                                                                  36.08864
                                                              ],
                                                              [
                                                                  -115.1898,
                                                                  36.08895
                                                              ],
                                                              [
                                                                  -115.1898,
                                                                  36.08913
                                                              ],
                                                              [
                                                                  -115.1898,
                                                                  36.08946
                                                              ],
                                                              [
                                                                  -115.1898,
                                                                  36.08967
                                                              ],
                                                              [
                                                                  -115.1898,
                                                                  36.08976
                                                              ],
                                                              [
                                                                  -115.1898,
                                                                  36.08998
                                                              ],
                                                              [
                                                                  -115.18986,
                                                                  36.09011
                                                              ],
                                                              [
                                                                  -115.18986,
                                                                  36.09019
                                                              ],
                                                              [
                                                                  -115.18986,
                                                                  36.09025
                                                              ],
                                                              [
                                                                  -115.18986,
                                                                  36.09039
                                                              ],
                                                              [
                                                                  -115.18985,
                                                                  36.09063
                                                              ],
                                                              [
                                                                  -115.18985,
                                                                  36.09072
                                                              ],
                                                              [
                                                                  -115.18985,
                                                                  36.09086
                                                              ],
                                                              [
                                                                  -115.18985,
                                                                  36.09097
                                                              ],
                                                              [
                                                                  -115.18985,
                                                                  36.09112
                                                              ],
                                                              [
                                                                  -115.18985,
                                                                  36.09123
                                                              ],
                                                              [
                                                                  -115.18985,
                                                                  36.0918
                                                              ],
                                                              [
                                                                  -115.18984,
                                                                  36.09232
                                                              ],
                                                              [
                                                                  -115.18984,
                                                                  36.09263
                                                              ],
                                                              [
                                                                  -115.18984,
                                                                  36.09268
                                                              ],
                                                              [
                                                                  -115.18984,
                                                                  36.09273
                                                              ],
                                                              [
                                                                  -115.18986,
                                                                  36.09281
                                                              ],
                                                              [
                                                                  -115.1898,
                                                                  36.09285
                                                              ],
                                                              [
                                                                  -115.18979,
                                                                  36.09286
                                                              ],
                                                              [
                                                                  -115.18979,
                                                                  36.09288
                                                              ],
                                                              [
                                                                  -115.18979,
                                                                  36.09323
                                                              ],
                                                              [
                                                                  -115.18979,
                                                                  36.09359
                                                              ],
                                                              [
                                                                  -115.18977,
                                                                  36.09366
                                                              ],
                                                              [
                                                                  -115.18977,
                                                                  36.09386
                                                              ],
                                                              [
                                                                  -115.18977,
                                                                  36.09426
                                                              ],
                                                              [
                                                                  -115.18978,
                                                                  36.09444
                                                              ],
                                                              [
                                                                  -115.18986,
                                                                  36.09452
                                                              ],
                                                              [
                                                                  -115.18986,
                                                                  36.09461
                                                              ],
                                                              [
                                                                  -115.18986,
                                                                  36.09497
                                                              ],
                                                              [
                                                                  -115.18986,
                                                                  36.09524
                                                              ],
                                                              [
                                                                  -115.18986,
                                                                  36.09543
                                                              ],
                                                              [
                                                                  -115.18985,
                                                                  36.09595
                                                              ],
                                                              [
                                                                  -115.18985,
                                                                  36.09604
                                                              ],
                                                              [
                                                                  -115.18985,
                                                                  36.09618
                                                              ],
                                                              [
                                                                  -115.18985,
                                                                  36.09642
                                                              ],
                                                              [
                                                                  -115.18985,
                                                                  36.09674
                                                              ],
                                                              [
                                                                  -115.18985,
                                                                  36.09684
                                                              ],
                                                              [
                                                                  -115.18985,
                                                                  36.09725
                                                              ],
                                                              [
                                                                  -115.18985,
                                                                  36.09798
                                                              ],
                                                              [
                                                                  -115.18985,
                                                                  36.09867
                                                              ],
                                                              [
                                                                  -115.18985,
                                                                  36.09879
                                                              ],
                                                              [
                                                                  -115.18985,
                                                                  36.09908
                                                              ],
                                                              [
                                                                  -115.18985,
                                                                  36.09967
                                                              ],
                                                              [
                                                                  -115.18985,
                                                                  36.0999
                                                              ],
                                                              [
                                                                  -115.18987,
                                                                  36.09999
                                                              ],
                                                              [
                                                                  -115.18985,
                                                                  36.1001
                                                              ],
                                                              [
                                                                  -115.18983,
                                                                  36.1002
                                                              ],
                                                              [
                                                                  -115.18983,
                                                                  36.10022
                                                              ],
                                                              [
                                                                  -115.1898,
                                                                  36.10041
                                                              ],
                                                              [
                                                                  -115.18979,
                                                                  36.10047
                                                              ],
                                                              [
                                                                  -115.18977,
                                                                  36.10083
                                                              ],
                                                              [
                                                                  -115.18978,
                                                                  36.10097
                                                              ],
                                                              [
                                                                  -115.18981,
                                                                  36.10102
                                                              ],
                                                              [
                                                                  -115.18984,
                                                                  36.10108
                                                              ],
                                                              [
                                                                  -115.18984,
                                                                  36.10114
                                                              ],
                                                              [
                                                                  -115.18983,
                                                                  36.10137
                                                              ],
                                                              [
                                                                  -115.18983,
                                                                  36.10146
                                                              ],
                                                              [
                                                                  -115.18983,
                                                                  36.10154
                                                              ],
                                                              [
                                                                  -115.18986,
                                                                  36.10171
                                                              ],
                                                              [
                                                                  -115.18988,
                                                                  36.10189
                                                              ],
                                                              [
                                                                  -115.18989,
                                                                  36.10194
                                                              ],
                                                              [
                                                                  -115.18989,
                                                                  36.10216
                                                              ],
                                                              [
                                                                  -115.18989,
                                                                  36.10227
                                                              ],
                                                              [
                                                                  -115.18989,
                                                                  36.10234
                                                              ],
                                                              [
                                                                  -115.18988,
                                                                  36.10288
                                                              ],
                                                              [
                                                                  -115.18988,
                                                                  36.10316
                                                              ],
                                                              [
                                                                  -115.18988,
                                                                  36.10362
                                                              ],
                                                              [
                                                                  -115.18988,
                                                                  36.10375
                                                              ],
                                                              [
                                                                  -115.18988,
                                                                  36.10397
                                                              ],
                                                              [
                                                                  -115.18988,
                                                                  36.10438
                                                              ],
                                                              [
                                                                  -115.18988,
                                                                  36.10445
                                                              ],
                                                              [
                                                                  -115.18987,
                                                                  36.10457
                                                              ],
                                                              [
                                                                  -115.18986,
                                                                  36.10461
                                                              ],
                                                              [
                                                                  -115.1898,
                                                                  36.10466
                                                              ],
                                                              [
                                                                  -115.1898,
                                                                  36.10557
                                                              ],
                                                              [
                                                                  -115.18977,
                                                                  36.10593
                                                              ],
                                                              [
                                                                  -115.18976,
                                                                  36.10599
                                                              ],
                                                              [
                                                                  -115.18975,
                                                                  36.10606
                                                              ],
                                                              [
                                                                  -115.18974,
                                                                  36.10612
                                                              ],
                                                              [
                                                                  -115.18973,
                                                                  36.10617
                                                              ],
                                                              [
                                                                  -115.18972,
                                                                  36.10623
                                                              ],
                                                              [
                                                                  -115.18971,
                                                                  36.10628
                                                              ],
                                                              [
                                                                  -115.18967,
                                                                  36.10645
                                                              ],
                                                              [
                                                                  -115.18959,
                                                                  36.10651
                                                              ],
                                                              [
                                                                  -115.18958,
                                                                  36.10651
                                                              ],
                                                              [
                                                                  -115.18958,
                                                                  36.10653
                                                              ],
                                                              [
                                                                  -115.18957,
                                                                  36.10655
                                                              ],
                                                              [
                                                                  -115.18952,
                                                                  36.10665
                                                              ],
                                                              [
                                                                  -115.18947,
                                                                  36.10676
                                                              ],
                                                              [
                                                                  -115.18946,
                                                                  36.10678
                                                              ],
                                                              [
                                                                  -115.18945,
                                                                  36.10679
                                                              ],
                                                              [
                                                                  -115.18944,
                                                                  36.1068
                                                              ],
                                                              [
                                                                  -115.18944,
                                                                  36.10681
                                                              ],
                                                              [
                                                                  -115.18944,
                                                                  36.10682
                                                              ],
                                                              [
                                                                  -115.18934,
                                                                  36.10697
                                                              ],
                                                              [
                                                                  -115.18932,
                                                                  36.107
                                                              ],
                                                              [
                                                                  -115.18926,
                                                                  36.10708
                                                              ],
                                                              [
                                                                  -115.18924,
                                                                  36.10711
                                                              ],
                                                              [
                                                                  -115.18923,
                                                                  36.10713
                                                              ],
                                                              [
                                                                  -115.1892,
                                                                  36.10716
                                                              ],
                                                              [
                                                                  -115.18911,
                                                                  36.10729
                                                              ],
                                                              [
                                                                  -115.18901,
                                                                  36.10743
                                                              ],
                                                              [
                                                                  -115.18899,
                                                                  36.10746
                                                              ],
                                                              [
                                                                  -115.1889,
                                                                  36.10759
                                                              ],
                                                              [
                                                                  -115.18889,
                                                                  36.1076
                                                              ],
                                                              [
                                                                  -115.18887,
                                                                  36.10763
                                                              ],
                                                              [
                                                                  -115.18881,
                                                                  36.10771
                                                              ],
                                                              [
                                                                  -115.1888,
                                                                  36.10773
                                                              ],
                                                              [
                                                                  -115.18879,
                                                                  36.10774
                                                              ],
                                                              [
                                                                  -115.18877,
                                                                  36.10776
                                                              ],
                                                              [
                                                                  -115.18871,
                                                                  36.10785
                                                              ],
                                                              [
                                                                  -115.1887,
                                                                  36.10787
                                                              ],
                                                              [
                                                                  -115.18869,
                                                                  36.10789
                                                              ],
                                                              [
                                                                  -115.18868,
                                                                  36.1079
                                                              ],
                                                              [
                                                                  -115.18867,
                                                                  36.10791
                                                              ],
                                                              [
                                                                  -115.18867,
                                                                  36.10792
                                                              ],
                                                              [
                                                                  -115.18863,
                                                                  36.10799
                                                              ],
                                                              [
                                                                  -115.18859,
                                                                  36.10806
                                                              ],
                                                              [
                                                                  -115.18858,
                                                                  36.10806
                                                              ],
                                                              [
                                                                  -115.18857,
                                                                  36.10808
                                                              ],
                                                              [
                                                                  -115.18851,
                                                                  36.10816
                                                              ],
                                                              [
                                                                  -115.18847,
                                                                  36.10819
                                                              ],
                                                              [
                                                                  -115.18844,
                                                                  36.10821
                                                              ],
                                                              [
                                                                  -115.18839,
                                                                  36.10826
                                                              ],
                                                              [
                                                                  -115.18829,
                                                                  36.10833
                                                              ],
                                                              [
                                                                  -115.18824,
                                                                  36.10836
                                                              ],
                                                              [
                                                                  -115.18814,
                                                                  36.10839
                                                              ],
                                                              [
                                                                  -115.18811,
                                                                  36.1084
                                                              ],
                                                              [
                                                                  -115.18808,
                                                                  36.10841
                                                              ],
                                                              [
                                                                  -115.18798,
                                                                  36.10842
                                                              ],
                                                              [
                                                                  -115.18785,
                                                                  36.10843
                                                              ],
                                                              [
                                                                  -115.18776,
                                                                  36.10843
                                                              ],
                                                              [
                                                                  -115.18773,
                                                                  36.10843
                                                              ],
                                                              [
                                                                  -115.18762,
                                                                  36.10842
                                                              ],
                                                              [
                                                                  -115.18754,
                                                                  36.10841
                                                              ],
                                                              [
                                                                  -115.18753,
                                                                  36.1084
                                                              ],
                                                              [
                                                                  -115.18751,
                                                                  36.1084
                                                              ],
                                                              [
                                                                  -115.18749,
                                                                  36.1084
                                                              ],
                                                              [
                                                                  -115.18747,
                                                                  36.10839
                                                              ],
                                                              [
                                                                  -115.18742,
                                                                  36.10839
                                                              ],
                                                              [
                                                                  -115.18739,
                                                                  36.10839
                                                              ],
                                                              [
                                                                  -115.18732,
                                                                  36.10841
                                                              ],
                                                              [
                                                                  -115.1872,
                                                                  36.10839
                                                              ],
                                                              [
                                                                  -115.18708,
                                                                  36.10836
                                                              ],
                                                              [
                                                                  -115.18687,
                                                                  36.10833
                                                              ],
                                                              [
                                                                  -115.18642,
                                                                  36.10826
                                                              ],
                                                              [
                                                                  -115.1862,
                                                                  36.10823
                                                              ],
                                                              [
                                                                  -115.18597,
                                                                  36.1082
                                                              ],
                                                              [
                                                                  -115.18588,
                                                                  36.10819
                                                              ],
                                                              [
                                                                  -115.18562,
                                                                  36.10816
                                                              ],
                                                              [
                                                                  -115.18553,
                                                                  36.10815
                                                              ],
                                                              [
                                                                  -115.18493,
                                                                  36.10813
                                                              ],
                                                              [
                                                                  -115.18473,
                                                                  36.10813
                                                              ],
                                                              [
                                                                  -115.18431,
                                                                  36.10812
                                                              ],
                                                              [
                                                                  -115.184,
                                                                  36.10811
                                                              ],
                                                              [
                                                                  -115.1834,
                                                                  36.1081
                                                              ],
                                                              [
                                                                  -115.1834,
                                                                  36.10822
                                                              ],
                                                              [
                                                                  -115.18338,
                                                                  36.10833
                                                              ],
                                                              [
                                                                  -115.18332,
                                                                  36.10863
                                                              ],
                                                              [
                                                                  -115.18325,
                                                                  36.10877
                                                              ],
                                                              [
                                                                  -115.18321,
                                                                  36.10886
                                                              ],
                                                              [
                                                                  -115.18315,
                                                                  36.10888
                                                              ],
                                                              [
                                                                  -115.18308,
                                                                  36.10891
                                                              ],
                                                              [
                                                                  -115.18304,
                                                                  36.10892
                                                              ],
                                                              [
                                                                  -115.18302,
                                                                  36.10893
                                                              ],
                                                              [
                                                                  -115.18298,
                                                                  36.10893
                                                              ],
                                                              [
                                                                  -115.18295,
                                                                  36.10894
                                                              ],
                                                              [
                                                                  -115.18291,
                                                                  36.10894
                                                              ],
                                                              [
                                                                  -115.18287,
                                                                  36.10894
                                                              ],
                                                              [
                                                                  -115.18259,
                                                                  36.10894
                                                              ],
                                                              [
                                                                  -115.18246,
                                                                  36.10893
                                                              ],
                                                              [
                                                                  -115.18243,
                                                                  36.10893
                                                              ],
                                                              [
                                                                  -115.18234,
                                                                  36.10893
                                                              ],
                                                              [
                                                                  -115.18226,
                                                                  36.10892
                                                              ],
                                                              [
                                                                  -115.18198,
                                                                  36.1089
                                                              ],
                                                              [
                                                                  -115.18188,
                                                                  36.10889
                                                              ],
                                                              [
                                                                  -115.1818,
                                                                  36.10889
                                                              ],
                                                              [
                                                                  -115.18176,
                                                                  36.10888
                                                              ],
                                                              [
                                                                  -115.18168,
                                                                  36.10888
                                                              ],
                                                              [
                                                                  -115.1816,
                                                                  36.10888
                                                              ],
                                                              [
                                                                  -115.1815,
                                                                  36.10888
                                                              ],
                                                              [
                                                                  -115.18123,
                                                                  36.10888
                                                              ],
                                                              [
                                                                  -115.18122,
                                                                  36.10941
                                                              ],
                                                              [
                                                                  -115.18121,
                                                                  36.10965
                                                              ],
                                                              [
                                                                  -115.18121,
                                                                  36.1098
                                                              ],
                                                              [
                                                                  -115.1812,
                                                                  36.10987
                                                              ],
                                                              [
                                                                  -115.1812,
                                                                  36.10995
                                                              ],
                                                              [
                                                                  -115.18121,
                                                                  36.11004
                                                              ],
                                                              [
                                                                  -115.18121,
                                                                  36.11013
                                                              ],
                                                              [
                                                                  -115.18122,
                                                                  36.11031
                                                              ],
                                                              [
                                                                  -115.18124,
                                                                  36.11058
                                                              ],
                                                              [
                                                                  -115.18125,
                                                                  36.1108
                                                              ],
                                                              [
                                                                  -115.18127,
                                                                  36.11108
                                                              ],
                                                              [
                                                                  -115.18128,
                                                                  36.1112
                                                              ],
                                                              [
                                                                  -115.18129,
                                                                  36.11129
                                                              ],
                                                              [
                                                                  -115.18129,
                                                                  36.11133
                                                              ],
                                                              [
                                                                  -115.1813,
                                                                  36.11137
                                                              ],
                                                              [
                                                                  -115.18131,
                                                                  36.11143
                                                              ],
                                                              [
                                                                  -115.18133,
                                                                  36.11147
                                                              ],
                                                              [
                                                                  -115.18135,
                                                                  36.11154
                                                              ],
                                                              [
                                                                  -115.18135,
                                                                  36.11155
                                                              ],
                                                              [
                                                                  -115.18138,
                                                                  36.11161
                                                              ],
                                                              [
                                                                  -115.18141,
                                                                  36.11168
                                                              ],
                                                              [
                                                                  -115.18145,
                                                                  36.11175
                                                              ],
                                                              [
                                                                  -115.18146,
                                                                  36.11176
                                                              ],
                                                              [
                                                                  -115.18148,
                                                                  36.1118
                                                              ],
                                                              [
                                                                  -115.18152,
                                                                  36.11185
                                                              ],
                                                              [
                                                                  -115.18156,
                                                                  36.1119
                                                              ],
                                                              [
                                                                  -115.18158,
                                                                  36.11192
                                                              ],
                                                              [
                                                                  -115.18159,
                                                                  36.11193
                                                              ],
                                                              [
                                                                  -115.18159,
                                                                  36.11202
                                                              ],
                                                              [
                                                                  -115.18162,
                                                                  36.11204
                                                              ],
                                                              [
                                                                  -115.18174,
                                                                  36.11216
                                                              ],
                                                              [
                                                                  -115.1818,
                                                                  36.11221
                                                              ],
                                                              [
                                                                  -115.18187,
                                                                  36.11226
                                                              ],
                                                              [
                                                                  -115.18207,
                                                                  36.1124
                                                              ],
                                                              [
                                                                  -115.18212,
                                                                  36.11243
                                                              ],
                                                              [
                                                                  -115.1823,
                                                                  36.11255
                                                              ],
                                                              [
                                                                  -115.18252,
                                                                  36.11269
                                                              ],
                                                              [
                                                                  -115.18288,
                                                                  36.11293
                                                              ],
                                                              [
                                                                  -115.18296,
                                                                  36.11299
                                                              ],
                                                              [
                                                                  -115.18305,
                                                                  36.11308
                                                              ],
                                                              [
                                                                  -115.18313,
                                                                  36.11316
                                                              ],
                                                              [
                                                                  -115.18319,
                                                                  36.11325
                                                              ],
                                                              [
                                                                  -115.18322,
                                                                  36.1133
                                                              ],
                                                              [
                                                                  -115.18328,
                                                                  36.11339
                                                              ],
                                                              [
                                                                  -115.1833,
                                                                  36.11344
                                                              ],
                                                              [
                                                                  -115.18334,
                                                                  36.11354
                                                              ],
                                                              [
                                                                  -115.18338,
                                                                  36.11363
                                                              ],
                                                              [
                                                                  -115.18338,
                                                                  36.11385
                                                              ],
                                                              [
                                                                  -115.18339,
                                                                  36.11414
                                                              ],
                                                              [
                                                                  -115.18339,
                                                                  36.11471
                                                              ],
                                                              [
                                                                  -115.18345,
                                                                  36.1148
                                                              ],
                                                              [
                                                                  -115.18344,
                                                                  36.11495
                                                              ],
                                                              [
                                                                  -115.18344,
                                                                  36.11508
                                                              ],
                                                              [
                                                                  -115.18343,
                                                                  36.11519
                                                              ],
                                                              [
                                                                  -115.18342,
                                                                  36.11522
                                                              ],
                                                              [
                                                                  -115.1834,
                                                                  36.11531
                                                              ],
                                                              [
                                                                  -115.18338,
                                                                  36.11538
                                                              ],
                                                              [
                                                                  -115.18334,
                                                                  36.11547
                                                              ],
                                                              [
                                                                  -115.18328,
                                                                  36.11558
                                                              ],
                                                              [
                                                                  -115.18321,
                                                                  36.11572
                                                              ],
                                                              [
                                                                  -115.18314,
                                                                  36.11585
                                                              ],
                                                              [
                                                                  -115.18308,
                                                                  36.11598
                                                              ],
                                                              [
                                                                  -115.1829,
                                                                  36.11632
                                                              ],
                                                              [
                                                                  -115.18281,
                                                                  36.11637
                                                              ],
                                                              [
                                                                  -115.18274,
                                                                  36.11651
                                                              ],
                                                              [
                                                                  -115.18264,
                                                                  36.11669
                                                              ],
                                                              [
                                                                  -115.18253,
                                                                  36.1169
                                                              ],
                                                              [
                                                                  -115.18237,
                                                                  36.1172
                                                              ],
                                                              [
                                                                  -115.18228,
                                                                  36.11736
                                                              ],
                                                              [
                                                                  -115.18223,
                                                                  36.11746
                                                              ],
                                                              [
                                                                  -115.18218,
                                                                  36.11755
                                                              ],
                                                              [
                                                                  -115.18216,
                                                                  36.1176
                                                              ],
                                                              [
                                                                  -115.18213,
                                                                  36.11765
                                                              ],
                                                              [
                                                                  -115.18209,
                                                                  36.1177
                                                              ],
                                                              [
                                                                  -115.18206,
                                                                  36.11776
                                                              ],
                                                              [
                                                                  -115.18201,
                                                                  36.11782
                                                              ],
                                                              [
                                                                  -115.18186,
                                                                  36.11802
                                                              ],
                                                              [
                                                                  -115.18183,
                                                                  36.11805
                                                              ],
                                                              [
                                                                  -115.18181,
                                                                  36.11808
                                                              ],
                                                              [
                                                                  -115.18179,
                                                                  36.11811
                                                              ],
                                                              [
                                                                  -115.18177,
                                                                  36.11813
                                                              ],
                                                              [
                                                                  -115.18175,
                                                                  36.11816
                                                              ],
                                                              [
                                                                  -115.18174,
                                                                  36.11819
                                                              ],
                                                              [
                                                                  -115.18172,
                                                                  36.11822
                                                              ],
                                                              [
                                                                  -115.1817,
                                                                  36.11825
                                                              ],
                                                              [
                                                                  -115.18168,
                                                                  36.11828
                                                              ],
                                                              [
                                                                  -115.18167,
                                                                  36.1183
                                                              ],
                                                              [
                                                                  -115.18166,
                                                                  36.11833
                                                              ],
                                                              [
                                                                  -115.18164,
                                                                  36.11837
                                                              ],
                                                              [
                                                                  -115.18162,
                                                                  36.1184
                                                              ],
                                                              [
                                                                  -115.18161,
                                                                  36.11843
                                                              ],
                                                              [
                                                                  -115.1816,
                                                                  36.11846
                                                              ],
                                                              [
                                                                  -115.18159,
                                                                  36.11848
                                                              ],
                                                              [
                                                                  -115.18158,
                                                                  36.11851
                                                              ],
                                                              [
                                                                  -115.18157,
                                                                  36.11854
                                                              ],
                                                              [
                                                                  -115.18156,
                                                                  36.11857
                                                              ],
                                                              [
                                                                  -115.18155,
                                                                  36.11862
                                                              ],
                                                              [
                                                                  -115.18154,
                                                                  36.11865
                                                              ],
                                                              [
                                                                  -115.18153,
                                                                  36.11869
                                                              ],
                                                              [
                                                                  -115.18152,
                                                                  36.11872
                                                              ],
                                                              [
                                                                  -115.18152,
                                                                  36.11875
                                                              ],
                                                              [
                                                                  -115.18151,
                                                                  36.1188
                                                              ],
                                                              [
                                                                  -115.1815,
                                                                  36.11885
                                                              ],
                                                              [
                                                                  -115.1815,
                                                                  36.11889
                                                              ],
                                                              [
                                                                  -115.1815,
                                                                  36.11892
                                                              ],
                                                              [
                                                                  -115.1815,
                                                                  36.11895
                                                              ],
                                                              [
                                                                  -115.1815,
                                                                  36.11899
                                                              ],
                                                              [
                                                                  -115.1815,
                                                                  36.11902
                                                              ],
                                                              [
                                                                  -115.18149,
                                                                  36.11918
                                                              ],
                                                              [
                                                                  -115.18149,
                                                                  36.1192
                                                              ],
                                                              [
                                                                  -115.18149,
                                                                  36.11922
                                                              ],
                                                              [
                                                                  -115.18149,
                                                                  36.11927
                                                              ],
                                                              [
                                                                  -115.18148,
                                                                  36.11931
                                                              ],
                                                              [
                                                                  -115.18148,
                                                                  36.11935
                                                              ],
                                                              [
                                                                  -115.18147,
                                                                  36.11939
                                                              ],
                                                              [
                                                                  -115.18146,
                                                                  36.11942
                                                              ],
                                                              [
                                                                  -115.18145,
                                                                  36.11945
                                                              ],
                                                              [
                                                                  -115.18144,
                                                                  36.11949
                                                              ],
                                                              [
                                                                  -115.18143,
                                                                  36.11952
                                                              ],
                                                              [
                                                                  -115.18142,
                                                                  36.11954
                                                              ],
                                                              [
                                                                  -115.18142,
                                                                  36.11955
                                                              ],
                                                              [
                                                                  -115.18141,
                                                                  36.11957
                                                              ],
                                                              [
                                                                  -115.1814,
                                                                  36.1196
                                                              ],
                                                              [
                                                                  -115.18139,
                                                                  36.11962
                                                              ],
                                                              [
                                                                  -115.18138,
                                                                  36.11964
                                                              ],
                                                              [
                                                                  -115.18136,
                                                                  36.11967
                                                              ],
                                                              [
                                                                  -115.18134,
                                                                  36.11971
                                                              ],
                                                              [
                                                                  -115.18132,
                                                                  36.11974
                                                              ],
                                                              [
                                                                  -115.1813,
                                                                  36.11977
                                                              ],
                                                              [
                                                                  -115.18123,
                                                                  36.11985
                                                              ],
                                                              [
                                                                  -115.18114,
                                                                  36.11997
                                                              ],
                                                              [
                                                                  -115.18112,
                                                                  36.11999
                                                              ],
                                                              [
                                                                  -115.18106,
                                                                  36.12004
                                                              ],
                                                              [
                                                                  -115.18105,
                                                                  36.12005
                                                              ],
                                                              [
                                                                  -115.181,
                                                                  36.12009
                                                              ],
                                                              [
                                                                  -115.18094,
                                                                  36.12014
                                                              ],
                                                              [
                                                                  -115.18092,
                                                                  36.12015
                                                              ],
                                                              [
                                                                  -115.18085,
                                                                  36.12019
                                                              ],
                                                              [
                                                                  -115.18076,
                                                                  36.12026
                                                              ],
                                                              [
                                                                  -115.18065,
                                                                  36.12033
                                                              ],
                                                              [
                                                                  -115.18061,
                                                                  36.12036
                                                              ],
                                                              [
                                                                  -115.18058,
                                                                  36.12038
                                                              ],
                                                              [
                                                                  -115.18046,
                                                                  36.12044
                                                              ],
                                                              [
                                                                  -115.18039,
                                                                  36.12048
                                                              ],
                                                              [
                                                                  -115.18033,
                                                                  36.12051
                                                              ],
                                                              [
                                                                  -115.18016,
                                                                  36.12062
                                                              ],
                                                              [
                                                                  -115.18007,
                                                                  36.12068
                                                              ],
                                                              [
                                                                  -115.18,
                                                                  36.12074
                                                              ],
                                                              [
                                                                  -115.17983,
                                                                  36.1209
                                                              ],
                                                              [
                                                                  -115.17978,
                                                                  36.12095
                                                              ],
                                                              [
                                                                  -115.17973,
                                                                  36.12102
                                                              ],
                                                              [
                                                                  -115.17969,
                                                                  36.12107
                                                              ],
                                                              [
                                                                  -115.17964,
                                                                  36.12114
                                                              ],
                                                              [
                                                                  -115.17958,
                                                                  36.12124
                                                              ],
                                                              [
                                                                  -115.17937,
                                                                  36.12158
                                                              ],
                                                              [
                                                                  -115.17934,
                                                                  36.12174
                                                              ],
                                                              [
                                                                  -115.17919,
                                                                  36.12199
                                                              ],
                                                              [
                                                                  -115.179,
                                                                  36.1223
                                                              ],
                                                              [
                                                                  -115.17886,
                                                                  36.12253
                                                              ],
                                                              [
                                                                  -115.17874,
                                                                  36.12274
                                                              ],
                                                              [
                                                                  -115.1786,
                                                                  36.1228
                                                              ],
                                                              [
                                                                  -115.17856,
                                                                  36.12288
                                                              ],
                                                              [
                                                                  -115.17845,
                                                                  36.12307
                                                              ],
                                                              [
                                                                  -115.17823,
                                                                  36.12345
                                                              ],
                                                              [
                                                                  -115.17801,
                                                                  36.12387
                                                              ],
                                                              [
                                                                  -115.1779,
                                                                  36.12405
                                                              ],
                                                              [
                                                                  -115.17779,
                                                                  36.12423
                                                              ],
                                                              [
                                                                  -115.17769,
                                                                  36.12439
                                                              ],
                                                              [
                                                                  -115.17752,
                                                                  36.12466
                                                              ],
                                                              [
                                                                  -115.17747,
                                                                  36.12475
                                                              ],
                                                              [
                                                                  -115.17699,
                                                                  36.12548
                                                              ],
                                                              [
                                                                  -115.17693,
                                                                  36.12557
                                                              ],
                                                              [
                                                                  -115.17666,
                                                                  36.12597
                                                              ],
                                                              [
                                                                  -115.17628,
                                                                  36.12651
                                                              ],
                                                              [
                                                                  -115.17621,
                                                                  36.12663
                                                              ],
                                                              [
                                                                  -115.17609,
                                                                  36.1268
                                                              ],
                                                              [
                                                                  -115.17599,
                                                                  36.12696
                                                              ],
                                                              [
                                                                  -115.17586,
                                                                  36.12715
                                                              ],
                                                              [
                                                                  -115.17573,
                                                                  36.12736
                                                              ],
                                                              [
                                                                  -115.17568,
                                                                  36.12744
                                                              ],
                                                              [
                                                                  -115.17562,
                                                                  36.12753
                                                              ],
                                                              [
                                                                  -115.17545,
                                                                  36.12781
                                                              ],
                                                              [
                                                                  -115.1754,
                                                                  36.12779
                                                              ],
                                                              [
                                                                  -115.17533,
                                                                  36.12776
                                                              ],
                                                              [
                                                                  -115.17529,
                                                                  36.12775
                                                              ],
                                                              [
                                                                  -115.17528,
                                                                  36.12775
                                                              ],
                                                              [
                                                                  -115.17526,
                                                                  36.12774
                                                              ],
                                                              [
                                                                  -115.17524,
                                                                  36.12773
                                                              ],
                                                              [
                                                                  -115.1752,
                                                                  36.12772
                                                              ],
                                                              [
                                                                  -115.17513,
                                                                  36.1277
                                                              ],
                                                              [
                                                                  -115.17508,
                                                                  36.12769
                                                              ],
                                                              [
                                                                  -115.17502,
                                                                  36.12769
                                                              ],
                                                              [
                                                                  -115.17499,
                                                                  36.12769
                                                              ],
                                                              [
                                                                  -115.17504,
                                                                  36.12736
                                                              ],
                                                              [
                                                                  -115.17505,
                                                                  36.1273
                                                              ],
                                                              [
                                                                  -115.17505,
                                                                  36.12722
                                                              ],
                                                              [
                                                                  -115.17504,
                                                                  36.12718
                                                              ],
                                                              [
                                                                  -115.17501,
                                                                  36.12716
                                                              ],
                                                              [
                                                                  -115.17498,
                                                                  36.12715
                                                              ],
                                                              [
                                                                  -115.17485,
                                                                  36.12713
                                                              ],
                                                              [
                                                                  -115.17464,
                                                                  36.1271
                                                              ],
                                                              [
                                                                  -115.17457,
                                                                  36.12709
                                                              ],
                                                              [
                                                                  -115.1745,
                                                                  36.12709
                                                              ],
                                                              [
                                                                  -115.17439,
                                                                  36.12707
                                                              ],
                                                              [
                                                                  -115.17405,
                                                                  36.12705
                                                              ],
                                                              [
                                                                  -115.17401,
                                                                  36.12705
                                                              ],
                                                              [
                                                                  -115.17393,
                                                                  36.12704
                                                              ],
                                                              [
                                                                  -115.17392,
                                                                  36.12704
                                                              ],
                                                              [
                                                                  -115.1739,
                                                                  36.12703
                                                              ],
                                                              [
                                                                  -115.17389,
                                                                  36.12702
                                                              ],
                                                              [
                                                                  -115.17388,
                                                                  36.12701
                                                              ],
                                                              [
                                                                  -115.17387,
                                                                  36.127
                                                              ],
                                                              [
                                                                  -115.17387,
                                                                  36.12699
                                                              ],
                                                              [
                                                                  -115.17391,
                                                                  36.12678
                                                              ],
                                                              [
                                                                  -115.17394,
                                                                  36.12658
                                                              ],
                                                              [
                                                                  -115.17394,
                                                                  36.12655
                                                              ],
                                                              [
                                                                  -115.17392,
                                                                  36.12652
                                                              ],
                                                              [
                                                                  -115.17389,
                                                                  36.12649
                                                              ],
                                                              [
                                                                  -115.17387,
                                                                  36.12649
                                                              ],
                                                              [
                                                                  -115.17371,
                                                                  36.12645
                                                              ],
                                                              [
                                                                  -115.17369,
                                                                  36.12645
                                                              ],
                                                              [
                                                                  -115.17352,
                                                                  36.1264
                                                              ],
                                                              [
                                                                  -115.17346,
                                                                  36.12639
                                                              ],
                                                              [
                                                                  -115.17328,
                                                                  36.12633
                                                              ],
                                                              [
                                                                  -115.17321,
                                                                  36.12631
                                                              ],
                                                              [
                                                                  -115.1731,
                                                                  36.12628
                                                              ],
                                                              [
                                                                  -115.17305,
                                                                  36.12626
                                                              ],
                                                              [
                                                                  -115.17294,
                                                                  36.12622
                                                              ]
                                                          ],
                                          "type":  "LineString"
                                      }
                     }
                 ]
}
