{
    "type":  "FeatureCollection",
    "features":  [
                     {
                         "type":  "Feature",
                         "properties":  {
                                            "name":  "KH to ZONE B CEASARS RIDESHARE"
                                        },
                         "geometry":  {
                                          "coordinates":  [
                                                              [
                                                                  -115.239943,
                                                                  36.077727
                                                              ],
                                                              [
                                                                  -115.239896,
                                                                  36.077825
                                                              ],
                                                              [
                                                                  -115.239587,
                                                                  36.077841
                                                              ],
                                                              [
                                                                  -115.239231,
                                                                  36.077854
                                                              ],
                                                              [
                                                                  -115.238748,
                                                                  36.077907
                                                              ],
                                                              [
                                                                  -115.238474,
                                                                  36.077912
                                                              ],
                                                              [
                                                                  -115.238171,
                                                                  36.077911
                                                              ],
                                                              [
                                                                  -115.237868,
                                                                  36.077922
                                                              ],
                                                              [
                                                                  -115.237555,
                                                                  36.077925
                                                              ],
                                                              [
                                                                  -115.236724,
                                                                  36.077943
                                                              ],
                                                              [
                                                                  -115.236333,
                                                                  36.077957
                                                              ],
                                                              [
                                                                  -115.235934,
                                                                  36.077968
                                                              ],
                                                              [
                                                                  -115.235172,
                                                                  36.07796
                                                              ],
                                                              [
                                                                  -115.23484,
                                                                  36.077964
                                                              ],
                                                              [
                                                                  -115.234484,
                                                                  36.077968
                                                              ],
                                                              [
                                                                  -115.234085,
                                                                  36.077979
                                                              ],
                                                              [
                                                                  -115.233682,
                                                                  36.077992
                                                              ],
                                                              [
                                                                  -115.233704,
                                                                  36.078265
                                                              ],
                                                              [
                                                                  -115.233724,
                                                                  36.078541
                                                              ],
                                                              [
                                                                  -115.233738,
                                                                  36.078722
                                                              ],
                                                              [
                                                                  -115.233768,
                                                                  36.079256
                                                              ],
                                                              [
                                                                  -115.233773,
                                                                  36.079528
                                                              ],
                                                              [
                                                                  -115.23378,
                                                                  36.079666
                                                              ],
                                                              [
                                                                  -115.233784,
                                                                  36.079786
                                                              ],
                                                              [
                                                                  -115.233793,
                                                                  36.07984
                                                              ],
                                                              [
                                                                  -115.233814,
                                                                  36.080349
                                                              ],
                                                              [
                                                                  -115.233822,
                                                                  36.080608
                                                              ],
                                                              [
                                                                  -115.23384,
                                                                  36.080881
                                                              ],
                                                              [
                                                                  -115.233854,
                                                                  36.08126
                                                              ],
                                                              [
                                                                  -115.233865,
                                                                  36.081449
                                                              ],
                                                              [
                                                                  -115.23387,
                                                                  36.081631
                                                              ],
                                                              [
                                                                  -115.233909,
                                                                  36.082549
                                                              ],
                                                              [
                                                                  -115.233932,
                                                                  36.082999
                                                              ],
                                                              [
                                                                  -115.233941,
                                                                  36.083226
                                                              ],
                                                              [
                                                                  -115.23394,
                                                                  36.083352
                                                              ],
                                                              [
                                                                  -115.233949,
                                                                  36.083462
                                                              ],
                                                              [
                                                                  -115.233982,
                                                                  36.084067
                                                              ],
                                                              [
                                                                  -115.233996,
                                                                  36.084373
                                                              ],
                                                              [
                                                                  -115.233998,
                                                                  36.084524
                                                              ],
                                                              [
                                                                  -115.234,
                                                                  36.084601
                                                              ],
                                                              [
                                                                  -115.233979,
                                                                  36.084682
                                                              ],
                                                              [
                                                                  -115.233973,
                                                                  36.084717
                                                              ],
                                                              [
                                                                  -115.233971,
                                                                  36.084743
                                                              ],
                                                              [
                                                                  -115.233963,
                                                                  36.084798
                                                              ],
                                                              [
                                                                  -115.233962,
                                                                  36.08487
                                                              ],
                                                              [
                                                                  -115.233966,
                                                                  36.084912
                                                              ],
                                                              [
                                                                  -115.233966,
                                                                  36.084936
                                                              ],
                                                              [
                                                                  -115.233971,
                                                                  36.085017
                                                              ],
                                                              [
                                                                  -115.233964,
                                                                  36.085071
                                                              ],
                                                              [
                                                                  -115.233951,
                                                                  36.085119
                                                              ],
                                                              [
                                                                  -115.233889,
                                                                  36.085188
                                                              ],
                                                              [
                                                                  -115.233722,
                                                                  36.085193
                                                              ],
                                                              [
                                                                  -115.23343,
                                                                  36.085197
                                                              ],
                                                              [
                                                                  -115.233335,
                                                                  36.085201
                                                              ],
                                                              [
                                                                  -115.232955,
                                                                  36.085229
                                                              ],
                                                              [
                                                                  -115.232533,
                                                                  36.085242
                                                              ],
                                                              [
                                                                  -115.232196,
                                                                  36.085243
                                                              ],
                                                              [
                                                                  -115.231855,
                                                                  36.085255
                                                              ],
                                                              [
                                                                  -115.231289,
                                                                  36.085261
                                                              ],
                                                              [
                                                                  -115.231007,
                                                                  36.085267
                                                              ],
                                                              [
                                                                  -115.230865,
                                                                  36.085269
                                                              ],
                                                              [
                                                                  -115.230719,
                                                                  36.085273
                                                              ],
                                                              [
                                                                  -115.230202,
                                                                  36.085281
                                                              ],
                                                              [
                                                                  -115.229944,
                                                                  36.085283
                                                              ],
                                                              [
                                                                  -115.229692,
                                                                  36.085288
                                                              ],
                                                              [
                                                                  -115.229372,
                                                                  36.085293
                                                              ],
                                                              [
                                                                  -115.229049,
                                                                  36.085297
                                                              ],
                                                              [
                                                                  -115.22861,
                                                                  36.085306
                                                              ],
                                                              [
                                                                  -115.228082,
                                                                  36.085312
                                                              ],
                                                              [
                                                                  -115.2277873,
                                                                  36.0853128
                                                              ],
                                                              [
                                                                  -115.22749,
                                                                  36.0853328
                                                              ],
                                                              [
                                                                  -115.2272197,
                                                                  36.0853415
                                                              ],
                                                              [
                                                                  -115.2270527,
                                                                  36.0853454
                                                              ],
                                                              [
                                                                  -115.2269071,
                                                                  36.0853666
                                                              ],
                                                              [
                                                                  -115.2267513,
                                                                  36.0853395
                                                              ],
                                                              [
                                                                  -115.226576,
                                                                  36.0853425
                                                              ],
                                                              [
                                                                  -115.226335,
                                                                  36.0853566
                                                              ],
                                                              [
                                                                  -115.2262386,
                                                                  36.0853266
                                                              ],
                                                              [
                                                                  -115.22523,
                                                                  36.0853541
                                                              ],
                                                              [
                                                                  -115.224264,
                                                                  36.0854071
                                                              ],
                                                              [
                                                                  -115.2237027,
                                                                  36.0854484
                                                              ],
                                                              [
                                                                  -115.2231413,
                                                                  36.0854745
                                                              ],
                                                              [
                                                                  -115.2220087,
                                                                  36.085541
                                                              ],
                                                              [
                                                                  -115.2209587,
                                                                  36.085591
                                                              ],
                                                              [
                                                                  -115.22007,
                                                                  36.0856432
                                                              ],
                                                              [
                                                                  -115.2187687,
                                                                  36.0857164
                                                              ],
                                                              [
                                                                  -115.217894,
                                                                  36.0857621
                                                              ],
                                                              [
                                                                  -115.2166087,
                                                                  36.0858334
                                                              ],
                                                              [
                                                                  -115.215646,
                                                                  36.0858945
                                                              ],
                                                              [
                                                                  -115.21452,
                                                                  36.0859534
                                                              ],
                                                              [
                                                                  -115.213576,
                                                                  36.086008
                                                              ],
                                                              [
                                                                  -115.212902,
                                                                  36.0860436
                                                              ],
                                                              [
                                                                  -115.2123385,
                                                                  36.0860712
                                                              ],
                                                              [
                                                                  -115.2121489,
                                                                  36.0860933
                                                              ],
                                                              [
                                                                  -115.2119593,
                                                                  36.0861024
                                                              ],
                                                              [
                                                                  -115.21158,
                                                                  36.0861162
                                                              ],
                                                              [
                                                                  -115.21096,
                                                                  36.0861516
                                                              ],
                                                              [
                                                                  -115.2100833,
                                                                  36.0861951
                                                              ],
                                                              [
                                                                  -115.2093427,
                                                                  36.0862329
                                                              ],
                                                              [
                                                                  -115.2092566,
                                                                  36.0862506
                                                              ],
                                                              [
                                                                  -115.20909,
                                                                  36.0862725
                                                              ],
                                                              [
                                                                  -115.2089151,
                                                                  36.0862617
                                                              ],
                                                              [
                                                                  -115.2084769,
                                                                  36.0862775
                                                              ],
                                                              [
                                                                  -115.2080387,
                                                                  36.0862998
                                                              ],
                                                              [
                                                                  -115.2074224,
                                                                  36.0863058
                                                              ],
                                                              [
                                                                  -115.20665,
                                                                  36.0863038
                                                              ],
                                                              [
                                                                  -115.2064887,
                                                                  36.0863187
                                                              ],
                                                              [
                                                                  -115.2061813,
                                                                  36.0863188
                                                              ],
                                                              [
                                                                  -115.20573,
                                                                  36.0863166
                                                              ],
                                                              [
                                                                  -115.2049387,
                                                                  36.0863145
                                                              ],
                                                              [
                                                                  -115.2048,
                                                                  36.0863177
                                                              ],
                                                              [
                                                                  -115.2046052,
                                                                  36.086337
                                                              ],
                                                              [
                                                                  -115.2044538,
                                                                  36.0863375
                                                              ],
                                                              [
                                                                  -115.2042997,
                                                                  36.0863121
                                                              ],
                                                              [
                                                                  -115.20386,
                                                                  36.0863045
                                                              ],
                                                              [
                                                                  -115.203304,
                                                                  36.0863077
                                                              ],
                                                              [
                                                                  -115.2027927,
                                                                  36.0863088
                                                              ],
                                                              [
                                                                  -115.20215,
                                                                  36.0863064
                                                              ],
                                                              [
                                                                  -115.20151,
                                                                  36.0863086
                                                              ],
                                                              [
                                                                  -115.2010613,
                                                                  36.086301
                                                              ],
                                                              [
                                                                  -115.2003913,
                                                                  36.0863021
                                                              ],
                                                              [
                                                                  -115.1998143,
                                                                  36.0862999
                                                              ],
                                                              [
                                                                  -115.1991887,
                                                                  36.0862953
                                                              ],
                                                              [
                                                                  -115.1984634,
                                                                  36.0862934
                                                              ],
                                                              [
                                                                  -115.1978227,
                                                                  36.0862956
                                                              ],
                                                              [
                                                                  -115.1968906,
                                                                  36.0862999
                                                              ],
                                                              [
                                                                  -115.1965,
                                                                  36.086301
                                                              ],
                                                              [
                                                                  -115.1958627,
                                                                  36.0863021
                                                              ],
                                                              [
                                                                  -115.1953402,
                                                                  36.0862991
                                                              ],
                                                              [
                                                                  -115.195256,
                                                                  36.0862861
                                                              ],
                                                              [
                                                                  -115.1951718,
                                                                  36.0862753
                                                              ],
                                                              [
                                                                  -115.1948456,
                                                                  36.0862948
                                                              ],
                                                              [
                                                                  -115.1945193,
                                                                  36.0862986
                                                              ],
                                                              [
                                                                  -115.1941962,
                                                                  36.0862934
                                                              ],
                                                              [
                                                                  -115.1936074,
                                                                  36.0863027
                                                              ],
                                                              [
                                                                  -115.193028,
                                                                  36.0863099
                                                              ],
                                                              [
                                                                  -115.1926933,
                                                                  36.0863066
                                                              ],
                                                              [
                                                                  -115.192238,
                                                                  36.086285
                                                              ],
                                                              [
                                                                  -115.1916634,
                                                                  36.0862834
                                                              ],
                                                              [
                                                                  -115.1911861,
                                                                  36.0862845
                                                              ],
                                                              [
                                                                  -115.1906887,
                                                                  36.0862843
                                                              ],
                                                              [
                                                                  -115.1899693,
                                                                  36.0862787
                                                              ],
                                                              [
                                                                  -115.1897967,
                                                                  36.0862968
                                                              ],
                                                              [
                                                                  -115.1897626,
                                                                  36.0864134
                                                              ],
                                                              [
                                                                  -115.1897659,
                                                                  36.08672
                                                              ],
                                                              [
                                                                  -115.1897679,
                                                                  36.0870789
                                                              ],
                                                              [
                                                                  -115.1897879,
                                                                  36.0872527
                                                              ],
                                                              [
                                                                  -115.1897973,
                                                                  36.0875905
                                                              ],
                                                              [
                                                                  -115.1898009,
                                                                  36.0878558
                                                              ],
                                                              [
                                                                  -115.1897979,
                                                                  36.0881195
                                                              ],
                                                              [
                                                                  -115.1897879,
                                                                  36.0883722
                                                              ],
                                                              [
                                                                  -115.1897926,
                                                                  36.0886384
                                                              ],
                                                              [
                                                                  -115.1897866,
                                                                  36.0889495
                                                              ],
                                                              [
                                                                  -115.1897879,
                                                                  36.0891305
                                                              ],
                                                              [
                                                                  -115.1897832,
                                                                  36.0894605
                                                              ],
                                                              [
                                                                  -115.1897866,
                                                                  36.0897611
                                                              ],
                                                              [
                                                                  -115.1897893,
                                                                  36.0899795
                                                              ],
                                                              [
                                                                  -115.1897896,
                                                                  36.0902489
                                                              ],
                                                              [
                                                                  -115.1897856,
                                                                  36.0904241
                                                              ],
                                                              [
                                                                  -115.1897836,
                                                                  36.0906354
                                                              ],
                                                              [
                                                                  -115.1897836,
                                                                  36.090866
                                                              ],
                                                              [
                                                                  -115.1897823,
                                                                  36.091114
                                                              ],
                                                              [
                                                                  -115.1897816,
                                                                  36.0913053
                                                              ],
                                                              [
                                                                  -115.1897789,
                                                                  36.0915559
                                                              ],
                                                              [
                                                                  -115.1897816,
                                                                  36.0918033
                                                              ],
                                                              [
                                                                  -115.1897813,
                                                                  36.0920611
                                                              ],
                                                              [
                                                                  -115.1897803,
                                                                  36.0923135
                                                              ],
                                                              [
                                                                  -115.1897756,
                                                                  36.0926267
                                                              ],
                                                              [
                                                                  -115.1897903,
                                                                  36.0927997
                                                              ],
                                                              [
                                                                  -115.1897766,
                                                                  36.0930523
                                                              ],
                                                              [
                                                                  -115.1897793,
                                                                  36.09323
                                                              ],
                                                              [
                                                                  -115.1897779,
                                                                  36.09341
                                                              ],
                                                              [
                                                                  -115.1897793,
                                                                  36.0935884
                                                              ],
                                                              [
                                                                  -115.189776,
                                                                  36.0938432
                                                              ],
                                                              [
                                                                  -115.1897777,
                                                                  36.0940521
                                                              ],
                                                              [
                                                                  -115.1897774,
                                                                  36.0942589
                                                              ],
                                                              [
                                                                  -115.18978,
                                                                  36.09444
                                                              ],
                                                              [
                                                                  -115.1897755,
                                                                  36.0946105
                                                              ],
                                                              [
                                                                  -115.1897742,
                                                                  36.0948016
                                                              ],
                                                              [
                                                                  -115.1897748,
                                                                  36.0949873
                                                              ],
                                                              [
                                                                  -115.1897675,
                                                                  36.0952411
                                                              ],
                                                              [
                                                                  -115.1897661,
                                                                  36.0954614
                                                              ],
                                                              [
                                                                  -115.1897705,
                                                                  36.0957057
                                                              ],
                                                              [
                                                                  -115.1897715,
                                                                  36.0959402
                                                              ],
                                                              [
                                                                  -115.1897655,
                                                                  36.096167
                                                              ],
                                                              [
                                                                  -115.1897622,
                                                                  36.0964146
                                                              ],
                                                              [
                                                                  -115.1897628,
                                                                  36.0967302
                                                              ],
                                                              [
                                                                  -115.1897756,
                                                                  36.0970363
                                                              ],
                                                              [
                                                                  -115.1897736,
                                                                  36.0972565
                                                              ],
                                                              [
                                                                  -115.1897709,
                                                                  36.0976139
                                                              ],
                                                              [
                                                                  -115.1897682,
                                                                  36.0979713
                                                              ],
                                                              [
                                                                  -115.1897682,
                                                                  36.0983158
                                                              ],
                                                              [
                                                                  -115.1897682,
                                                                  36.0986581
                                                              ],
                                                              [
                                                                  -115.1897648,
                                                                  36.0989269
                                                              ],
                                                              [
                                                                  -115.1897655,
                                                                  36.0990973
                                                              ],
                                                              [
                                                                  -115.1897662,
                                                                  36.0993799
                                                              ],
                                                              [
                                                                  -115.1897655,
                                                                  36.0996624
                                                              ],
                                                              [
                                                                  -115.1897662,
                                                                  36.0997834
                                                              ],
                                                              [
                                                                  -115.1897776,
                                                                  36.0998989
                                                              ],
                                                              [
                                                                  -115.1897874,
                                                                  36.1000365
                                                              ],
                                                              [
                                                                  -115.1897851,
                                                                  36.1001762
                                                              ],
                                                              [
                                                                  -115.1897795,
                                                                  36.100289
                                                              ],
                                                              [
                                                                  -115.1897658,
                                                                  36.1004019
                                                              ],
                                                              [
                                                                  -115.1897445,
                                                                  36.1006473
                                                              ],
                                                              [
                                                                  -115.1897311,
                                                                  36.1008381
                                                              ],
                                                              [
                                                                  -115.18973,
                                                                  36.1011087
                                                              ],
                                                              [
                                                                  -115.1897532,
                                                                  36.1012266
                                                              ],
                                                              [
                                                                  -115.1897495,
                                                                  36.1013467
                                                              ],
                                                              [
                                                                  -115.1897549,
                                                                  36.1015709
                                                              ],
                                                              [
                                                                  -115.1897789,
                                                                  36.1017517
                                                              ],
                                                              [
                                                                  -115.1897955,
                                                                  36.1019411
                                                              ],
                                                              [
                                                                  -115.1898015,
                                                                  36.1021578
                                                              ],
                                                              [
                                                                  -115.189774,
                                                                  36.1023606
                                                              ],
                                                              [
                                                                  -115.189768,
                                                                  36.1026219
                                                              ],
                                                              [
                                                                  -115.1897633,
                                                                  36.1028811
                                                              ],
                                                              [
                                                                  -115.1897673,
                                                                  36.1031475
                                                              ],
                                                              [
                                                                  -115.1897727,
                                                                  36.1033832
                                                              ],
                                                              [
                                                                  -115.189772,
                                                                  36.1036205
                                                              ],
                                                              [
                                                                  -115.1897727,
                                                                  36.1038622
                                                              ],
                                                              [
                                                                  -115.1897667,
                                                                  36.104162
                                                              ],
                                                              [
                                                                  -115.189764,
                                                                  36.1043941
                                                              ],
                                                              [
                                                                  -115.1897594,
                                                                  36.1045894
                                                              ],
                                                              [
                                                                  -115.1897779,
                                                                  36.1046757
                                                              ],
                                                              [
                                                                  -115.1897769,
                                                                  36.1051223
                                                              ],
                                                              [
                                                                  -115.189775,
                                                                  36.1053472
                                                              ],
                                                              [
                                                                  -115.1897759,
                                                                  36.1055657
                                                              ],
                                                              [
                                                                  -115.1897629,
                                                                  36.1057451
                                                              ],
                                                              [
                                                                  -115.1897379,
                                                                  36.1059857
                                                              ],
                                                              [
                                                                  -115.1896919,
                                                                  36.1062724
                                                              ],
                                                              [
                                                                  -115.1896484,
                                                                  36.1064218
                                                              ],
                                                              [
                                                                  -115.1895915,
                                                                  36.1065657
                                                              ],
                                                              [
                                                                  -115.1894608,
                                                                  36.10682
                                                              ],
                                                              [
                                                                  -115.1892754,
                                                                  36.1070849
                                                              ],
                                                              [
                                                                  -115.18911,
                                                                  36.10729
                                                              ],
                                                              [
                                                                  -115.1889793,
                                                                  36.1074546
                                                              ],
                                                              [
                                                                  -115.1888626,
                                                                  36.1076278
                                                              ],
                                                              [
                                                                  -115.1887646,
                                                                  36.1077595
                                                              ],
                                                              [
                                                                  -115.1886613,
                                                                  36.1079195
                                                              ],
                                                              [
                                                                  -115.1885693,
                                                                  36.1080584
                                                              ],
                                                              [
                                                                  -115.1884593,
                                                                  36.1081846
                                                              ],
                                                              [
                                                                  -115.1882665,
                                                                  36.1083192
                                                              ],
                                                              [
                                                                  -115.1880532,
                                                                  36.1083948
                                                              ],
                                                              [
                                                                  -115.1878899,
                                                                  36.1084111
                                                              ],
                                                              [
                                                                  -115.1877266,
                                                                  36.1084067
                                                              ],
                                                              [
                                                                  -115.187557,
                                                                  36.1083935
                                                              ],
                                                              [
                                                                  -115.1874351,
                                                                  36.1083952
                                                              ],
                                                              [
                                                                  -115.18732,
                                                                  36.10841
                                                              ],
                                                              [
                                                                  -115.18708,
                                                                  36.10836
                                                              ],
                                                              [
                                                                  -115.18687,
                                                                  36.10833
                                                              ],
                                                              [
                                                                  -115.18642,
                                                                  36.10826
                                                              ],
                                                              [
                                                                  -115.1862,
                                                                  36.10823
                                                              ],
                                                              [
                                                                  -115.18597,
                                                                  36.1082
                                                              ],
                                                              [
                                                                  -115.1856193,
                                                                  36.1081676
                                                              ],
                                                              [
                                                                  -115.185228,
                                                                  36.1081357
                                                              ],
                                                              [
                                                                  -115.184979,
                                                                  36.108122
                                                              ],
                                                              [
                                                                  -115.18473,
                                                                  36.1081159
                                                              ],
                                                              [
                                                                  -115.18431,
                                                                  36.1081108
                                                              ],
                                                              [
                                                                  -115.184,
                                                                  36.1081051
                                                              ],
                                                              [
                                                                  -115.1834,
                                                                  36.1080946
                                                              ],
                                                              [
                                                                  -115.1833303,
                                                                  36.1082184
                                                              ],
                                                              [
                                                                  -115.1833163,
                                                                  36.108343
                                                              ],
                                                              [
                                                                  -115.1832677,
                                                                  36.1086148
                                                              ],
                                                              [
                                                                  -115.1831903,
                                                                  36.1087711
                                                              ],
                                                              [
                                                                  -115.1831399,
                                                                  36.1088778
                                                              ],
                                                              [
                                                                  -115.1830043,
                                                                  36.1089084
                                                              ],
                                                              [
                                                                  -115.1828633,
                                                                  36.1089151
                                                              ],
                                                              [
                                                                  -115.182588,
                                                                  36.1089124
                                                              ],
                                                              [
                                                                  -115.182424,
                                                                  36.1089083
                                                              ],
                                                              [
                                                                  -115.18226,
                                                                  36.108901
                                                              ],
                                                              [
                                                                  -115.18198,
                                                                  36.1088783
                                                              ],
                                                              [
                                                                  -115.181832,
                                                                  36.1088589
                                                              ],
                                                              [
                                                                  -115.181684,
                                                                  36.1088524
                                                              ],
                                                              [
                                                                  -115.1814128,
                                                                  36.1088459
                                                              ],
                                                              [
                                                                  -115.18123,
                                                                  36.10888
                                                              ],
                                                              [
                                                                  -115.1811843,
                                                                  36.1089314
                                                              ],
                                                              [
                                                                  -115.1811534,
                                                                  36.1089881
                                                              ],
                                                              [
                                                                  -115.1811452,
                                                                  36.1091342
                                                              ],
                                                              [
                                                                  -115.1811395,
                                                                  36.1094078
                                                              ],
                                                              [
                                                                  -115.1811356,
                                                                  36.1096581
                                                              ],
                                                              [
                                                                  -115.1811316,
                                                                  36.1099451
                                                              ],
                                                              [
                                                                  -115.1811419,
                                                                  36.1102216
                                                              ],
                                                              [
                                                                  -115.1811615,
                                                                  36.1105713
                                                              ],
                                                              [
                                                                  -115.1811822,
                                                                  36.1109335
                                                              ],
                                                              [
                                                                  -115.1811995,
                                                                  36.1112027
                                                              ],
                                                              [
                                                                  -115.1812115,
                                                                  36.1113193
                                                              ],
                                                              [
                                                                  -115.1812369,
                                                                  36.1114338
                                                              ],
                                                              [
                                                                  -115.1813089,
                                                                  36.111643
                                                              ],
                                                              [
                                                                  -115.1813583,
                                                                  36.1117367
                                                              ],
                                                              [
                                                                  -115.1814143,
                                                                  36.1118282
                                                              ],
                                                              [
                                                                  -115.1815746,
                                                                  36.1120243
                                                              ],
                                                              [
                                                                  -115.1817266,
                                                                  36.1121746
                                                              ],
                                                              [
                                                                  -115.18187,
                                                                  36.1122855
                                                              ],
                                                              [
                                                                  -115.1821133,
                                                                  36.1124452
                                                              ],
                                                              [
                                                                  -115.1822953,
                                                                  36.1125706
                                                              ],
                                                              [
                                                                  -115.1825006,
                                                                  36.112703
                                                              ],
                                                              [
                                                                  -115.1826849,
                                                                  36.1128252
                                                              ],
                                                              [
                                                                  -115.1828255,
                                                                  36.1129138
                                                              ],
                                                              [
                                                                  -115.1829419,
                                                                  36.11301
                                                              ],
                                                              [
                                                                  -115.1830426,
                                                                  36.1131028
                                                              ],
                                                              [
                                                                  -115.1831679,
                                                                  36.113256
                                                              ],
                                                              [
                                                                  -115.1832498,
                                                                  36.1134003
                                                              ],
                                                              [
                                                                  -115.1833038,
                                                                  36.1135138
                                                              ],
                                                              [
                                                                  -115.1833458,
                                                                  36.1136305
                                                              ],
                                                              [
                                                                  -115.1833726,
                                                                  36.1138495
                                                              ],
                                                              [
                                                                  -115.1833766,
                                                                  36.1141373
                                                              ],
                                                              [
                                                                  -115.1833833,
                                                                  36.1144199
                                                              ],
                                                              [
                                                                  -115.1833706,
                                                                  36.1147084
                                                              ],
                                                              [
                                                                  -115.1833515,
                                                                  36.1150551
                                                              ],
                                                              [
                                                                  -115.1833403,
                                                                  36.1152021
                                                              ],
                                                              [
                                                                  -115.1833022,
                                                                  36.1153459
                                                              ],
                                                              [
                                                                  -115.1832096,
                                                                  36.1155426
                                                              ],
                                                              [
                                                                  -115.1830683,
                                                                  36.1158207
                                                              ],
                                                              [
                                                                  -115.1829183,
                                                                  36.1161115
                                                              ],
                                                              [
                                                                  -115.1827892,
                                                                  36.1163602
                                                              ],
                                                              [
                                                                  -115.1826212,
                                                                  36.1166808
                                                              ],
                                                              [
                                                                  -115.1824292,
                                                                  36.1170402
                                                              ],
                                                              [
                                                                  -115.1823035,
                                                                  36.1172751
                                                              ],
                                                              [
                                                                  -115.1821392,
                                                                  36.1175924
                                                              ],
                                                              [
                                                                  -115.1820696,
                                                                  36.1177057
                                                              ],
                                                              [
                                                                  -115.1819932,
                                                                  36.1178135
                                                              ],
                                                              [
                                                                  -115.1818466,
                                                                  36.1180092
                                                              ],
                                                              [
                                                                  -115.1817032,
                                                                  36.1182124
                                                              ],
                                                              [
                                                                  -115.1816452,
                                                                  36.118315
                                                              ],
                                                              [
                                                                  -115.1815939,
                                                                  36.118424
                                                              ],
                                                              [
                                                                  -115.1815185,
                                                                  36.1186451
                                                              ],
                                                              [
                                                                  -115.1814899,
                                                                  36.11889
                                                              ],
                                                              [
                                                                  -115.1814183,
                                                                  36.1193435
                                                              ],
                                                              [
                                                                  -115.1813851,
                                                                  36.1194853
                                                              ],
                                                              [
                                                                  -115.1813277,
                                                                  36.1196194
                                                              ],
                                                              [
                                                                  -115.1812923,
                                                                  36.1196852
                                                              ],
                                                              [
                                                                  -115.1812475,
                                                                  36.11973
                                                              ],
                                                              [
                                                                  -115.1811599,
                                                                  36.119751
                                                              ],
                                                              [
                                                                  -115.1810407,
                                                                  36.119753
                                                              ],
                                                              [
                                                                  -115.1803893,
                                                                  36.1197546
                                                              ],
                                                              [
                                                                  -115.18014,
                                                                  36.1197524
                                                              ],
                                                              [
                                                                  -115.1800707,
                                                                  36.1197465
                                                              ],
                                                              [
                                                                  -115.1800456,
                                                                  36.1197026
                                                              ],
                                                              [
                                                                  -115.1800502,
                                                                  36.1194622
                                                              ],
                                                              [
                                                                  -115.1800582,
                                                                  36.1191578
                                                              ],
                                                              [
                                                                  -115.1800752,
                                                                  36.1187981
                                                              ],
                                                              [
                                                                  -115.1800829,
                                                                  36.1184533
                                                              ],
                                                              [
                                                                  -115.18006,
                                                                  36.11837
                                                              ],
                                                              [
                                                                  -115.1799134,
                                                                  36.118353
                                                              ],
                                                              [
                                                                  -115.1794774,
                                                                  36.1183259
                                                              ],
                                                              [
                                                                  -115.1790123,
                                                                  36.1183112
                                                              ],
                                                              [
                                                                  -115.1785643,
                                                                  36.1182961
                                                              ],
                                                              [
                                                                  -115.178138,
                                                                  36.118283
                                                              ],
                                                              [
                                                                  -115.1781044,
                                                                  36.1182452
                                                              ],
                                                              [
                                                                  -115.178103,
                                                                  36.118203
                                                              ],
                                                              [
                                                                  -115.1781,
                                                                  36.11814
                                                              ]
                                                          ],
                                          "type":  "LineString"
                                      }
                     }
                 ]
}
